INFO:trading_system:{status} | {event}
INFO:trading_app:Historical data table created with indexes
INFO:trading_system:{status} | {event}
INFO:trading_system:{status} | {event}
INFO:trading_system:{status} | {event}
DEBUG:trading_app:S&P 500 symbols table not available: 0
INFO:trading_system:{status} | {event}
INFO:trading_system:{status} | {event}
DEBUG:trading_app:get_latest_data_date for MMM: result=RealDictRow([('max', datetime.date(2025, 7, 8))]), type=<class 'psycopg2.extras.RealDictRow'>
DEBUG:trading_app:Result is dict, keys=['max']
DEBUG:trading_app:get_latest_data_date for AOS: result=RealDictRow([('max', datetime.date(2025, 7, 8))]), type=<class 'psycopg2.extras.RealDictRow'>
DEBUG:trading_app:Result is dict, keys=['max']
DEBUG:trading_app:get_latest_data_date for ABT: result=RealDictRow([('max', datetime.date(2025, 7, 8))]), type=<class 'psycopg2.extras.RealDictRow'>
DEBUG:trading_app:Result is dict, keys=['max']
DEBUG:trading_app:get_latest_data_date for ABBV: result=RealDictRow([('max', datetime.date(2025, 7, 8))]), type=<class 'psycopg2.extras.RealDictRow'>
DEBUG:trading_app:Result is dict, keys=['max']
DEBUG:trading_app:get_latest_data_date for ACN: result=RealDictRow([('max', datetime.date(2025, 7, 8))]), type=<class 'psycopg2.extras.RealDictRow'>
DEBUG:trading_app:Result is dict, keys=['max']
DEBUG:trading_app:get_latest_data_date for ADBE: result=RealDictRow([('max', datetime.date(2025, 7, 8))]), type=<class 'psycopg2.extras.RealDictRow'>
DEBUG:trading_app:Result is dict, keys=['max']
DEBUG:trading_app:get_latest_data_date for AMD: result=RealDictRow([('max', datetime.date(2025, 7, 8))]), type=<class 'psycopg2.extras.RealDictRow'>
DEBUG:trading_app:Result is dict, keys=['max']
DEBUG:trading_app:get_latest_data_date for AES: result=RealDictRow([('max', datetime.date(2025, 7, 8))]), type=<class 'psycopg2.extras.RealDictRow'>
DEBUG:trading_app:Result is dict, keys=['max']
DEBUG:trading_app:get_latest_data_date for AFL: result=RealDictRow([('max', datetime.date(2025, 7, 8))]), type=<class 'psycopg2.extras.RealDictRow'>
DEBUG:trading_app:Result is dict, keys=['max']
DEBUG:trading_app:get_latest_data_date for APD: result=RealDictRow([('max', datetime.date(2025, 7, 8))]), type=<class 'psycopg2.extras.RealDictRow'>
DEBUG:trading_app:Result is dict, keys=['max']
DEBUG:trading_app:get_latest_data_date for ABNB: result=RealDictRow([('max', datetime.date(2025, 7, 8))]), type=<class 'psycopg2.extras.RealDictRow'>
DEBUG:trading_app:Result is dict, keys=['max']
DEBUG:trading_app:get_latest_data_date for AKAM: result=RealDictRow([('max', datetime.date(2025, 7, 8))]), type=<class 'psycopg2.extras.RealDictRow'>
DEBUG:trading_app:Result is dict, keys=['max']
DEBUG:trading_app:get_latest_data_date for ALB: result=RealDictRow([('max', datetime.date(2025, 7, 8))]), type=<class 'psycopg2.extras.RealDictRow'>
DEBUG:trading_app:Result is dict, keys=['max']
DEBUG:trading_app:get_latest_data_date for ARE: result=RealDictRow([('max', datetime.date(2025, 7, 8))]), type=<class 'psycopg2.extras.RealDictRow'>
DEBUG:trading_app:Result is dict, keys=['max']
DEBUG:trading_app:get_latest_data_date for ALGN: result=RealDictRow([('max', datetime.date(2025, 7, 8))]), type=<class 'psycopg2.extras.RealDictRow'>
DEBUG:trading_app:Result is dict, keys=['max']
DEBUG:trading_app:get_latest_data_date for ALLE: result=RealDictRow([('max', datetime.date(2025, 7, 8))]), type=<class 'psycopg2.extras.RealDictRow'>
DEBUG:trading_app:Result is dict, keys=['max']
DEBUG:trading_app:get_latest_data_date for LNT: result=RealDictRow([('max', datetime.date(2025, 7, 8))]), type=<class 'psycopg2.extras.RealDictRow'>
DEBUG:trading_app:Result is dict, keys=['max']
DEBUG:trading_app:get_latest_data_date for ALL: result=RealDictRow([('max', datetime.date(2025, 7, 8))]), type=<class 'psycopg2.extras.RealDictRow'>
DEBUG:trading_app:Result is dict, keys=['max']
DEBUG:trading_app:get_latest_data_date for GOOGL: result=RealDictRow([('max', datetime.date(2025, 7, 8))]), type=<class 'psycopg2.extras.RealDictRow'>
DEBUG:trading_app:Result is dict, keys=['max']
DEBUG:trading_app:get_latest_data_date for GOOG: result=RealDictRow([('max', datetime.date(2025, 7, 8))]), type=<class 'psycopg2.extras.RealDictRow'>
DEBUG:trading_app:Result is dict, keys=['max']
DEBUG:trading_app:get_latest_data_date for MO: result=RealDictRow([('max', datetime.date(2025, 7, 8))]), type=<class 'psycopg2.extras.RealDictRow'>
DEBUG:trading_app:Result is dict, keys=['max']
DEBUG:trading_app:get_latest_data_date for AMZN: result=RealDictRow([('max', datetime.date(2025, 7, 8))]), type=<class 'psycopg2.extras.RealDictRow'>
DEBUG:trading_app:Result is dict, keys=['max']
DEBUG:trading_app:get_latest_data_date for AMCR: result=RealDictRow([('max', datetime.date(2025, 7, 8))]), type=<class 'psycopg2.extras.RealDictRow'>
DEBUG:trading_app:Result is dict, keys=['max']
DEBUG:trading_app:get_latest_data_date for AEE: result=RealDictRow([('max', datetime.date(2025, 7, 8))]), type=<class 'psycopg2.extras.RealDictRow'>
DEBUG:trading_app:Result is dict, keys=['max']
DEBUG:trading_app:get_latest_data_date for AEP: result=RealDictRow([('max', datetime.date(2025, 7, 8))]), type=<class 'psycopg2.extras.RealDictRow'>
DEBUG:trading_app:Result is dict, keys=['max']
DEBUG:trading_app:get_latest_data_date for AXP: result=RealDictRow([('max', datetime.date(2025, 7, 8))]), type=<class 'psycopg2.extras.RealDictRow'>
DEBUG:trading_app:Result is dict, keys=['max']
DEBUG:trading_app:get_latest_data_date for AIG: result=RealDictRow([('max', datetime.date(2025, 7, 8))]), type=<class 'psycopg2.extras.RealDictRow'>
DEBUG:trading_app:Result is dict, keys=['max']
DEBUG:trading_app:get_latest_data_date for AMT: result=RealDictRow([('max', datetime.date(2025, 7, 8))]), type=<class 'psycopg2.extras.RealDictRow'>
DEBUG:trading_app:Result is dict, keys=['max']
DEBUG:trading_app:get_latest_data_date for AWK: result=RealDictRow([('max', datetime.date(2025, 7, 8))]), type=<class 'psycopg2.extras.RealDictRow'>
DEBUG:trading_app:Result is dict, keys=['max']
DEBUG:trading_app:get_latest_data_date for AMP: result=RealDictRow([('max', datetime.date(2025, 7, 8))]), type=<class 'psycopg2.extras.RealDictRow'>
DEBUG:trading_app:Result is dict, keys=['max']
DEBUG:trading_app:get_latest_data_date for AME: result=RealDictRow([('max', datetime.date(2025, 7, 8))]), type=<class 'psycopg2.extras.RealDictRow'>
DEBUG:trading_app:Result is dict, keys=['max']
DEBUG:trading_app:get_latest_data_date for AMGN: result=RealDictRow([('max', datetime.date(2025, 7, 8))]), type=<class 'psycopg2.extras.RealDictRow'>
DEBUG:trading_app:Result is dict, keys=['max']
DEBUG:trading_app:get_latest_data_date for APH: result=RealDictRow([('max', datetime.date(2025, 7, 8))]), type=<class 'psycopg2.extras.RealDictRow'>
DEBUG:trading_app:Result is dict, keys=['max']
DEBUG:trading_app:get_latest_data_date for ADI: result=RealDictRow([('max', datetime.date(2025, 7, 8))]), type=<class 'psycopg2.extras.RealDictRow'>
DEBUG:trading_app:Result is dict, keys=['max']
DEBUG:trading_app:get_latest_data_date for ANSS: result=RealDictRow([('max', datetime.date(2025, 7, 8))]), type=<class 'psycopg2.extras.RealDictRow'>
DEBUG:trading_app:Result is dict, keys=['max']
DEBUG:trading_app:get_latest_data_date for AON: result=RealDictRow([('max', datetime.date(2025, 7, 8))]), type=<class 'psycopg2.extras.RealDictRow'>
DEBUG:trading_app:Result is dict, keys=['max']
DEBUG:trading_app:get_latest_data_date for APA: result=RealDictRow([('max', datetime.date(2025, 7, 8))]), type=<class 'psycopg2.extras.RealDictRow'>
DEBUG:trading_app:Result is dict, keys=['max']
DEBUG:trading_app:get_latest_data_date for APO: result=RealDictRow([('max', datetime.date(2025, 7, 8))]), type=<class 'psycopg2.extras.RealDictRow'>
DEBUG:trading_app:Result is dict, keys=['max']
DEBUG:trading_app:get_latest_data_date for AAPL: result=RealDictRow([('max', datetime.date(2025, 7, 8))]), type=<class 'psycopg2.extras.RealDictRow'>
DEBUG:trading_app:Result is dict, keys=['max']
DEBUG:trading_app:get_latest_data_date for AMAT: result=RealDictRow([('max', datetime.date(2025, 7, 8))]), type=<class 'psycopg2.extras.RealDictRow'>
DEBUG:trading_app:Result is dict, keys=['max']
DEBUG:trading_app:get_latest_data_date for APTV: result=RealDictRow([('max', datetime.date(2025, 7, 8))]), type=<class 'psycopg2.extras.RealDictRow'>
DEBUG:trading_app:Result is dict, keys=['max']
DEBUG:trading_app:get_latest_data_date for ACGL: result=RealDictRow([('max', datetime.date(2025, 7, 8))]), type=<class 'psycopg2.extras.RealDictRow'>
DEBUG:trading_app:Result is dict, keys=['max']
DEBUG:trading_app:get_latest_data_date for ADM: result=RealDictRow([('max', datetime.date(2025, 7, 8))]), type=<class 'psycopg2.extras.RealDictRow'>
DEBUG:trading_app:Result is dict, keys=['max']
DEBUG:trading_app:get_latest_data_date for ANET: result=RealDictRow([('max', datetime.date(2025, 7, 8))]), type=<class 'psycopg2.extras.RealDictRow'>
DEBUG:trading_app:Result is dict, keys=['max']
DEBUG:trading_app:get_latest_data_date for AJG: result=RealDictRow([('max', datetime.date(2025, 7, 8))]), type=<class 'psycopg2.extras.RealDictRow'>
DEBUG:trading_app:Result is dict, keys=['max']
DEBUG:trading_app:get_latest_data_date for AIZ: result=RealDictRow([('max', datetime.date(2025, 7, 8))]), type=<class 'psycopg2.extras.RealDictRow'>
DEBUG:trading_app:Result is dict, keys=['max']
DEBUG:trading_app:get_latest_data_date for ATO: result=RealDictRow([('max', datetime.date(2025, 7, 8))]), type=<class 'psycopg2.extras.RealDictRow'>
DEBUG:trading_app:Result is dict, keys=['max']
DEBUG:trading_app:get_latest_data_date for ADSK: result=RealDictRow([('max', datetime.date(2025, 7, 8))]), type=<class 'psycopg2.extras.RealDictRow'>
DEBUG:trading_app:Result is dict, keys=['max']
DEBUG:trading_app:get_latest_data_date for ADP: result=RealDictRow([('max', datetime.date(2025, 7, 8))]), type=<class 'psycopg2.extras.RealDictRow'>
DEBUG:trading_app:Result is dict, keys=['max']
DEBUG:trading_app:get_latest_data_date for AZO: result=RealDictRow([('max', datetime.date(2025, 7, 8))]), type=<class 'psycopg2.extras.RealDictRow'>
DEBUG:trading_app:Result is dict, keys=['max']
DEBUG:trading_app:get_latest_data_date for AVB: result=RealDictRow([('max', datetime.date(2025, 7, 8))]), type=<class 'psycopg2.extras.RealDictRow'>
DEBUG:trading_app:Result is dict, keys=['max']
DEBUG:trading_app:get_latest_data_date for AVY: result=RealDictRow([('max', datetime.date(2025, 7, 8))]), type=<class 'psycopg2.extras.RealDictRow'>
DEBUG:trading_app:Result is dict, keys=['max']
DEBUG:trading_app:get_latest_data_date for AXON: result=RealDictRow([('max', datetime.date(2025, 7, 8))]), type=<class 'psycopg2.extras.RealDictRow'>
DEBUG:trading_app:Result is dict, keys=['max']
DEBUG:trading_app:get_latest_data_date for BKR: result=RealDictRow([('max', datetime.date(2025, 7, 8))]), type=<class 'psycopg2.extras.RealDictRow'>
DEBUG:trading_app:Result is dict, keys=['max']
DEBUG:trading_app:get_latest_data_date for BALL: result=RealDictRow([('max', datetime.date(2025, 7, 8))]), type=<class 'psycopg2.extras.RealDictRow'>
DEBUG:trading_app:Result is dict, keys=['max']
DEBUG:trading_app:get_latest_data_date for BAC: result=RealDictRow([('max', datetime.date(2025, 7, 8))]), type=<class 'psycopg2.extras.RealDictRow'>
DEBUG:trading_app:Result is dict, keys=['max']
DEBUG:trading_app:get_latest_data_date for BAX: result=RealDictRow([('max', datetime.date(2025, 7, 8))]), type=<class 'psycopg2.extras.RealDictRow'>
DEBUG:trading_app:Result is dict, keys=['max']
DEBUG:trading_app:get_latest_data_date for BDX: result=RealDictRow([('max', datetime.date(2025, 7, 8))]), type=<class 'psycopg2.extras.RealDictRow'>
DEBUG:trading_app:Result is dict, keys=['max']
DEBUG:trading_app:get_latest_data_date for BBY: result=RealDictRow([('max', datetime.date(2025, 7, 8))]), type=<class 'psycopg2.extras.RealDictRow'>
DEBUG:trading_app:Result is dict, keys=['max']
DEBUG:trading_app:get_latest_data_date for TECH: result=RealDictRow([('max', datetime.date(2025, 7, 8))]), type=<class 'psycopg2.extras.RealDictRow'>
DEBUG:trading_app:Result is dict, keys=['max']
DEBUG:trading_app:get_latest_data_date for BIIB: result=RealDictRow([('max', datetime.date(2025, 7, 8))]), type=<class 'psycopg2.extras.RealDictRow'>
DEBUG:trading_app:Result is dict, keys=['max']
DEBUG:trading_app:get_latest_data_date for BLK: result=RealDictRow([('max', datetime.date(2025, 7, 8))]), type=<class 'psycopg2.extras.RealDictRow'>
DEBUG:trading_app:Result is dict, keys=['max']
DEBUG:trading_app:get_latest_data_date for BX: result=RealDictRow([('max', datetime.date(2025, 7, 8))]), type=<class 'psycopg2.extras.RealDictRow'>
DEBUG:trading_app:Result is dict, keys=['max']
DEBUG:trading_app:get_latest_data_date for BK: result=RealDictRow([('max', datetime.date(2025, 7, 8))]), type=<class 'psycopg2.extras.RealDictRow'>
DEBUG:trading_app:Result is dict, keys=['max']
DEBUG:trading_app:get_latest_data_date for BA: result=RealDictRow([('max', datetime.date(2025, 7, 8))]), type=<class 'psycopg2.extras.RealDictRow'>
DEBUG:trading_app:Result is dict, keys=['max']
DEBUG:trading_app:get_latest_data_date for BKNG: result=RealDictRow([('max', datetime.date(2025, 7, 8))]), type=<class 'psycopg2.extras.RealDictRow'>
DEBUG:trading_app:Result is dict, keys=['max']
DEBUG:trading_app:get_latest_data_date for BSX: result=RealDictRow([('max', datetime.date(2025, 7, 8))]), type=<class 'psycopg2.extras.RealDictRow'>
DEBUG:trading_app:Result is dict, keys=['max']
DEBUG:trading_app:get_latest_data_date for BMY: result=RealDictRow([('max', datetime.date(2025, 7, 8))]), type=<class 'psycopg2.extras.RealDictRow'>
DEBUG:trading_app:Result is dict, keys=['max']
DEBUG:trading_app:get_latest_data_date for AVGO: result=RealDictRow([('max', datetime.date(2025, 7, 8))]), type=<class 'psycopg2.extras.RealDictRow'>
DEBUG:trading_app:Result is dict, keys=['max']
DEBUG:trading_app:get_latest_data_date for BR: result=RealDictRow([('max', datetime.date(2025, 7, 8))]), type=<class 'psycopg2.extras.RealDictRow'>
DEBUG:trading_app:Result is dict, keys=['max']
DEBUG:trading_app:get_latest_data_date for BRO: result=RealDictRow([('max', datetime.date(2025, 7, 8))]), type=<class 'psycopg2.extras.RealDictRow'>
DEBUG:trading_app:Result is dict, keys=['max']
DEBUG:trading_app:get_latest_data_date for BLDR: result=RealDictRow([('max', datetime.date(2025, 7, 8))]), type=<class 'psycopg2.extras.RealDictRow'>
DEBUG:trading_app:Result is dict, keys=['max']
DEBUG:trading_app:get_latest_data_date for BG: result=RealDictRow([('max', datetime.date(2025, 7, 8))]), type=<class 'psycopg2.extras.RealDictRow'>
DEBUG:trading_app:Result is dict, keys=['max']
DEBUG:trading_app:get_latest_data_date for BXP: result=RealDictRow([('max', datetime.date(2025, 7, 8))]), type=<class 'psycopg2.extras.RealDictRow'>
DEBUG:trading_app:Result is dict, keys=['max']
DEBUG:trading_app:get_latest_data_date for CHRW: result=RealDictRow([('max', datetime.date(2025, 7, 8))]), type=<class 'psycopg2.extras.RealDictRow'>
DEBUG:trading_app:Result is dict, keys=['max']
DEBUG:trading_app:get_latest_data_date for CDNS: result=RealDictRow([('max', datetime.date(2025, 7, 8))]), type=<class 'psycopg2.extras.RealDictRow'>
DEBUG:trading_app:Result is dict, keys=['max']
DEBUG:trading_app:get_latest_data_date for CZR: result=RealDictRow([('max', datetime.date(2025, 7, 8))]), type=<class 'psycopg2.extras.RealDictRow'>
DEBUG:trading_app:Result is dict, keys=['max']
DEBUG:trading_app:get_latest_data_date for CPT: result=RealDictRow([('max', datetime.date(2025, 7, 8))]), type=<class 'psycopg2.extras.RealDictRow'>
DEBUG:trading_app:Result is dict, keys=['max']
DEBUG:trading_app:get_latest_data_date for CPB: result=RealDictRow([('max', datetime.date(2025, 7, 8))]), type=<class 'psycopg2.extras.RealDictRow'>
DEBUG:trading_app:Result is dict, keys=['max']
DEBUG:trading_app:get_latest_data_date for COF: result=RealDictRow([('max', datetime.date(2025, 7, 8))]), type=<class 'psycopg2.extras.RealDictRow'>
DEBUG:trading_app:Result is dict, keys=['max']
DEBUG:trading_app:get_latest_data_date for CAH: result=RealDictRow([('max', datetime.date(2025, 7, 8))]), type=<class 'psycopg2.extras.RealDictRow'>
DEBUG:trading_app:Result is dict, keys=['max']
DEBUG:trading_app:get_latest_data_date for KMX: result=RealDictRow([('max', datetime.date(2025, 7, 8))]), type=<class 'psycopg2.extras.RealDictRow'>
DEBUG:trading_app:Result is dict, keys=['max']
DEBUG:trading_app:get_latest_data_date for CCL: result=RealDictRow([('max', datetime.date(2025, 7, 8))]), type=<class 'psycopg2.extras.RealDictRow'>
DEBUG:trading_app:Result is dict, keys=['max']
DEBUG:trading_app:get_latest_data_date for CARR: result=RealDictRow([('max', datetime.date(2025, 7, 8))]), type=<class 'psycopg2.extras.RealDictRow'>
DEBUG:trading_app:Result is dict, keys=['max']
DEBUG:trading_app:get_latest_data_date for CAT: result=RealDictRow([('max', datetime.date(2025, 7, 8))]), type=<class 'psycopg2.extras.RealDictRow'>
DEBUG:trading_app:Result is dict, keys=['max']
DEBUG:trading_app:get_latest_data_date for CBOE: result=RealDictRow([('max', datetime.date(2025, 7, 8))]), type=<class 'psycopg2.extras.RealDictRow'>
DEBUG:trading_app:Result is dict, keys=['max']
DEBUG:trading_app:get_latest_data_date for CBRE: result=RealDictRow([('max', datetime.date(2025, 7, 8))]), type=<class 'psycopg2.extras.RealDictRow'>
DEBUG:trading_app:Result is dict, keys=['max']
DEBUG:trading_app:get_latest_data_date for CDW: result=RealDictRow([('max', datetime.date(2025, 7, 8))]), type=<class 'psycopg2.extras.RealDictRow'>
DEBUG:trading_app:Result is dict, keys=['max']
DEBUG:trading_app:get_latest_data_date for COR: result=RealDictRow([('max', datetime.date(2025, 7, 8))]), type=<class 'psycopg2.extras.RealDictRow'>
DEBUG:trading_app:Result is dict, keys=['max']
DEBUG:trading_app:get_latest_data_date for CNC: result=RealDictRow([('max', datetime.date(2025, 7, 8))]), type=<class 'psycopg2.extras.RealDictRow'>
DEBUG:trading_app:Result is dict, keys=['max']
DEBUG:trading_app:get_latest_data_date for CNP: result=RealDictRow([('max', datetime.date(2025, 7, 8))]), type=<class 'psycopg2.extras.RealDictRow'>
DEBUG:trading_app:Result is dict, keys=['max']
DEBUG:trading_app:get_latest_data_date for CF: result=RealDictRow([('max', datetime.date(2025, 7, 8))]), type=<class 'psycopg2.extras.RealDictRow'>
DEBUG:trading_app:Result is dict, keys=['max']
DEBUG:trading_app:get_latest_data_date for CRL: result=RealDictRow([('max', datetime.date(2025, 7, 8))]), type=<class 'psycopg2.extras.RealDictRow'>
DEBUG:trading_app:Result is dict, keys=['max']
DEBUG:trading_app:get_latest_data_date for SCHW: result=RealDictRow([('max', datetime.date(2025, 7, 8))]), type=<class 'psycopg2.extras.RealDictRow'>
DEBUG:trading_app:Result is dict, keys=['max']
DEBUG:trading_app:get_latest_data_date for CHTR: result=RealDictRow([('max', datetime.date(2025, 7, 8))]), type=<class 'psycopg2.extras.RealDictRow'>
DEBUG:trading_app:Result is dict, keys=['max']
DEBUG:trading_app:get_latest_data_date for CVX: result=RealDictRow([('max', datetime.date(2025, 7, 8))]), type=<class 'psycopg2.extras.RealDictRow'>
DEBUG:trading_app:Result is dict, keys=['max']
DEBUG:trading_app:get_latest_data_date for CMG: result=RealDictRow([('max', datetime.date(2025, 7, 8))]), type=<class 'psycopg2.extras.RealDictRow'>
DEBUG:trading_app:Result is dict, keys=['max']
DEBUG:trading_app:get_latest_data_date for CB: result=RealDictRow([('max', datetime.date(2025, 7, 8))]), type=<class 'psycopg2.extras.RealDictRow'>
DEBUG:trading_app:Result is dict, keys=['max']
DEBUG:trading_app:get_latest_data_date for CHD: result=RealDictRow([('max', datetime.date(2025, 7, 8))]), type=<class 'psycopg2.extras.RealDictRow'>
DEBUG:trading_app:Result is dict, keys=['max']
DEBUG:trading_app:get_latest_data_date for CI: result=RealDictRow([('max', datetime.date(2025, 7, 8))]), type=<class 'psycopg2.extras.RealDictRow'>
DEBUG:trading_app:Result is dict, keys=['max']
DEBUG:trading_app:get_latest_data_date for CINF: result=RealDictRow([('max', datetime.date(2025, 7, 8))]), type=<class 'psycopg2.extras.RealDictRow'>
DEBUG:trading_app:Result is dict, keys=['max']
DEBUG:trading_app:get_latest_data_date for CTAS: result=RealDictRow([('max', datetime.date(2025, 7, 8))]), type=<class 'psycopg2.extras.RealDictRow'>
DEBUG:trading_app:Result is dict, keys=['max']
DEBUG:trading_app:get_latest_data_date for CSCO: result=RealDictRow([('max', datetime.date(2025, 7, 8))]), type=<class 'psycopg2.extras.RealDictRow'>
DEBUG:trading_app:Result is dict, keys=['max']
DEBUG:trading_app:get_latest_data_date for CFG: result=RealDictRow([('max', datetime.date(2025, 7, 8))]), type=<class 'psycopg2.extras.RealDictRow'>
DEBUG:trading_app:Result is dict, keys=['max']
DEBUG:trading_app:get_latest_data_date for CLX: result=RealDictRow([('max', datetime.date(2025, 7, 8))]), type=<class 'psycopg2.extras.RealDictRow'>
DEBUG:trading_app:Result is dict, keys=['max']
DEBUG:trading_app:get_latest_data_date for CME: result=RealDictRow([('max', datetime.date(2025, 7, 8))]), type=<class 'psycopg2.extras.RealDictRow'>
DEBUG:trading_app:Result is dict, keys=['max']
DEBUG:trading_app:get_latest_data_date for CMS: result=RealDictRow([('max', datetime.date(2025, 7, 8))]), type=<class 'psycopg2.extras.RealDictRow'>
DEBUG:trading_app:Result is dict, keys=['max']
DEBUG:trading_app:get_latest_data_date for KO: result=RealDictRow([('max', datetime.date(2025, 7, 8))]), type=<class 'psycopg2.extras.RealDictRow'>
DEBUG:trading_app:Result is dict, keys=['max']
DEBUG:trading_app:get_latest_data_date for CTSH: result=RealDictRow([('max', datetime.date(2025, 7, 8))]), type=<class 'psycopg2.extras.RealDictRow'>
DEBUG:trading_app:Result is dict, keys=['max']
DEBUG:trading_app:get_latest_data_date for COIN: result=RealDictRow([('max', datetime.date(2025, 7, 8))]), type=<class 'psycopg2.extras.RealDictRow'>
DEBUG:trading_app:Result is dict, keys=['max']
DEBUG:trading_app:get_latest_data_date for CL: result=RealDictRow([('max', datetime.date(2025, 7, 8))]), type=<class 'psycopg2.extras.RealDictRow'>
DEBUG:trading_app:Result is dict, keys=['max']
DEBUG:trading_app:get_latest_data_date for CMCSA: result=RealDictRow([('max', datetime.date(2025, 7, 8))]), type=<class 'psycopg2.extras.RealDictRow'>
DEBUG:trading_app:Result is dict, keys=['max']
DEBUG:trading_app:get_latest_data_date for CAG: result=RealDictRow([('max', datetime.date(2025, 7, 8))]), type=<class 'psycopg2.extras.RealDictRow'>
DEBUG:trading_app:Result is dict, keys=['max']
DEBUG:trading_app:get_latest_data_date for COP: result=RealDictRow([('max', datetime.date(2025, 7, 8))]), type=<class 'psycopg2.extras.RealDictRow'>
DEBUG:trading_app:Result is dict, keys=['max']
DEBUG:trading_app:get_latest_data_date for ED: result=RealDictRow([('max', datetime.date(2025, 7, 8))]), type=<class 'psycopg2.extras.RealDictRow'>
DEBUG:trading_app:Result is dict, keys=['max']
DEBUG:trading_app:get_latest_data_date for STZ: result=RealDictRow([('max', datetime.date(2025, 7, 8))]), type=<class 'psycopg2.extras.RealDictRow'>
DEBUG:trading_app:Result is dict, keys=['max']
DEBUG:trading_app:get_latest_data_date for CEG: result=RealDictRow([('max', datetime.date(2025, 7, 8))]), type=<class 'psycopg2.extras.RealDictRow'>
DEBUG:trading_app:Result is dict, keys=['max']
DEBUG:trading_app:get_latest_data_date for COO: result=RealDictRow([('max', datetime.date(2025, 7, 8))]), type=<class 'psycopg2.extras.RealDictRow'>
DEBUG:trading_app:Result is dict, keys=['max']
DEBUG:trading_app:get_latest_data_date for CPRT: result=RealDictRow([('max', datetime.date(2025, 7, 8))]), type=<class 'psycopg2.extras.RealDictRow'>
DEBUG:trading_app:Result is dict, keys=['max']
DEBUG:trading_app:get_latest_data_date for GLW: result=RealDictRow([('max', datetime.date(2025, 7, 8))]), type=<class 'psycopg2.extras.RealDictRow'>
DEBUG:trading_app:Result is dict, keys=['max']
DEBUG:trading_app:get_latest_data_date for CPAY: result=RealDictRow([('max', datetime.date(2025, 7, 8))]), type=<class 'psycopg2.extras.RealDictRow'>
DEBUG:trading_app:Result is dict, keys=['max']
DEBUG:trading_app:get_latest_data_date for CTVA: result=RealDictRow([('max', datetime.date(2025, 7, 8))]), type=<class 'psycopg2.extras.RealDictRow'>
DEBUG:trading_app:Result is dict, keys=['max']
DEBUG:trading_app:get_latest_data_date for CSGP: result=RealDictRow([('max', datetime.date(2025, 7, 8))]), type=<class 'psycopg2.extras.RealDictRow'>
DEBUG:trading_app:Result is dict, keys=['max']
DEBUG:trading_app:get_latest_data_date for COST: result=RealDictRow([('max', datetime.date(2025, 7, 8))]), type=<class 'psycopg2.extras.RealDictRow'>
DEBUG:trading_app:Result is dict, keys=['max']
DEBUG:trading_app:get_latest_data_date for CTRA: result=RealDictRow([('max', datetime.date(2025, 7, 8))]), type=<class 'psycopg2.extras.RealDictRow'>
DEBUG:trading_app:Result is dict, keys=['max']
DEBUG:trading_app:get_latest_data_date for CRWD: result=RealDictRow([('max', datetime.date(2025, 7, 8))]), type=<class 'psycopg2.extras.RealDictRow'>
DEBUG:trading_app:Result is dict, keys=['max']
DEBUG:trading_app:get_latest_data_date for CCI: result=RealDictRow([('max', datetime.date(2025, 7, 8))]), type=<class 'psycopg2.extras.RealDictRow'>
DEBUG:trading_app:Result is dict, keys=['max']
DEBUG:trading_app:get_latest_data_date for CSX: result=RealDictRow([('max', datetime.date(2025, 7, 8))]), type=<class 'psycopg2.extras.RealDictRow'>
DEBUG:trading_app:Result is dict, keys=['max']
DEBUG:trading_app:get_latest_data_date for CMI: result=RealDictRow([('max', datetime.date(2025, 7, 8))]), type=<class 'psycopg2.extras.RealDictRow'>
DEBUG:trading_app:Result is dict, keys=['max']
DEBUG:trading_app:get_latest_data_date for CVS: result=RealDictRow([('max', datetime.date(2025, 7, 8))]), type=<class 'psycopg2.extras.RealDictRow'>
DEBUG:trading_app:Result is dict, keys=['max']
DEBUG:trading_app:get_latest_data_date for DHR: result=RealDictRow([('max', datetime.date(2025, 7, 8))]), type=<class 'psycopg2.extras.RealDictRow'>
DEBUG:trading_app:Result is dict, keys=['max']
DEBUG:trading_app:get_latest_data_date for DRI: result=RealDictRow([('max', datetime.date(2025, 7, 8))]), type=<class 'psycopg2.extras.RealDictRow'>
DEBUG:trading_app:Result is dict, keys=['max']
DEBUG:trading_app:get_latest_data_date for DVA: result=RealDictRow([('max', datetime.date(2025, 7, 8))]), type=<class 'psycopg2.extras.RealDictRow'>
DEBUG:trading_app:Result is dict, keys=['max']
DEBUG:trading_app:get_latest_data_date for DAY: result=RealDictRow([('max', datetime.date(2025, 7, 8))]), type=<class 'psycopg2.extras.RealDictRow'>
DEBUG:trading_app:Result is dict, keys=['max']
DEBUG:trading_app:get_latest_data_date for DECK: result=RealDictRow([('max', datetime.date(2025, 7, 8))]), type=<class 'psycopg2.extras.RealDictRow'>
DEBUG:trading_app:Result is dict, keys=['max']
DEBUG:trading_app:get_latest_data_date for DE: result=RealDictRow([('max', datetime.date(2025, 7, 8))]), type=<class 'psycopg2.extras.RealDictRow'>
DEBUG:trading_app:Result is dict, keys=['max']
DEBUG:trading_app:get_latest_data_date for DELL: result=RealDictRow([('max', datetime.date(2025, 7, 8))]), type=<class 'psycopg2.extras.RealDictRow'>
DEBUG:trading_app:Result is dict, keys=['max']
DEBUG:trading_app:get_latest_data_date for DAL: result=RealDictRow([('max', datetime.date(2025, 7, 8))]), type=<class 'psycopg2.extras.RealDictRow'>
DEBUG:trading_app:Result is dict, keys=['max']
DEBUG:trading_app:get_latest_data_date for DVN: result=RealDictRow([('max', datetime.date(2025, 7, 8))]), type=<class 'psycopg2.extras.RealDictRow'>
DEBUG:trading_app:Result is dict, keys=['max']
DEBUG:trading_app:get_latest_data_date for DXCM: result=RealDictRow([('max', datetime.date(2025, 7, 8))]), type=<class 'psycopg2.extras.RealDictRow'>
DEBUG:trading_app:Result is dict, keys=['max']
DEBUG:trading_app:get_latest_data_date for FANG: result=RealDictRow([('max', datetime.date(2025, 7, 8))]), type=<class 'psycopg2.extras.RealDictRow'>
DEBUG:trading_app:Result is dict, keys=['max']
DEBUG:trading_app:get_latest_data_date for DLR: result=RealDictRow([('max', datetime.date(2025, 7, 8))]), type=<class 'psycopg2.extras.RealDictRow'>
DEBUG:trading_app:Result is dict, keys=['max']
DEBUG:trading_app:get_latest_data_date for DG: result=RealDictRow([('max', datetime.date(2025, 7, 8))]), type=<class 'psycopg2.extras.RealDictRow'>
DEBUG:trading_app:Result is dict, keys=['max']
DEBUG:trading_app:get_latest_data_date for DLTR: result=RealDictRow([('max', datetime.date(2025, 7, 8))]), type=<class 'psycopg2.extras.RealDictRow'>
DEBUG:trading_app:Result is dict, keys=['max']
DEBUG:trading_app:get_latest_data_date for DPZ: result=RealDictRow([('max', datetime.date(2025, 7, 8))]), type=<class 'psycopg2.extras.RealDictRow'>
DEBUG:trading_app:Result is dict, keys=['max']
DEBUG:trading_app:get_latest_data_date for DASH: result=RealDictRow([('max', datetime.date(2025, 7, 8))]), type=<class 'psycopg2.extras.RealDictRow'>
DEBUG:trading_app:Result is dict, keys=['max']
DEBUG:trading_app:get_latest_data_date for DOV: result=RealDictRow([('max', datetime.date(2025, 7, 8))]), type=<class 'psycopg2.extras.RealDictRow'>
DEBUG:trading_app:Result is dict, keys=['max']
DEBUG:trading_app:get_latest_data_date for DOW: result=RealDictRow([('max', datetime.date(2025, 7, 8))]), type=<class 'psycopg2.extras.RealDictRow'>
DEBUG:trading_app:Result is dict, keys=['max']
DEBUG:trading_app:get_latest_data_date for DHI: result=RealDictRow([('max', datetime.date(2025, 7, 8))]), type=<class 'psycopg2.extras.RealDictRow'>
DEBUG:trading_app:Result is dict, keys=['max']
DEBUG:trading_app:get_latest_data_date for DTE: result=RealDictRow([('max', datetime.date(2025, 7, 8))]), type=<class 'psycopg2.extras.RealDictRow'>
DEBUG:trading_app:Result is dict, keys=['max']
DEBUG:trading_app:get_latest_data_date for DUK: result=RealDictRow([('max', datetime.date(2025, 7, 8))]), type=<class 'psycopg2.extras.RealDictRow'>
DEBUG:trading_app:Result is dict, keys=['max']
DEBUG:trading_app:get_latest_data_date for DD: result=RealDictRow([('max', datetime.date(2025, 7, 8))]), type=<class 'psycopg2.extras.RealDictRow'>
DEBUG:trading_app:Result is dict, keys=['max']
DEBUG:trading_app:get_latest_data_date for EMN: result=RealDictRow([('max', datetime.date(2025, 7, 8))]), type=<class 'psycopg2.extras.RealDictRow'>
DEBUG:trading_app:Result is dict, keys=['max']
DEBUG:trading_app:get_latest_data_date for ETN: result=RealDictRow([('max', datetime.date(2025, 7, 8))]), type=<class 'psycopg2.extras.RealDictRow'>
DEBUG:trading_app:Result is dict, keys=['max']
DEBUG:trading_app:get_latest_data_date for EBAY: result=RealDictRow([('max', datetime.date(2025, 7, 8))]), type=<class 'psycopg2.extras.RealDictRow'>
DEBUG:trading_app:Result is dict, keys=['max']
DEBUG:trading_app:get_latest_data_date for ECL: result=RealDictRow([('max', datetime.date(2025, 7, 8))]), type=<class 'psycopg2.extras.RealDictRow'>
DEBUG:trading_app:Result is dict, keys=['max']
DEBUG:trading_app:get_latest_data_date for EIX: result=RealDictRow([('max', datetime.date(2025, 7, 8))]), type=<class 'psycopg2.extras.RealDictRow'>
DEBUG:trading_app:Result is dict, keys=['max']
DEBUG:trading_app:get_latest_data_date for EW: result=RealDictRow([('max', datetime.date(2025, 7, 8))]), type=<class 'psycopg2.extras.RealDictRow'>
DEBUG:trading_app:Result is dict, keys=['max']
DEBUG:trading_app:get_latest_data_date for EA: result=RealDictRow([('max', datetime.date(2025, 7, 8))]), type=<class 'psycopg2.extras.RealDictRow'>
DEBUG:trading_app:Result is dict, keys=['max']
DEBUG:trading_app:get_latest_data_date for ELV: result=RealDictRow([('max', datetime.date(2025, 7, 8))]), type=<class 'psycopg2.extras.RealDictRow'>
DEBUG:trading_app:Result is dict, keys=['max']
DEBUG:trading_app:get_latest_data_date for EMR: result=RealDictRow([('max', datetime.date(2025, 7, 8))]), type=<class 'psycopg2.extras.RealDictRow'>
DEBUG:trading_app:Result is dict, keys=['max']
DEBUG:trading_app:get_latest_data_date for ENPH: result=RealDictRow([('max', datetime.date(2025, 7, 8))]), type=<class 'psycopg2.extras.RealDictRow'>
DEBUG:trading_app:Result is dict, keys=['max']
DEBUG:trading_app:get_latest_data_date for ETR: result=RealDictRow([('max', datetime.date(2025, 7, 8))]), type=<class 'psycopg2.extras.RealDictRow'>
DEBUG:trading_app:Result is dict, keys=['max']
DEBUG:trading_app:get_latest_data_date for EOG: result=RealDictRow([('max', datetime.date(2025, 7, 8))]), type=<class 'psycopg2.extras.RealDictRow'>
DEBUG:trading_app:Result is dict, keys=['max']
DEBUG:trading_app:get_latest_data_date for EPAM: result=RealDictRow([('max', datetime.date(2025, 7, 8))]), type=<class 'psycopg2.extras.RealDictRow'>
DEBUG:trading_app:Result is dict, keys=['max']
DEBUG:trading_app:get_latest_data_date for EQT: result=RealDictRow([('max', datetime.date(2025, 7, 8))]), type=<class 'psycopg2.extras.RealDictRow'>
DEBUG:trading_app:Result is dict, keys=['max']
DEBUG:trading_app:get_latest_data_date for EFX: result=RealDictRow([('max', datetime.date(2025, 7, 8))]), type=<class 'psycopg2.extras.RealDictRow'>
DEBUG:trading_app:Result is dict, keys=['max']
DEBUG:trading_app:get_latest_data_date for EQIX: result=RealDictRow([('max', datetime.date(2025, 7, 8))]), type=<class 'psycopg2.extras.RealDictRow'>
DEBUG:trading_app:Result is dict, keys=['max']
DEBUG:trading_app:get_latest_data_date for EQR: result=RealDictRow([('max', datetime.date(2025, 7, 8))]), type=<class 'psycopg2.extras.RealDictRow'>
DEBUG:trading_app:Result is dict, keys=['max']
DEBUG:trading_app:get_latest_data_date for ERIE: result=RealDictRow([('max', datetime.date(2025, 7, 8))]), type=<class 'psycopg2.extras.RealDictRow'>
DEBUG:trading_app:Result is dict, keys=['max']
DEBUG:trading_app:get_latest_data_date for ESS: result=RealDictRow([('max', datetime.date(2025, 7, 8))]), type=<class 'psycopg2.extras.RealDictRow'>
DEBUG:trading_app:Result is dict, keys=['max']
DEBUG:trading_app:get_latest_data_date for EL: result=RealDictRow([('max', datetime.date(2025, 7, 8))]), type=<class 'psycopg2.extras.RealDictRow'>
DEBUG:trading_app:Result is dict, keys=['max']
DEBUG:trading_app:get_latest_data_date for EG: result=RealDictRow([('max', datetime.date(2025, 7, 8))]), type=<class 'psycopg2.extras.RealDictRow'>
DEBUG:trading_app:Result is dict, keys=['max']
DEBUG:trading_app:get_latest_data_date for EVRG: result=RealDictRow([('max', datetime.date(2025, 7, 8))]), type=<class 'psycopg2.extras.RealDictRow'>
DEBUG:trading_app:Result is dict, keys=['max']
DEBUG:trading_app:get_latest_data_date for ES: result=RealDictRow([('max', datetime.date(2025, 7, 8))]), type=<class 'psycopg2.extras.RealDictRow'>
DEBUG:trading_app:Result is dict, keys=['max']
DEBUG:trading_app:get_latest_data_date for EXC: result=RealDictRow([('max', datetime.date(2025, 7, 8))]), type=<class 'psycopg2.extras.RealDictRow'>
DEBUG:trading_app:Result is dict, keys=['max']
DEBUG:trading_app:get_latest_data_date for EXE: result=RealDictRow([('max', datetime.date(2025, 7, 8))]), type=<class 'psycopg2.extras.RealDictRow'>
DEBUG:trading_app:Result is dict, keys=['max']
DEBUG:trading_app:get_latest_data_date for EXPE: result=RealDictRow([('max', datetime.date(2025, 7, 8))]), type=<class 'psycopg2.extras.RealDictRow'>
DEBUG:trading_app:Result is dict, keys=['max']
DEBUG:trading_app:get_latest_data_date for EXPD: result=RealDictRow([('max', datetime.date(2025, 7, 8))]), type=<class 'psycopg2.extras.RealDictRow'>
DEBUG:trading_app:Result is dict, keys=['max']
DEBUG:trading_app:get_latest_data_date for EXR: result=RealDictRow([('max', datetime.date(2025, 7, 8))]), type=<class 'psycopg2.extras.RealDictRow'>
DEBUG:trading_app:Result is dict, keys=['max']
DEBUG:trading_app:get_latest_data_date for XOM: result=RealDictRow([('max', datetime.date(2025, 7, 8))]), type=<class 'psycopg2.extras.RealDictRow'>
DEBUG:trading_app:Result is dict, keys=['max']
DEBUG:trading_app:get_latest_data_date for FFIV: result=RealDictRow([('max', datetime.date(2025, 7, 8))]), type=<class 'psycopg2.extras.RealDictRow'>
DEBUG:trading_app:Result is dict, keys=['max']
DEBUG:trading_app:get_latest_data_date for FDS: result=RealDictRow([('max', datetime.date(2025, 7, 8))]), type=<class 'psycopg2.extras.RealDictRow'>
DEBUG:trading_app:Result is dict, keys=['max']
DEBUG:trading_app:get_latest_data_date for FICO: result=RealDictRow([('max', datetime.date(2025, 7, 8))]), type=<class 'psycopg2.extras.RealDictRow'>
DEBUG:trading_app:Result is dict, keys=['max']
DEBUG:trading_app:get_latest_data_date for FAST: result=RealDictRow([('max', datetime.date(2025, 7, 8))]), type=<class 'psycopg2.extras.RealDictRow'>
DEBUG:trading_app:Result is dict, keys=['max']
DEBUG:trading_app:get_latest_data_date for FRT: result=RealDictRow([('max', datetime.date(2025, 7, 8))]), type=<class 'psycopg2.extras.RealDictRow'>
DEBUG:trading_app:Result is dict, keys=['max']
DEBUG:trading_app:get_latest_data_date for FDX: result=RealDictRow([('max', datetime.date(2025, 7, 8))]), type=<class 'psycopg2.extras.RealDictRow'>
DEBUG:trading_app:Result is dict, keys=['max']
DEBUG:trading_app:get_latest_data_date for FIS: result=RealDictRow([('max', datetime.date(2025, 7, 8))]), type=<class 'psycopg2.extras.RealDictRow'>
DEBUG:trading_app:Result is dict, keys=['max']
DEBUG:trading_app:get_latest_data_date for FITB: result=RealDictRow([('max', datetime.date(2025, 7, 8))]), type=<class 'psycopg2.extras.RealDictRow'>
DEBUG:trading_app:Result is dict, keys=['max']
DEBUG:trading_app:get_latest_data_date for FSLR: result=RealDictRow([('max', datetime.date(2025, 7, 8))]), type=<class 'psycopg2.extras.RealDictRow'>
DEBUG:trading_app:Result is dict, keys=['max']
DEBUG:trading_app:get_latest_data_date for FE: result=RealDictRow([('max', datetime.date(2025, 7, 8))]), type=<class 'psycopg2.extras.RealDictRow'>
DEBUG:trading_app:Result is dict, keys=['max']
DEBUG:trading_app:get_latest_data_date for FI: result=RealDictRow([('max', datetime.date(2025, 7, 8))]), type=<class 'psycopg2.extras.RealDictRow'>
DEBUG:trading_app:Result is dict, keys=['max']
DEBUG:trading_app:get_latest_data_date for FTNT: result=RealDictRow([('max', datetime.date(2025, 7, 8))]), type=<class 'psycopg2.extras.RealDictRow'>
DEBUG:trading_app:Result is dict, keys=['max']
DEBUG:trading_app:get_latest_data_date for FTV: result=RealDictRow([('max', datetime.date(2025, 7, 8))]), type=<class 'psycopg2.extras.RealDictRow'>
DEBUG:trading_app:Result is dict, keys=['max']
DEBUG:trading_app:get_latest_data_date for FOXA: result=RealDictRow([('max', datetime.date(2025, 7, 8))]), type=<class 'psycopg2.extras.RealDictRow'>
DEBUG:trading_app:Result is dict, keys=['max']
DEBUG:trading_app:get_latest_data_date for FOX: result=RealDictRow([('max', datetime.date(2025, 7, 8))]), type=<class 'psycopg2.extras.RealDictRow'>
DEBUG:trading_app:Result is dict, keys=['max']
DEBUG:trading_app:get_latest_data_date for BEN: result=RealDictRow([('max', datetime.date(2025, 7, 8))]), type=<class 'psycopg2.extras.RealDictRow'>
DEBUG:trading_app:Result is dict, keys=['max']
DEBUG:trading_app:get_latest_data_date for FCX: result=RealDictRow([('max', datetime.date(2025, 7, 8))]), type=<class 'psycopg2.extras.RealDictRow'>
DEBUG:trading_app:Result is dict, keys=['max']
DEBUG:trading_app:get_latest_data_date for GRMN: result=RealDictRow([('max', datetime.date(2025, 7, 8))]), type=<class 'psycopg2.extras.RealDictRow'>
DEBUG:trading_app:Result is dict, keys=['max']
DEBUG:trading_app:get_latest_data_date for IT: result=RealDictRow([('max', datetime.date(2025, 7, 8))]), type=<class 'psycopg2.extras.RealDictRow'>
DEBUG:trading_app:Result is dict, keys=['max']
DEBUG:trading_app:get_latest_data_date for GE: result=RealDictRow([('max', datetime.date(2025, 7, 8))]), type=<class 'psycopg2.extras.RealDictRow'>
DEBUG:trading_app:Result is dict, keys=['max']
DEBUG:trading_app:get_latest_data_date for GEHC: result=RealDictRow([('max', datetime.date(2025, 7, 8))]), type=<class 'psycopg2.extras.RealDictRow'>
DEBUG:trading_app:Result is dict, keys=['max']
DEBUG:trading_app:get_latest_data_date for GEV: result=RealDictRow([('max', datetime.date(2025, 7, 8))]), type=<class 'psycopg2.extras.RealDictRow'>
DEBUG:trading_app:Result is dict, keys=['max']
DEBUG:trading_app:get_latest_data_date for GEN: result=RealDictRow([('max', datetime.date(2025, 7, 8))]), type=<class 'psycopg2.extras.RealDictRow'>
DEBUG:trading_app:Result is dict, keys=['max']
DEBUG:trading_app:get_latest_data_date for GNRC: result=RealDictRow([('max', datetime.date(2025, 7, 8))]), type=<class 'psycopg2.extras.RealDictRow'>
DEBUG:trading_app:Result is dict, keys=['max']
DEBUG:trading_app:get_latest_data_date for GD: result=RealDictRow([('max', datetime.date(2025, 7, 8))]), type=<class 'psycopg2.extras.RealDictRow'>
DEBUG:trading_app:Result is dict, keys=['max']
DEBUG:trading_app:get_latest_data_date for GIS: result=RealDictRow([('max', datetime.date(2025, 7, 8))]), type=<class 'psycopg2.extras.RealDictRow'>
DEBUG:trading_app:Result is dict, keys=['max']
DEBUG:trading_app:get_latest_data_date for GM: result=RealDictRow([('max', datetime.date(2025, 7, 8))]), type=<class 'psycopg2.extras.RealDictRow'>
DEBUG:trading_app:Result is dict, keys=['max']
DEBUG:trading_app:get_latest_data_date for GPC: result=RealDictRow([('max', datetime.date(2025, 7, 8))]), type=<class 'psycopg2.extras.RealDictRow'>
DEBUG:trading_app:Result is dict, keys=['max']
DEBUG:trading_app:get_latest_data_date for GILD: result=RealDictRow([('max', datetime.date(2025, 7, 8))]), type=<class 'psycopg2.extras.RealDictRow'>
DEBUG:trading_app:Result is dict, keys=['max']
DEBUG:trading_app:get_latest_data_date for GPN: result=RealDictRow([('max', datetime.date(2025, 7, 8))]), type=<class 'psycopg2.extras.RealDictRow'>
DEBUG:trading_app:Result is dict, keys=['max']
DEBUG:trading_app:get_latest_data_date for GL: result=RealDictRow([('max', datetime.date(2025, 7, 8))]), type=<class 'psycopg2.extras.RealDictRow'>
DEBUG:trading_app:Result is dict, keys=['max']
DEBUG:trading_app:get_latest_data_date for GDDY: result=RealDictRow([('max', datetime.date(2025, 7, 8))]), type=<class 'psycopg2.extras.RealDictRow'>
DEBUG:trading_app:Result is dict, keys=['max']
DEBUG:trading_app:get_latest_data_date for GS: result=RealDictRow([('max', datetime.date(2025, 7, 8))]), type=<class 'psycopg2.extras.RealDictRow'>
DEBUG:trading_app:Result is dict, keys=['max']
DEBUG:trading_app:get_latest_data_date for HAL: result=RealDictRow([('max', datetime.date(2025, 7, 8))]), type=<class 'psycopg2.extras.RealDictRow'>
DEBUG:trading_app:Result is dict, keys=['max']
DEBUG:trading_app:get_latest_data_date for HIG: result=RealDictRow([('max', datetime.date(2025, 7, 8))]), type=<class 'psycopg2.extras.RealDictRow'>
DEBUG:trading_app:Result is dict, keys=['max']
DEBUG:trading_app:get_latest_data_date for HAS: result=RealDictRow([('max', datetime.date(2025, 7, 8))]), type=<class 'psycopg2.extras.RealDictRow'>
DEBUG:trading_app:Result is dict, keys=['max']
DEBUG:trading_app:get_latest_data_date for HCA: result=RealDictRow([('max', datetime.date(2025, 7, 8))]), type=<class 'psycopg2.extras.RealDictRow'>
DEBUG:trading_app:Result is dict, keys=['max']
DEBUG:trading_app:get_latest_data_date for DOC: result=RealDictRow([('max', datetime.date(2025, 7, 8))]), type=<class 'psycopg2.extras.RealDictRow'>
DEBUG:trading_app:Result is dict, keys=['max']
DEBUG:trading_app:get_latest_data_date for HSIC: result=RealDictRow([('max', datetime.date(2025, 7, 8))]), type=<class 'psycopg2.extras.RealDictRow'>
DEBUG:trading_app:Result is dict, keys=['max']
DEBUG:trading_app:get_latest_data_date for HSY: result=RealDictRow([('max', datetime.date(2025, 7, 8))]), type=<class 'psycopg2.extras.RealDictRow'>
DEBUG:trading_app:Result is dict, keys=['max']
DEBUG:trading_app:get_latest_data_date for HES: result=RealDictRow([('max', datetime.date(2025, 7, 8))]), type=<class 'psycopg2.extras.RealDictRow'>
DEBUG:trading_app:Result is dict, keys=['max']
DEBUG:trading_app:get_latest_data_date for HPE: result=RealDictRow([('max', datetime.date(2025, 7, 8))]), type=<class 'psycopg2.extras.RealDictRow'>
DEBUG:trading_app:Result is dict, keys=['max']
DEBUG:trading_app:get_latest_data_date for HLT: result=RealDictRow([('max', datetime.date(2025, 7, 8))]), type=<class 'psycopg2.extras.RealDictRow'>
DEBUG:trading_app:Result is dict, keys=['max']
DEBUG:trading_app:get_latest_data_date for HOLX: result=RealDictRow([('max', datetime.date(2025, 7, 8))]), type=<class 'psycopg2.extras.RealDictRow'>
DEBUG:trading_app:Result is dict, keys=['max']
DEBUG:trading_app:get_latest_data_date for HD: result=RealDictRow([('max', datetime.date(2025, 7, 8))]), type=<class 'psycopg2.extras.RealDictRow'>
DEBUG:trading_app:Result is dict, keys=['max']
DEBUG:trading_app:get_latest_data_date for HON: result=RealDictRow([('max', datetime.date(2025, 7, 8))]), type=<class 'psycopg2.extras.RealDictRow'>
DEBUG:trading_app:Result is dict, keys=['max']
DEBUG:trading_app:get_latest_data_date for HRL: result=RealDictRow([('max', datetime.date(2025, 7, 8))]), type=<class 'psycopg2.extras.RealDictRow'>
DEBUG:trading_app:Result is dict, keys=['max']
DEBUG:trading_app:get_latest_data_date for HST: result=RealDictRow([('max', datetime.date(2025, 7, 8))]), type=<class 'psycopg2.extras.RealDictRow'>
DEBUG:trading_app:Result is dict, keys=['max']
DEBUG:trading_app:get_latest_data_date for HWM: result=RealDictRow([('max', datetime.date(2025, 7, 8))]), type=<class 'psycopg2.extras.RealDictRow'>
DEBUG:trading_app:Result is dict, keys=['max']
DEBUG:trading_app:get_latest_data_date for HPQ: result=RealDictRow([('max', datetime.date(2025, 7, 8))]), type=<class 'psycopg2.extras.RealDictRow'>
DEBUG:trading_app:Result is dict, keys=['max']
DEBUG:trading_app:get_latest_data_date for HUBB: result=RealDictRow([('max', datetime.date(2025, 7, 8))]), type=<class 'psycopg2.extras.RealDictRow'>
DEBUG:trading_app:Result is dict, keys=['max']
DEBUG:trading_app:get_latest_data_date for HUM: result=RealDictRow([('max', datetime.date(2025, 7, 8))]), type=<class 'psycopg2.extras.RealDictRow'>
DEBUG:trading_app:Result is dict, keys=['max']
DEBUG:trading_app:get_latest_data_date for HBAN: result=RealDictRow([('max', datetime.date(2025, 7, 8))]), type=<class 'psycopg2.extras.RealDictRow'>
DEBUG:trading_app:Result is dict, keys=['max']
DEBUG:trading_app:get_latest_data_date for HII: result=RealDictRow([('max', datetime.date(2025, 7, 8))]), type=<class 'psycopg2.extras.RealDictRow'>
DEBUG:trading_app:Result is dict, keys=['max']
DEBUG:trading_app:get_latest_data_date for IBM: result=RealDictRow([('max', datetime.date(2025, 7, 8))]), type=<class 'psycopg2.extras.RealDictRow'>
DEBUG:trading_app:Result is dict, keys=['max']
DEBUG:trading_app:get_latest_data_date for IEX: result=RealDictRow([('max', datetime.date(2025, 7, 8))]), type=<class 'psycopg2.extras.RealDictRow'>
DEBUG:trading_app:Result is dict, keys=['max']
DEBUG:trading_app:get_latest_data_date for IDXX: result=RealDictRow([('max', datetime.date(2025, 7, 8))]), type=<class 'psycopg2.extras.RealDictRow'>
DEBUG:trading_app:Result is dict, keys=['max']
DEBUG:trading_app:get_latest_data_date for ITW: result=RealDictRow([('max', datetime.date(2025, 7, 8))]), type=<class 'psycopg2.extras.RealDictRow'>
DEBUG:trading_app:Result is dict, keys=['max']
DEBUG:trading_app:get_latest_data_date for INCY: result=RealDictRow([('max', datetime.date(2025, 7, 8))]), type=<class 'psycopg2.extras.RealDictRow'>
DEBUG:trading_app:Result is dict, keys=['max']
DEBUG:trading_app:get_latest_data_date for IR: result=RealDictRow([('max', datetime.date(2025, 7, 8))]), type=<class 'psycopg2.extras.RealDictRow'>
DEBUG:trading_app:Result is dict, keys=['max']
DEBUG:trading_app:get_latest_data_date for PODD: result=RealDictRow([('max', datetime.date(2025, 7, 8))]), type=<class 'psycopg2.extras.RealDictRow'>
DEBUG:trading_app:Result is dict, keys=['max']
DEBUG:trading_app:get_latest_data_date for INTC: result=RealDictRow([('max', datetime.date(2025, 7, 8))]), type=<class 'psycopg2.extras.RealDictRow'>
DEBUG:trading_app:Result is dict, keys=['max']
DEBUG:trading_app:get_latest_data_date for ICE: result=RealDictRow([('max', datetime.date(2025, 7, 8))]), type=<class 'psycopg2.extras.RealDictRow'>
DEBUG:trading_app:Result is dict, keys=['max']
DEBUG:trading_app:get_latest_data_date for IFF: result=RealDictRow([('max', datetime.date(2025, 7, 8))]), type=<class 'psycopg2.extras.RealDictRow'>
DEBUG:trading_app:Result is dict, keys=['max']
DEBUG:trading_app:get_latest_data_date for IP: result=RealDictRow([('max', datetime.date(2025, 7, 8))]), type=<class 'psycopg2.extras.RealDictRow'>
DEBUG:trading_app:Result is dict, keys=['max']
DEBUG:trading_app:get_latest_data_date for IPG: result=RealDictRow([('max', datetime.date(2025, 7, 8))]), type=<class 'psycopg2.extras.RealDictRow'>
DEBUG:trading_app:Result is dict, keys=['max']
DEBUG:trading_app:get_latest_data_date for INTU: result=RealDictRow([('max', datetime.date(2025, 7, 8))]), type=<class 'psycopg2.extras.RealDictRow'>
DEBUG:trading_app:Result is dict, keys=['max']
DEBUG:trading_app:get_latest_data_date for ISRG: result=RealDictRow([('max', datetime.date(2025, 7, 8))]), type=<class 'psycopg2.extras.RealDictRow'>
DEBUG:trading_app:Result is dict, keys=['max']
DEBUG:trading_app:get_latest_data_date for IVZ: result=RealDictRow([('max', datetime.date(2025, 7, 8))]), type=<class 'psycopg2.extras.RealDictRow'>
DEBUG:trading_app:Result is dict, keys=['max']
DEBUG:trading_app:get_latest_data_date for INVH: result=RealDictRow([('max', datetime.date(2025, 7, 8))]), type=<class 'psycopg2.extras.RealDictRow'>
DEBUG:trading_app:Result is dict, keys=['max']
DEBUG:trading_app:get_latest_data_date for IQV: result=RealDictRow([('max', datetime.date(2025, 7, 8))]), type=<class 'psycopg2.extras.RealDictRow'>
DEBUG:trading_app:Result is dict, keys=['max']
DEBUG:trading_app:get_latest_data_date for IRM: result=RealDictRow([('max', datetime.date(2025, 7, 8))]), type=<class 'psycopg2.extras.RealDictRow'>
DEBUG:trading_app:Result is dict, keys=['max']
DEBUG:trading_app:get_latest_data_date for JBHT: result=RealDictRow([('max', datetime.date(2025, 7, 8))]), type=<class 'psycopg2.extras.RealDictRow'>
DEBUG:trading_app:Result is dict, keys=['max']
DEBUG:trading_app:get_latest_data_date for JBL: result=RealDictRow([('max', datetime.date(2025, 7, 8))]), type=<class 'psycopg2.extras.RealDictRow'>
DEBUG:trading_app:Result is dict, keys=['max']
DEBUG:trading_app:get_latest_data_date for JKHY: result=RealDictRow([('max', datetime.date(2025, 7, 8))]), type=<class 'psycopg2.extras.RealDictRow'>
DEBUG:trading_app:Result is dict, keys=['max']
DEBUG:trading_app:get_latest_data_date for JNJ: result=RealDictRow([('max', datetime.date(2025, 7, 8))]), type=<class 'psycopg2.extras.RealDictRow'>
DEBUG:trading_app:Result is dict, keys=['max']
DEBUG:trading_app:get_latest_data_date for JCI: result=RealDictRow([('max', datetime.date(2025, 7, 8))]), type=<class 'psycopg2.extras.RealDictRow'>
DEBUG:trading_app:Result is dict, keys=['max']
DEBUG:trading_app:get_latest_data_date for JPM: result=RealDictRow([('max', datetime.date(2025, 7, 8))]), type=<class 'psycopg2.extras.RealDictRow'>
DEBUG:trading_app:Result is dict, keys=['max']
DEBUG:trading_app:get_latest_data_date for JNPR: result=RealDictRow([('max', datetime.date(2025, 7, 2))]), type=<class 'psycopg2.extras.RealDictRow'>
DEBUG:trading_app:Result is dict, keys=['max']
DEBUG:trading_app:get_latest_data_date for KVUE: result=RealDictRow([('max', datetime.date(2025, 7, 8))]), type=<class 'psycopg2.extras.RealDictRow'>
DEBUG:trading_app:Result is dict, keys=['max']
DEBUG:trading_app:get_latest_data_date for KDP: result=RealDictRow([('max', datetime.date(2025, 7, 8))]), type=<class 'psycopg2.extras.RealDictRow'>
DEBUG:trading_app:Result is dict, keys=['max']
DEBUG:trading_app:get_latest_data_date for KEY: result=RealDictRow([('max', datetime.date(2025, 7, 8))]), type=<class 'psycopg2.extras.RealDictRow'>
DEBUG:trading_app:Result is dict, keys=['max']
DEBUG:trading_app:get_latest_data_date for KEYS: result=RealDictRow([('max', datetime.date(2025, 7, 8))]), type=<class 'psycopg2.extras.RealDictRow'>
DEBUG:trading_app:Result is dict, keys=['max']
DEBUG:trading_app:get_latest_data_date for KMB: result=RealDictRow([('max', datetime.date(2025, 7, 8))]), type=<class 'psycopg2.extras.RealDictRow'>
DEBUG:trading_app:Result is dict, keys=['max']
DEBUG:trading_app:get_latest_data_date for KIM: result=RealDictRow([('max', datetime.date(2025, 7, 8))]), type=<class 'psycopg2.extras.RealDictRow'>
DEBUG:trading_app:Result is dict, keys=['max']
DEBUG:trading_app:get_latest_data_date for KMI: result=RealDictRow([('max', datetime.date(2025, 7, 8))]), type=<class 'psycopg2.extras.RealDictRow'>
DEBUG:trading_app:Result is dict, keys=['max']
DEBUG:trading_app:get_latest_data_date for KKR: result=RealDictRow([('max', datetime.date(2025, 7, 8))]), type=<class 'psycopg2.extras.RealDictRow'>
DEBUG:trading_app:Result is dict, keys=['max']
DEBUG:trading_app:get_latest_data_date for KLAC: result=RealDictRow([('max', datetime.date(2025, 7, 8))]), type=<class 'psycopg2.extras.RealDictRow'>
DEBUG:trading_app:Result is dict, keys=['max']
DEBUG:trading_app:get_latest_data_date for KHC: result=RealDictRow([('max', datetime.date(2025, 7, 8))]), type=<class 'psycopg2.extras.RealDictRow'>
DEBUG:trading_app:Result is dict, keys=['max']
DEBUG:trading_app:get_latest_data_date for KR: result=RealDictRow([('max', datetime.date(2025, 7, 8))]), type=<class 'psycopg2.extras.RealDictRow'>
DEBUG:trading_app:Result is dict, keys=['max']
DEBUG:trading_app:get_latest_data_date for LHX: result=RealDictRow([('max', datetime.date(2025, 7, 8))]), type=<class 'psycopg2.extras.RealDictRow'>
DEBUG:trading_app:Result is dict, keys=['max']
DEBUG:trading_app:get_latest_data_date for LH: result=RealDictRow([('max', datetime.date(2025, 7, 8))]), type=<class 'psycopg2.extras.RealDictRow'>
DEBUG:trading_app:Result is dict, keys=['max']
DEBUG:trading_app:get_latest_data_date for LRCX: result=RealDictRow([('max', datetime.date(2025, 7, 8))]), type=<class 'psycopg2.extras.RealDictRow'>
DEBUG:trading_app:Result is dict, keys=['max']
DEBUG:trading_app:get_latest_data_date for LW: result=RealDictRow([('max', datetime.date(2025, 7, 8))]), type=<class 'psycopg2.extras.RealDictRow'>
DEBUG:trading_app:Result is dict, keys=['max']
DEBUG:trading_app:get_latest_data_date for LVS: result=RealDictRow([('max', datetime.date(2025, 7, 8))]), type=<class 'psycopg2.extras.RealDictRow'>
DEBUG:trading_app:Result is dict, keys=['max']
DEBUG:trading_app:get_latest_data_date for LDOS: result=RealDictRow([('max', datetime.date(2025, 7, 8))]), type=<class 'psycopg2.extras.RealDictRow'>
DEBUG:trading_app:Result is dict, keys=['max']
DEBUG:trading_app:get_latest_data_date for LEN: result=RealDictRow([('max', datetime.date(2025, 7, 8))]), type=<class 'psycopg2.extras.RealDictRow'>
DEBUG:trading_app:Result is dict, keys=['max']
DEBUG:trading_app:get_latest_data_date for LII: result=RealDictRow([('max', datetime.date(2025, 7, 8))]), type=<class 'psycopg2.extras.RealDictRow'>
DEBUG:trading_app:Result is dict, keys=['max']
DEBUG:trading_app:get_latest_data_date for LLY: result=RealDictRow([('max', datetime.date(2025, 7, 8))]), type=<class 'psycopg2.extras.RealDictRow'>
DEBUG:trading_app:Result is dict, keys=['max']
DEBUG:trading_app:get_latest_data_date for LIN: result=RealDictRow([('max', datetime.date(2025, 7, 8))]), type=<class 'psycopg2.extras.RealDictRow'>
DEBUG:trading_app:Result is dict, keys=['max']
DEBUG:trading_app:get_latest_data_date for LYV: result=RealDictRow([('max', datetime.date(2025, 7, 8))]), type=<class 'psycopg2.extras.RealDictRow'>
DEBUG:trading_app:Result is dict, keys=['max']
DEBUG:trading_app:get_latest_data_date for LKQ: result=RealDictRow([('max', datetime.date(2025, 7, 8))]), type=<class 'psycopg2.extras.RealDictRow'>
DEBUG:trading_app:Result is dict, keys=['max']
DEBUG:trading_app:get_latest_data_date for LMT: result=RealDictRow([('max', datetime.date(2025, 7, 8))]), type=<class 'psycopg2.extras.RealDictRow'>
DEBUG:trading_app:Result is dict, keys=['max']
DEBUG:trading_app:get_latest_data_date for LOW: result=RealDictRow([('max', datetime.date(2025, 7, 8))]), type=<class 'psycopg2.extras.RealDictRow'>
DEBUG:trading_app:Result is dict, keys=['max']
DEBUG:trading_app:get_latest_data_date for LULU: result=RealDictRow([('max', datetime.date(2025, 7, 8))]), type=<class 'psycopg2.extras.RealDictRow'>
DEBUG:trading_app:Result is dict, keys=['max']
DEBUG:trading_app:get_latest_data_date for LYB: result=RealDictRow([('max', datetime.date(2025, 7, 8))]), type=<class 'psycopg2.extras.RealDictRow'>
DEBUG:trading_app:Result is dict, keys=['max']
DEBUG:trading_app:get_latest_data_date for MTB: result=RealDictRow([('max', datetime.date(2025, 7, 8))]), type=<class 'psycopg2.extras.RealDictRow'>
DEBUG:trading_app:Result is dict, keys=['max']
DEBUG:trading_app:get_latest_data_date for MPC: result=RealDictRow([('max', datetime.date(2025, 7, 8))]), type=<class 'psycopg2.extras.RealDictRow'>
DEBUG:trading_app:Result is dict, keys=['max']
DEBUG:trading_app:get_latest_data_date for MKTX: result=RealDictRow([('max', datetime.date(2025, 7, 8))]), type=<class 'psycopg2.extras.RealDictRow'>
DEBUG:trading_app:Result is dict, keys=['max']
DEBUG:trading_app:get_latest_data_date for MAR: result=RealDictRow([('max', datetime.date(2025, 7, 8))]), type=<class 'psycopg2.extras.RealDictRow'>
DEBUG:trading_app:Result is dict, keys=['max']
DEBUG:trading_app:get_latest_data_date for MMC: result=RealDictRow([('max', datetime.date(2025, 7, 8))]), type=<class 'psycopg2.extras.RealDictRow'>
DEBUG:trading_app:Result is dict, keys=['max']
DEBUG:trading_app:get_latest_data_date for MLM: result=RealDictRow([('max', datetime.date(2025, 7, 8))]), type=<class 'psycopg2.extras.RealDictRow'>
DEBUG:trading_app:Result is dict, keys=['max']
DEBUG:trading_app:get_latest_data_date for MAS: result=RealDictRow([('max', datetime.date(2025, 7, 8))]), type=<class 'psycopg2.extras.RealDictRow'>
DEBUG:trading_app:Result is dict, keys=['max']
DEBUG:trading_app:get_latest_data_date for MA: result=RealDictRow([('max', datetime.date(2025, 7, 8))]), type=<class 'psycopg2.extras.RealDictRow'>
DEBUG:trading_app:Result is dict, keys=['max']
DEBUG:trading_app:get_latest_data_date for MTCH: result=RealDictRow([('max', datetime.date(2025, 7, 8))]), type=<class 'psycopg2.extras.RealDictRow'>
DEBUG:trading_app:Result is dict, keys=['max']
DEBUG:trading_app:get_latest_data_date for MKC: result=RealDictRow([('max', datetime.date(2025, 7, 8))]), type=<class 'psycopg2.extras.RealDictRow'>
DEBUG:trading_app:Result is dict, keys=['max']
DEBUG:trading_app:get_latest_data_date for MCD: result=RealDictRow([('max', datetime.date(2025, 7, 8))]), type=<class 'psycopg2.extras.RealDictRow'>
DEBUG:trading_app:Result is dict, keys=['max']
DEBUG:trading_app:get_latest_data_date for MCK: result=RealDictRow([('max', datetime.date(2025, 7, 8))]), type=<class 'psycopg2.extras.RealDictRow'>
DEBUG:trading_app:Result is dict, keys=['max']
DEBUG:trading_app:get_latest_data_date for MDT: result=RealDictRow([('max', datetime.date(2025, 7, 8))]), type=<class 'psycopg2.extras.RealDictRow'>
DEBUG:trading_app:Result is dict, keys=['max']
DEBUG:trading_app:get_latest_data_date for MRK: result=RealDictRow([('max', datetime.date(2025, 7, 8))]), type=<class 'psycopg2.extras.RealDictRow'>
DEBUG:trading_app:Result is dict, keys=['max']
DEBUG:trading_app:get_latest_data_date for META: result=RealDictRow([('max', datetime.date(2025, 7, 8))]), type=<class 'psycopg2.extras.RealDictRow'>
DEBUG:trading_app:Result is dict, keys=['max']
DEBUG:trading_app:get_latest_data_date for MET: result=RealDictRow([('max', datetime.date(2025, 7, 8))]), type=<class 'psycopg2.extras.RealDictRow'>
DEBUG:trading_app:Result is dict, keys=['max']
DEBUG:trading_app:get_latest_data_date for MTD: result=RealDictRow([('max', datetime.date(2025, 7, 8))]), type=<class 'psycopg2.extras.RealDictRow'>
DEBUG:trading_app:Result is dict, keys=['max']
DEBUG:trading_app:get_latest_data_date for MGM: result=RealDictRow([('max', datetime.date(2025, 7, 8))]), type=<class 'psycopg2.extras.RealDictRow'>
DEBUG:trading_app:Result is dict, keys=['max']
DEBUG:trading_app:get_latest_data_date for MCHP: result=RealDictRow([('max', datetime.date(2025, 7, 8))]), type=<class 'psycopg2.extras.RealDictRow'>
DEBUG:trading_app:Result is dict, keys=['max']
DEBUG:trading_app:get_latest_data_date for MU: result=RealDictRow([('max', datetime.date(2025, 7, 8))]), type=<class 'psycopg2.extras.RealDictRow'>
DEBUG:trading_app:Result is dict, keys=['max']
DEBUG:trading_app:get_latest_data_date for MSFT: result=RealDictRow([('max', datetime.date(2025, 7, 8))]), type=<class 'psycopg2.extras.RealDictRow'>
DEBUG:trading_app:Result is dict, keys=['max']
DEBUG:trading_app:get_latest_data_date for MAA: result=RealDictRow([('max', datetime.date(2025, 7, 8))]), type=<class 'psycopg2.extras.RealDictRow'>
DEBUG:trading_app:Result is dict, keys=['max']
DEBUG:trading_app:get_latest_data_date for MRNA: result=RealDictRow([('max', datetime.date(2025, 7, 8))]), type=<class 'psycopg2.extras.RealDictRow'>
DEBUG:trading_app:Result is dict, keys=['max']
DEBUG:trading_app:get_latest_data_date for MHK: result=RealDictRow([('max', datetime.date(2025, 7, 8))]), type=<class 'psycopg2.extras.RealDictRow'>
DEBUG:trading_app:Result is dict, keys=['max']
DEBUG:trading_app:get_latest_data_date for MOH: result=RealDictRow([('max', datetime.date(2025, 7, 8))]), type=<class 'psycopg2.extras.RealDictRow'>
DEBUG:trading_app:Result is dict, keys=['max']
DEBUG:trading_app:get_latest_data_date for TAP: result=RealDictRow([('max', datetime.date(2025, 7, 8))]), type=<class 'psycopg2.extras.RealDictRow'>
DEBUG:trading_app:Result is dict, keys=['max']
DEBUG:trading_app:get_latest_data_date for MDLZ: result=RealDictRow([('max', datetime.date(2025, 7, 8))]), type=<class 'psycopg2.extras.RealDictRow'>
DEBUG:trading_app:Result is dict, keys=['max']
DEBUG:trading_app:get_latest_data_date for MPWR: result=RealDictRow([('max', datetime.date(2025, 7, 8))]), type=<class 'psycopg2.extras.RealDictRow'>
DEBUG:trading_app:Result is dict, keys=['max']
DEBUG:trading_app:get_latest_data_date for MNST: result=RealDictRow([('max', datetime.date(2025, 7, 8))]), type=<class 'psycopg2.extras.RealDictRow'>
DEBUG:trading_app:Result is dict, keys=['max']
DEBUG:trading_app:get_latest_data_date for MCO: result=RealDictRow([('max', datetime.date(2025, 7, 8))]), type=<class 'psycopg2.extras.RealDictRow'>
DEBUG:trading_app:Result is dict, keys=['max']
DEBUG:trading_app:get_latest_data_date for MS: result=RealDictRow([('max', datetime.date(2025, 7, 8))]), type=<class 'psycopg2.extras.RealDictRow'>
DEBUG:trading_app:Result is dict, keys=['max']
DEBUG:trading_app:get_latest_data_date for MOS: result=RealDictRow([('max', datetime.date(2025, 7, 8))]), type=<class 'psycopg2.extras.RealDictRow'>
DEBUG:trading_app:Result is dict, keys=['max']
DEBUG:trading_app:get_latest_data_date for MSI: result=RealDictRow([('max', datetime.date(2025, 7, 8))]), type=<class 'psycopg2.extras.RealDictRow'>
DEBUG:trading_app:Result is dict, keys=['max']
DEBUG:trading_app:get_latest_data_date for MSCI: result=RealDictRow([('max', datetime.date(2025, 7, 8))]), type=<class 'psycopg2.extras.RealDictRow'>
DEBUG:trading_app:Result is dict, keys=['max']
DEBUG:trading_app:get_latest_data_date for NDAQ: result=RealDictRow([('max', datetime.date(2025, 7, 8))]), type=<class 'psycopg2.extras.RealDictRow'>
DEBUG:trading_app:Result is dict, keys=['max']
DEBUG:trading_app:get_latest_data_date for NTAP: result=RealDictRow([('max', datetime.date(2025, 7, 8))]), type=<class 'psycopg2.extras.RealDictRow'>
DEBUG:trading_app:Result is dict, keys=['max']
DEBUG:trading_app:get_latest_data_date for NFLX: result=RealDictRow([('max', datetime.date(2025, 7, 8))]), type=<class 'psycopg2.extras.RealDictRow'>
DEBUG:trading_app:Result is dict, keys=['max']
DEBUG:trading_app:get_latest_data_date for NEM: result=RealDictRow([('max', datetime.date(2025, 7, 8))]), type=<class 'psycopg2.extras.RealDictRow'>
DEBUG:trading_app:Result is dict, keys=['max']
DEBUG:trading_app:get_latest_data_date for NWSA: result=RealDictRow([('max', datetime.date(2025, 7, 8))]), type=<class 'psycopg2.extras.RealDictRow'>
DEBUG:trading_app:Result is dict, keys=['max']
DEBUG:trading_app:get_latest_data_date for NWS: result=RealDictRow([('max', datetime.date(2025, 7, 8))]), type=<class 'psycopg2.extras.RealDictRow'>
DEBUG:trading_app:Result is dict, keys=['max']
DEBUG:trading_app:get_latest_data_date for NEE: result=RealDictRow([('max', datetime.date(2025, 7, 8))]), type=<class 'psycopg2.extras.RealDictRow'>
DEBUG:trading_app:Result is dict, keys=['max']
DEBUG:trading_app:get_latest_data_date for NKE: result=RealDictRow([('max', datetime.date(2025, 7, 8))]), type=<class 'psycopg2.extras.RealDictRow'>
DEBUG:trading_app:Result is dict, keys=['max']
DEBUG:trading_app:get_latest_data_date for NI: result=RealDictRow([('max', datetime.date(2025, 7, 8))]), type=<class 'psycopg2.extras.RealDictRow'>
DEBUG:trading_app:Result is dict, keys=['max']
DEBUG:trading_app:get_latest_data_date for NDSN: result=RealDictRow([('max', datetime.date(2025, 7, 8))]), type=<class 'psycopg2.extras.RealDictRow'>
DEBUG:trading_app:Result is dict, keys=['max']
DEBUG:trading_app:get_latest_data_date for NSC: result=RealDictRow([('max', datetime.date(2025, 7, 8))]), type=<class 'psycopg2.extras.RealDictRow'>
DEBUG:trading_app:Result is dict, keys=['max']
DEBUG:trading_app:get_latest_data_date for NTRS: result=RealDictRow([('max', datetime.date(2025, 7, 8))]), type=<class 'psycopg2.extras.RealDictRow'>
DEBUG:trading_app:Result is dict, keys=['max']
DEBUG:trading_app:get_latest_data_date for NOC: result=RealDictRow([('max', datetime.date(2025, 7, 8))]), type=<class 'psycopg2.extras.RealDictRow'>
DEBUG:trading_app:Result is dict, keys=['max']
DEBUG:trading_app:get_latest_data_date for NCLH: result=RealDictRow([('max', datetime.date(2025, 7, 8))]), type=<class 'psycopg2.extras.RealDictRow'>
DEBUG:trading_app:Result is dict, keys=['max']
DEBUG:trading_app:get_latest_data_date for NRG: result=RealDictRow([('max', datetime.date(2025, 7, 8))]), type=<class 'psycopg2.extras.RealDictRow'>
DEBUG:trading_app:Result is dict, keys=['max']
DEBUG:trading_app:get_latest_data_date for NUE: result=RealDictRow([('max', datetime.date(2025, 7, 8))]), type=<class 'psycopg2.extras.RealDictRow'>
DEBUG:trading_app:Result is dict, keys=['max']
DEBUG:trading_app:get_latest_data_date for NVDA: result=RealDictRow([('max', datetime.date(2025, 7, 8))]), type=<class 'psycopg2.extras.RealDictRow'>
DEBUG:trading_app:Result is dict, keys=['max']
DEBUG:trading_app:get_latest_data_date for NVR: result=RealDictRow([('max', datetime.date(2025, 7, 8))]), type=<class 'psycopg2.extras.RealDictRow'>
DEBUG:trading_app:Result is dict, keys=['max']
DEBUG:trading_app:get_latest_data_date for NXPI: result=RealDictRow([('max', datetime.date(2025, 7, 8))]), type=<class 'psycopg2.extras.RealDictRow'>
DEBUG:trading_app:Result is dict, keys=['max']
DEBUG:trading_app:get_latest_data_date for ORLY: result=RealDictRow([('max', datetime.date(2025, 7, 8))]), type=<class 'psycopg2.extras.RealDictRow'>
DEBUG:trading_app:Result is dict, keys=['max']
DEBUG:trading_app:get_latest_data_date for OXY: result=RealDictRow([('max', datetime.date(2025, 7, 8))]), type=<class 'psycopg2.extras.RealDictRow'>
DEBUG:trading_app:Result is dict, keys=['max']
DEBUG:trading_app:get_latest_data_date for ODFL: result=RealDictRow([('max', datetime.date(2025, 7, 8))]), type=<class 'psycopg2.extras.RealDictRow'>
DEBUG:trading_app:Result is dict, keys=['max']
DEBUG:trading_app:get_latest_data_date for OMC: result=RealDictRow([('max', datetime.date(2025, 7, 8))]), type=<class 'psycopg2.extras.RealDictRow'>
DEBUG:trading_app:Result is dict, keys=['max']
DEBUG:trading_app:get_latest_data_date for ON: result=RealDictRow([('max', datetime.date(2025, 7, 8))]), type=<class 'psycopg2.extras.RealDictRow'>
DEBUG:trading_app:Result is dict, keys=['max']
DEBUG:trading_app:get_latest_data_date for OKE: result=RealDictRow([('max', datetime.date(2025, 7, 8))]), type=<class 'psycopg2.extras.RealDictRow'>
DEBUG:trading_app:Result is dict, keys=['max']
DEBUG:trading_app:get_latest_data_date for ORCL: result=RealDictRow([('max', datetime.date(2025, 7, 8))]), type=<class 'psycopg2.extras.RealDictRow'>
DEBUG:trading_app:Result is dict, keys=['max']
DEBUG:trading_app:get_latest_data_date for OTIS: result=RealDictRow([('max', datetime.date(2025, 7, 8))]), type=<class 'psycopg2.extras.RealDictRow'>
DEBUG:trading_app:Result is dict, keys=['max']
DEBUG:trading_app:get_latest_data_date for PCAR: result=RealDictRow([('max', datetime.date(2025, 7, 8))]), type=<class 'psycopg2.extras.RealDictRow'>
DEBUG:trading_app:Result is dict, keys=['max']
DEBUG:trading_app:get_latest_data_date for PKG: result=RealDictRow([('max', datetime.date(2025, 7, 8))]), type=<class 'psycopg2.extras.RealDictRow'>
DEBUG:trading_app:Result is dict, keys=['max']
DEBUG:trading_app:get_latest_data_date for PLTR: result=RealDictRow([('max', datetime.date(2025, 7, 8))]), type=<class 'psycopg2.extras.RealDictRow'>
DEBUG:trading_app:Result is dict, keys=['max']
DEBUG:trading_app:get_latest_data_date for PANW: result=RealDictRow([('max', datetime.date(2025, 7, 8))]), type=<class 'psycopg2.extras.RealDictRow'>
DEBUG:trading_app:Result is dict, keys=['max']
DEBUG:trading_app:get_latest_data_date for PARA: result=RealDictRow([('max', datetime.date(2025, 7, 8))]), type=<class 'psycopg2.extras.RealDictRow'>
DEBUG:trading_app:Result is dict, keys=['max']
DEBUG:trading_app:get_latest_data_date for PH: result=RealDictRow([('max', datetime.date(2025, 7, 8))]), type=<class 'psycopg2.extras.RealDictRow'>
DEBUG:trading_app:Result is dict, keys=['max']
DEBUG:trading_app:get_latest_data_date for PAYX: result=RealDictRow([('max', datetime.date(2025, 7, 8))]), type=<class 'psycopg2.extras.RealDictRow'>
DEBUG:trading_app:Result is dict, keys=['max']
DEBUG:trading_app:get_latest_data_date for PAYC: result=RealDictRow([('max', datetime.date(2025, 7, 8))]), type=<class 'psycopg2.extras.RealDictRow'>
DEBUG:trading_app:Result is dict, keys=['max']
DEBUG:trading_app:get_latest_data_date for PYPL: result=RealDictRow([('max', datetime.date(2025, 7, 8))]), type=<class 'psycopg2.extras.RealDictRow'>
DEBUG:trading_app:Result is dict, keys=['max']
DEBUG:trading_app:get_latest_data_date for PNR: result=RealDictRow([('max', datetime.date(2025, 7, 8))]), type=<class 'psycopg2.extras.RealDictRow'>
DEBUG:trading_app:Result is dict, keys=['max']
DEBUG:trading_app:get_latest_data_date for PEP: result=RealDictRow([('max', datetime.date(2025, 7, 8))]), type=<class 'psycopg2.extras.RealDictRow'>
DEBUG:trading_app:Result is dict, keys=['max']
DEBUG:trading_app:get_latest_data_date for PFE: result=RealDictRow([('max', datetime.date(2025, 7, 8))]), type=<class 'psycopg2.extras.RealDictRow'>
DEBUG:trading_app:Result is dict, keys=['max']
DEBUG:trading_app:get_latest_data_date for PCG: result=RealDictRow([('max', datetime.date(2025, 7, 8))]), type=<class 'psycopg2.extras.RealDictRow'>
DEBUG:trading_app:Result is dict, keys=['max']
DEBUG:trading_app:get_latest_data_date for PM: result=RealDictRow([('max', datetime.date(2025, 7, 8))]), type=<class 'psycopg2.extras.RealDictRow'>
DEBUG:trading_app:Result is dict, keys=['max']
DEBUG:trading_app:get_latest_data_date for PSX: result=RealDictRow([('max', datetime.date(2025, 7, 8))]), type=<class 'psycopg2.extras.RealDictRow'>
DEBUG:trading_app:Result is dict, keys=['max']
DEBUG:trading_app:get_latest_data_date for PNW: result=RealDictRow([('max', datetime.date(2025, 7, 8))]), type=<class 'psycopg2.extras.RealDictRow'>
DEBUG:trading_app:Result is dict, keys=['max']
DEBUG:trading_app:get_latest_data_date for PNC: result=RealDictRow([('max', datetime.date(2025, 7, 8))]), type=<class 'psycopg2.extras.RealDictRow'>
DEBUG:trading_app:Result is dict, keys=['max']
DEBUG:trading_app:get_latest_data_date for POOL: result=RealDictRow([('max', datetime.date(2025, 7, 8))]), type=<class 'psycopg2.extras.RealDictRow'>
DEBUG:trading_app:Result is dict, keys=['max']
DEBUG:trading_app:get_latest_data_date for PPG: result=RealDictRow([('max', datetime.date(2025, 7, 8))]), type=<class 'psycopg2.extras.RealDictRow'>
DEBUG:trading_app:Result is dict, keys=['max']
DEBUG:trading_app:get_latest_data_date for PPL: result=RealDictRow([('max', datetime.date(2025, 7, 8))]), type=<class 'psycopg2.extras.RealDictRow'>
DEBUG:trading_app:Result is dict, keys=['max']
DEBUG:trading_app:get_latest_data_date for PFG: result=RealDictRow([('max', datetime.date(2025, 7, 8))]), type=<class 'psycopg2.extras.RealDictRow'>
DEBUG:trading_app:Result is dict, keys=['max']
DEBUG:trading_app:get_latest_data_date for PG: result=RealDictRow([('max', datetime.date(2025, 7, 8))]), type=<class 'psycopg2.extras.RealDictRow'>
DEBUG:trading_app:Result is dict, keys=['max']
DEBUG:trading_app:get_latest_data_date for PGR: result=RealDictRow([('max', datetime.date(2025, 7, 8))]), type=<class 'psycopg2.extras.RealDictRow'>
DEBUG:trading_app:Result is dict, keys=['max']
DEBUG:trading_app:get_latest_data_date for PLD: result=RealDictRow([('max', datetime.date(2025, 7, 8))]), type=<class 'psycopg2.extras.RealDictRow'>
DEBUG:trading_app:Result is dict, keys=['max']
DEBUG:trading_app:get_latest_data_date for PRU: result=RealDictRow([('max', datetime.date(2025, 7, 8))]), type=<class 'psycopg2.extras.RealDictRow'>
DEBUG:trading_app:Result is dict, keys=['max']
DEBUG:trading_app:get_latest_data_date for PEG: result=RealDictRow([('max', datetime.date(2025, 7, 8))]), type=<class 'psycopg2.extras.RealDictRow'>
DEBUG:trading_app:Result is dict, keys=['max']
DEBUG:trading_app:get_latest_data_date for PTC: result=RealDictRow([('max', datetime.date(2025, 7, 8))]), type=<class 'psycopg2.extras.RealDictRow'>
DEBUG:trading_app:Result is dict, keys=['max']
DEBUG:trading_app:get_latest_data_date for PSA: result=RealDictRow([('max', datetime.date(2025, 7, 8))]), type=<class 'psycopg2.extras.RealDictRow'>
DEBUG:trading_app:Result is dict, keys=['max']
DEBUG:trading_app:get_latest_data_date for PHM: result=RealDictRow([('max', datetime.date(2025, 7, 8))]), type=<class 'psycopg2.extras.RealDictRow'>
DEBUG:trading_app:Result is dict, keys=['max']
DEBUG:trading_app:get_latest_data_date for PWR: result=RealDictRow([('max', datetime.date(2025, 7, 8))]), type=<class 'psycopg2.extras.RealDictRow'>
DEBUG:trading_app:Result is dict, keys=['max']
DEBUG:trading_app:get_latest_data_date for QCOM: result=RealDictRow([('max', datetime.date(2025, 7, 8))]), type=<class 'psycopg2.extras.RealDictRow'>
DEBUG:trading_app:Result is dict, keys=['max']
DEBUG:trading_app:get_latest_data_date for DGX: result=RealDictRow([('max', datetime.date(2025, 7, 8))]), type=<class 'psycopg2.extras.RealDictRow'>
DEBUG:trading_app:Result is dict, keys=['max']
DEBUG:trading_app:get_latest_data_date for RL: result=RealDictRow([('max', datetime.date(2025, 7, 8))]), type=<class 'psycopg2.extras.RealDictRow'>
DEBUG:trading_app:Result is dict, keys=['max']
DEBUG:trading_app:get_latest_data_date for RJF: result=RealDictRow([('max', datetime.date(2025, 7, 8))]), type=<class 'psycopg2.extras.RealDictRow'>
DEBUG:trading_app:Result is dict, keys=['max']
DEBUG:trading_app:get_latest_data_date for RTX: result=RealDictRow([('max', datetime.date(2025, 7, 8))]), type=<class 'psycopg2.extras.RealDictRow'>
DEBUG:trading_app:Result is dict, keys=['max']
DEBUG:trading_app:get_latest_data_date for REG: result=RealDictRow([('max', datetime.date(2025, 7, 8))]), type=<class 'psycopg2.extras.RealDictRow'>
DEBUG:trading_app:Result is dict, keys=['max']
DEBUG:trading_app:get_latest_data_date for REGN: result=RealDictRow([('max', datetime.date(2025, 7, 8))]), type=<class 'psycopg2.extras.RealDictRow'>
DEBUG:trading_app:Result is dict, keys=['max']
DEBUG:trading_app:get_latest_data_date for RF: result=RealDictRow([('max', datetime.date(2025, 7, 8))]), type=<class 'psycopg2.extras.RealDictRow'>
DEBUG:trading_app:Result is dict, keys=['max']
DEBUG:trading_app:get_latest_data_date for RSG: result=RealDictRow([('max', datetime.date(2025, 7, 8))]), type=<class 'psycopg2.extras.RealDictRow'>
DEBUG:trading_app:Result is dict, keys=['max']
DEBUG:trading_app:get_latest_data_date for RMD: result=RealDictRow([('max', datetime.date(2025, 7, 8))]), type=<class 'psycopg2.extras.RealDictRow'>
DEBUG:trading_app:Result is dict, keys=['max']
DEBUG:trading_app:get_latest_data_date for RVTY: result=RealDictRow([('max', datetime.date(2025, 7, 8))]), type=<class 'psycopg2.extras.RealDictRow'>
DEBUG:trading_app:Result is dict, keys=['max']
DEBUG:trading_app:get_latest_data_date for ROK: result=RealDictRow([('max', datetime.date(2025, 7, 8))]), type=<class 'psycopg2.extras.RealDictRow'>
DEBUG:trading_app:Result is dict, keys=['max']
DEBUG:trading_app:get_latest_data_date for ROL: result=RealDictRow([('max', datetime.date(2025, 7, 8))]), type=<class 'psycopg2.extras.RealDictRow'>
DEBUG:trading_app:Result is dict, keys=['max']
DEBUG:trading_app:get_latest_data_date for ROP: result=RealDictRow([('max', datetime.date(2025, 7, 8))]), type=<class 'psycopg2.extras.RealDictRow'>
DEBUG:trading_app:Result is dict, keys=['max']
DEBUG:trading_app:get_latest_data_date for ROST: result=RealDictRow([('max', datetime.date(2025, 7, 8))]), type=<class 'psycopg2.extras.RealDictRow'>
DEBUG:trading_app:Result is dict, keys=['max']
DEBUG:trading_app:get_latest_data_date for RCL: result=RealDictRow([('max', datetime.date(2025, 7, 8))]), type=<class 'psycopg2.extras.RealDictRow'>
DEBUG:trading_app:Result is dict, keys=['max']
DEBUG:trading_app:get_latest_data_date for SPGI: result=RealDictRow([('max', datetime.date(2025, 7, 8))]), type=<class 'psycopg2.extras.RealDictRow'>
DEBUG:trading_app:Result is dict, keys=['max']
DEBUG:trading_app:get_latest_data_date for CRM: result=RealDictRow([('max', datetime.date(2025, 7, 8))]), type=<class 'psycopg2.extras.RealDictRow'>
DEBUG:trading_app:Result is dict, keys=['max']
DEBUG:trading_app:get_latest_data_date for SBAC: result=RealDictRow([('max', datetime.date(2025, 7, 8))]), type=<class 'psycopg2.extras.RealDictRow'>
DEBUG:trading_app:Result is dict, keys=['max']
DEBUG:trading_app:get_latest_data_date for SLB: result=RealDictRow([('max', datetime.date(2025, 7, 8))]), type=<class 'psycopg2.extras.RealDictRow'>
DEBUG:trading_app:Result is dict, keys=['max']
DEBUG:trading_app:get_latest_data_date for STX: result=RealDictRow([('max', datetime.date(2025, 7, 8))]), type=<class 'psycopg2.extras.RealDictRow'>
DEBUG:trading_app:Result is dict, keys=['max']
DEBUG:trading_app:get_latest_data_date for SRE: result=RealDictRow([('max', datetime.date(2025, 7, 8))]), type=<class 'psycopg2.extras.RealDictRow'>
DEBUG:trading_app:Result is dict, keys=['max']
DEBUG:trading_app:get_latest_data_date for NOW: result=RealDictRow([('max', datetime.date(2025, 7, 8))]), type=<class 'psycopg2.extras.RealDictRow'>
DEBUG:trading_app:Result is dict, keys=['max']
DEBUG:trading_app:get_latest_data_date for SHW: result=RealDictRow([('max', datetime.date(2025, 7, 8))]), type=<class 'psycopg2.extras.RealDictRow'>
DEBUG:trading_app:Result is dict, keys=['max']
DEBUG:trading_app:get_latest_data_date for SPG: result=RealDictRow([('max', datetime.date(2025, 7, 8))]), type=<class 'psycopg2.extras.RealDictRow'>
DEBUG:trading_app:Result is dict, keys=['max']
DEBUG:trading_app:get_latest_data_date for SWKS: result=RealDictRow([('max', datetime.date(2025, 7, 8))]), type=<class 'psycopg2.extras.RealDictRow'>
DEBUG:trading_app:Result is dict, keys=['max']
DEBUG:trading_app:get_latest_data_date for SJM: result=RealDictRow([('max', datetime.date(2025, 7, 8))]), type=<class 'psycopg2.extras.RealDictRow'>
DEBUG:trading_app:Result is dict, keys=['max']
DEBUG:trading_app:get_latest_data_date for SW: result=RealDictRow([('max', datetime.date(2025, 7, 8))]), type=<class 'psycopg2.extras.RealDictRow'>
DEBUG:trading_app:Result is dict, keys=['max']
DEBUG:trading_app:get_latest_data_date for SNA: result=RealDictRow([('max', datetime.date(2025, 7, 8))]), type=<class 'psycopg2.extras.RealDictRow'>
DEBUG:trading_app:Result is dict, keys=['max']
DEBUG:trading_app:get_latest_data_date for SOLV: result=RealDictRow([('max', datetime.date(2025, 7, 8))]), type=<class 'psycopg2.extras.RealDictRow'>
DEBUG:trading_app:Result is dict, keys=['max']
DEBUG:trading_app:get_latest_data_date for SO: result=RealDictRow([('max', datetime.date(2025, 7, 8))]), type=<class 'psycopg2.extras.RealDictRow'>
DEBUG:trading_app:Result is dict, keys=['max']
DEBUG:trading_app:get_latest_data_date for LUV: result=RealDictRow([('max', datetime.date(2025, 7, 8))]), type=<class 'psycopg2.extras.RealDictRow'>
DEBUG:trading_app:Result is dict, keys=['max']
DEBUG:trading_app:get_latest_data_date for SWK: result=RealDictRow([('max', datetime.date(2025, 7, 8))]), type=<class 'psycopg2.extras.RealDictRow'>
DEBUG:trading_app:Result is dict, keys=['max']
DEBUG:trading_app:get_latest_data_date for SBUX: result=RealDictRow([('max', datetime.date(2025, 7, 8))]), type=<class 'psycopg2.extras.RealDictRow'>
DEBUG:trading_app:Result is dict, keys=['max']
DEBUG:trading_app:get_latest_data_date for STT: result=RealDictRow([('max', datetime.date(2025, 7, 8))]), type=<class 'psycopg2.extras.RealDictRow'>
DEBUG:trading_app:Result is dict, keys=['max']
DEBUG:trading_app:get_latest_data_date for STLD: result=RealDictRow([('max', datetime.date(2025, 7, 8))]), type=<class 'psycopg2.extras.RealDictRow'>
DEBUG:trading_app:Result is dict, keys=['max']
DEBUG:trading_app:get_latest_data_date for STE: result=RealDictRow([('max', datetime.date(2025, 7, 8))]), type=<class 'psycopg2.extras.RealDictRow'>
DEBUG:trading_app:Result is dict, keys=['max']
DEBUG:trading_app:get_latest_data_date for SYK: result=RealDictRow([('max', datetime.date(2025, 7, 8))]), type=<class 'psycopg2.extras.RealDictRow'>
DEBUG:trading_app:Result is dict, keys=['max']
DEBUG:trading_app:get_latest_data_date for SMCI: result=RealDictRow([('max', datetime.date(2025, 7, 8))]), type=<class 'psycopg2.extras.RealDictRow'>
DEBUG:trading_app:Result is dict, keys=['max']
DEBUG:trading_app:get_latest_data_date for SYF: result=RealDictRow([('max', datetime.date(2025, 7, 8))]), type=<class 'psycopg2.extras.RealDictRow'>
DEBUG:trading_app:Result is dict, keys=['max']
DEBUG:trading_app:get_latest_data_date for SNPS: result=RealDictRow([('max', datetime.date(2025, 7, 8))]), type=<class 'psycopg2.extras.RealDictRow'>
DEBUG:trading_app:Result is dict, keys=['max']
DEBUG:trading_app:get_latest_data_date for SYY: result=RealDictRow([('max', datetime.date(2025, 7, 8))]), type=<class 'psycopg2.extras.RealDictRow'>
DEBUG:trading_app:Result is dict, keys=['max']
DEBUG:trading_app:get_latest_data_date for TMUS: result=RealDictRow([('max', datetime.date(2025, 7, 8))]), type=<class 'psycopg2.extras.RealDictRow'>
DEBUG:trading_app:Result is dict, keys=['max']
DEBUG:trading_app:get_latest_data_date for TROW: result=RealDictRow([('max', datetime.date(2025, 7, 8))]), type=<class 'psycopg2.extras.RealDictRow'>
DEBUG:trading_app:Result is dict, keys=['max']
DEBUG:trading_app:get_latest_data_date for TTWO: result=RealDictRow([('max', datetime.date(2025, 7, 8))]), type=<class 'psycopg2.extras.RealDictRow'>
DEBUG:trading_app:Result is dict, keys=['max']
DEBUG:trading_app:get_latest_data_date for TPR: result=RealDictRow([('max', datetime.date(2025, 7, 8))]), type=<class 'psycopg2.extras.RealDictRow'>
DEBUG:trading_app:Result is dict, keys=['max']
DEBUG:trading_app:get_latest_data_date for TRGP: result=RealDictRow([('max', datetime.date(2025, 7, 8))]), type=<class 'psycopg2.extras.RealDictRow'>
DEBUG:trading_app:Result is dict, keys=['max']
DEBUG:trading_app:get_latest_data_date for TGT: result=RealDictRow([('max', datetime.date(2025, 7, 8))]), type=<class 'psycopg2.extras.RealDictRow'>
DEBUG:trading_app:Result is dict, keys=['max']
DEBUG:trading_app:get_latest_data_date for TEL: result=RealDictRow([('max', datetime.date(2025, 7, 8))]), type=<class 'psycopg2.extras.RealDictRow'>
DEBUG:trading_app:Result is dict, keys=['max']
DEBUG:trading_app:get_latest_data_date for TDY: result=RealDictRow([('max', datetime.date(2025, 7, 8))]), type=<class 'psycopg2.extras.RealDictRow'>
DEBUG:trading_app:Result is dict, keys=['max']
DEBUG:trading_app:get_latest_data_date for TER: result=RealDictRow([('max', datetime.date(2025, 7, 8))]), type=<class 'psycopg2.extras.RealDictRow'>
DEBUG:trading_app:Result is dict, keys=['max']
DEBUG:trading_app:get_latest_data_date for TSLA: result=RealDictRow([('max', datetime.date(2025, 7, 8))]), type=<class 'psycopg2.extras.RealDictRow'>
DEBUG:trading_app:Result is dict, keys=['max']
DEBUG:trading_app:get_latest_data_date for TXN: result=RealDictRow([('max', datetime.date(2025, 7, 8))]), type=<class 'psycopg2.extras.RealDictRow'>
DEBUG:trading_app:Result is dict, keys=['max']
DEBUG:trading_app:get_latest_data_date for TPL: result=RealDictRow([('max', datetime.date(2025, 7, 8))]), type=<class 'psycopg2.extras.RealDictRow'>
DEBUG:trading_app:Result is dict, keys=['max']
DEBUG:trading_app:get_latest_data_date for TXT: result=RealDictRow([('max', datetime.date(2025, 7, 8))]), type=<class 'psycopg2.extras.RealDictRow'>
DEBUG:trading_app:Result is dict, keys=['max']
DEBUG:trading_app:get_latest_data_date for TMO: result=RealDictRow([('max', datetime.date(2025, 7, 8))]), type=<class 'psycopg2.extras.RealDictRow'>
DEBUG:trading_app:Result is dict, keys=['max']
DEBUG:trading_app:get_latest_data_date for TJX: result=RealDictRow([('max', datetime.date(2025, 7, 8))]), type=<class 'psycopg2.extras.RealDictRow'>
DEBUG:trading_app:Result is dict, keys=['max']
DEBUG:trading_app:get_latest_data_date for TKO: result=RealDictRow([('max', datetime.date(2025, 7, 8))]), type=<class 'psycopg2.extras.RealDictRow'>
DEBUG:trading_app:Result is dict, keys=['max']
DEBUG:trading_app:get_latest_data_date for TSCO: result=RealDictRow([('max', datetime.date(2025, 7, 8))]), type=<class 'psycopg2.extras.RealDictRow'>
DEBUG:trading_app:Result is dict, keys=['max']
DEBUG:trading_app:get_latest_data_date for TT: result=RealDictRow([('max', datetime.date(2025, 7, 8))]), type=<class 'psycopg2.extras.RealDictRow'>
DEBUG:trading_app:Result is dict, keys=['max']
DEBUG:trading_app:get_latest_data_date for TDG: result=RealDictRow([('max', datetime.date(2025, 7, 8))]), type=<class 'psycopg2.extras.RealDictRow'>
DEBUG:trading_app:Result is dict, keys=['max']
DEBUG:trading_app:get_latest_data_date for TRV: result=RealDictRow([('max', datetime.date(2025, 7, 8))]), type=<class 'psycopg2.extras.RealDictRow'>
DEBUG:trading_app:Result is dict, keys=['max']
DEBUG:trading_app:get_latest_data_date for TRMB: result=RealDictRow([('max', datetime.date(2025, 7, 8))]), type=<class 'psycopg2.extras.RealDictRow'>
DEBUG:trading_app:Result is dict, keys=['max']
DEBUG:trading_app:get_latest_data_date for TFC: result=RealDictRow([('max', datetime.date(2025, 7, 8))]), type=<class 'psycopg2.extras.RealDictRow'>
DEBUG:trading_app:Result is dict, keys=['max']
DEBUG:trading_app:get_latest_data_date for TYL: result=RealDictRow([('max', datetime.date(2025, 7, 8))]), type=<class 'psycopg2.extras.RealDictRow'>
DEBUG:trading_app:Result is dict, keys=['max']
DEBUG:trading_app:get_latest_data_date for TSN: result=RealDictRow([('max', datetime.date(2025, 7, 8))]), type=<class 'psycopg2.extras.RealDictRow'>
DEBUG:trading_app:Result is dict, keys=['max']
DEBUG:trading_app:get_latest_data_date for USB: result=RealDictRow([('max', datetime.date(2025, 7, 8))]), type=<class 'psycopg2.extras.RealDictRow'>
DEBUG:trading_app:Result is dict, keys=['max']
DEBUG:trading_app:get_latest_data_date for UBER: result=RealDictRow([('max', datetime.date(2025, 7, 8))]), type=<class 'psycopg2.extras.RealDictRow'>
DEBUG:trading_app:Result is dict, keys=['max']
DEBUG:trading_app:get_latest_data_date for UDR: result=RealDictRow([('max', datetime.date(2025, 7, 8))]), type=<class 'psycopg2.extras.RealDictRow'>
DEBUG:trading_app:Result is dict, keys=['max']
DEBUG:trading_app:get_latest_data_date for ULTA: result=RealDictRow([('max', datetime.date(2025, 7, 8))]), type=<class 'psycopg2.extras.RealDictRow'>
DEBUG:trading_app:Result is dict, keys=['max']
DEBUG:trading_app:get_latest_data_date for UNP: result=RealDictRow([('max', datetime.date(2025, 7, 8))]), type=<class 'psycopg2.extras.RealDictRow'>
DEBUG:trading_app:Result is dict, keys=['max']
DEBUG:trading_app:get_latest_data_date for UAL: result=RealDictRow([('max', datetime.date(2025, 7, 8))]), type=<class 'psycopg2.extras.RealDictRow'>
DEBUG:trading_app:Result is dict, keys=['max']
DEBUG:trading_app:get_latest_data_date for UPS: result=RealDictRow([('max', datetime.date(2025, 7, 8))]), type=<class 'psycopg2.extras.RealDictRow'>
DEBUG:trading_app:Result is dict, keys=['max']
DEBUG:trading_app:get_latest_data_date for URI: result=RealDictRow([('max', datetime.date(2025, 7, 8))]), type=<class 'psycopg2.extras.RealDictRow'>
DEBUG:trading_app:Result is dict, keys=['max']
DEBUG:trading_app:get_latest_data_date for UNH: result=RealDictRow([('max', datetime.date(2025, 7, 8))]), type=<class 'psycopg2.extras.RealDictRow'>
DEBUG:trading_app:Result is dict, keys=['max']
DEBUG:trading_app:get_latest_data_date for UHS: result=RealDictRow([('max', datetime.date(2025, 7, 8))]), type=<class 'psycopg2.extras.RealDictRow'>
DEBUG:trading_app:Result is dict, keys=['max']
DEBUG:trading_app:get_latest_data_date for VLO: result=RealDictRow([('max', datetime.date(2025, 7, 8))]), type=<class 'psycopg2.extras.RealDictRow'>
DEBUG:trading_app:Result is dict, keys=['max']
DEBUG:trading_app:get_latest_data_date for VTR: result=RealDictRow([('max', datetime.date(2025, 7, 8))]), type=<class 'psycopg2.extras.RealDictRow'>
DEBUG:trading_app:Result is dict, keys=['max']
DEBUG:trading_app:get_latest_data_date for VLTO: result=RealDictRow([('max', datetime.date(2025, 7, 8))]), type=<class 'psycopg2.extras.RealDictRow'>
DEBUG:trading_app:Result is dict, keys=['max']
DEBUG:trading_app:get_latest_data_date for VRSN: result=RealDictRow([('max', datetime.date(2025, 7, 8))]), type=<class 'psycopg2.extras.RealDictRow'>
DEBUG:trading_app:Result is dict, keys=['max']
DEBUG:trading_app:get_latest_data_date for VRSK: result=RealDictRow([('max', datetime.date(2025, 7, 8))]), type=<class 'psycopg2.extras.RealDictRow'>
DEBUG:trading_app:Result is dict, keys=['max']
DEBUG:trading_app:get_latest_data_date for VZ: result=RealDictRow([('max', datetime.date(2025, 7, 8))]), type=<class 'psycopg2.extras.RealDictRow'>
DEBUG:trading_app:Result is dict, keys=['max']
DEBUG:trading_app:get_latest_data_date for VRTX: result=RealDictRow([('max', datetime.date(2025, 7, 8))]), type=<class 'psycopg2.extras.RealDictRow'>
DEBUG:trading_app:Result is dict, keys=['max']
DEBUG:trading_app:get_latest_data_date for VTRS: result=RealDictRow([('max', datetime.date(2025, 7, 8))]), type=<class 'psycopg2.extras.RealDictRow'>
DEBUG:trading_app:Result is dict, keys=['max']
DEBUG:trading_app:get_latest_data_date for VICI: result=RealDictRow([('max', datetime.date(2025, 7, 8))]), type=<class 'psycopg2.extras.RealDictRow'>
DEBUG:trading_app:Result is dict, keys=['max']
DEBUG:trading_app:get_latest_data_date for VST: result=RealDictRow([('max', datetime.date(2025, 7, 8))]), type=<class 'psycopg2.extras.RealDictRow'>
DEBUG:trading_app:Result is dict, keys=['max']
DEBUG:trading_app:get_latest_data_date for VMC: result=RealDictRow([('max', datetime.date(2025, 7, 8))]), type=<class 'psycopg2.extras.RealDictRow'>
DEBUG:trading_app:Result is dict, keys=['max']
DEBUG:trading_app:get_latest_data_date for WRB: result=RealDictRow([('max', datetime.date(2025, 7, 8))]), type=<class 'psycopg2.extras.RealDictRow'>
DEBUG:trading_app:Result is dict, keys=['max']
DEBUG:trading_app:get_latest_data_date for GWW: result=RealDictRow([('max', datetime.date(2025, 7, 8))]), type=<class 'psycopg2.extras.RealDictRow'>
DEBUG:trading_app:Result is dict, keys=['max']
DEBUG:trading_app:get_latest_data_date for WAB: result=RealDictRow([('max', datetime.date(2025, 7, 8))]), type=<class 'psycopg2.extras.RealDictRow'>
DEBUG:trading_app:Result is dict, keys=['max']
DEBUG:trading_app:get_latest_data_date for WBA: result=RealDictRow([('max', datetime.date(2025, 7, 8))]), type=<class 'psycopg2.extras.RealDictRow'>
DEBUG:trading_app:Result is dict, keys=['max']
DEBUG:trading_app:get_latest_data_date for WMT: result=RealDictRow([('max', datetime.date(2025, 7, 8))]), type=<class 'psycopg2.extras.RealDictRow'>
DEBUG:trading_app:Result is dict, keys=['max']
DEBUG:trading_app:get_latest_data_date for DIS: result=RealDictRow([('max', datetime.date(2025, 7, 8))]), type=<class 'psycopg2.extras.RealDictRow'>
DEBUG:trading_app:Result is dict, keys=['max']
DEBUG:trading_app:get_latest_data_date for WBD: result=RealDictRow([('max', datetime.date(2025, 7, 8))]), type=<class 'psycopg2.extras.RealDictRow'>
DEBUG:trading_app:Result is dict, keys=['max']
DEBUG:trading_app:get_latest_data_date for WM: result=RealDictRow([('max', datetime.date(2025, 7, 8))]), type=<class 'psycopg2.extras.RealDictRow'>
DEBUG:trading_app:Result is dict, keys=['max']
DEBUG:trading_app:get_latest_data_date for WAT: result=RealDictRow([('max', datetime.date(2025, 7, 8))]), type=<class 'psycopg2.extras.RealDictRow'>
DEBUG:trading_app:Result is dict, keys=['max']
DEBUG:trading_app:get_latest_data_date for WEC: result=RealDictRow([('max', datetime.date(2025, 7, 8))]), type=<class 'psycopg2.extras.RealDictRow'>
DEBUG:trading_app:Result is dict, keys=['max']
DEBUG:trading_app:get_latest_data_date for WFC: result=RealDictRow([('max', datetime.date(2025, 7, 8))]), type=<class 'psycopg2.extras.RealDictRow'>
DEBUG:trading_app:Result is dict, keys=['max']
DEBUG:trading_app:get_latest_data_date for WELL: result=RealDictRow([('max', datetime.date(2025, 7, 8))]), type=<class 'psycopg2.extras.RealDictRow'>
DEBUG:trading_app:Result is dict, keys=['max']
DEBUG:trading_app:get_latest_data_date for WST: result=RealDictRow([('max', datetime.date(2025, 7, 8))]), type=<class 'psycopg2.extras.RealDictRow'>
DEBUG:trading_app:Result is dict, keys=['max']
DEBUG:trading_app:get_latest_data_date for WDC: result=RealDictRow([('max', datetime.date(2025, 7, 8))]), type=<class 'psycopg2.extras.RealDictRow'>
DEBUG:trading_app:Result is dict, keys=['max']
DEBUG:trading_app:get_latest_data_date for WY: result=RealDictRow([('max', datetime.date(2025, 7, 8))]), type=<class 'psycopg2.extras.RealDictRow'>
DEBUG:trading_app:Result is dict, keys=['max']
DEBUG:trading_app:get_latest_data_date for WSM: result=RealDictRow([('max', datetime.date(2025, 7, 8))]), type=<class 'psycopg2.extras.RealDictRow'>
DEBUG:trading_app:Result is dict, keys=['max']
DEBUG:trading_app:get_latest_data_date for WMB: result=RealDictRow([('max', datetime.date(2025, 7, 8))]), type=<class 'psycopg2.extras.RealDictRow'>
DEBUG:trading_app:Result is dict, keys=['max']
DEBUG:trading_app:get_latest_data_date for WTW: result=RealDictRow([('max', datetime.date(2025, 7, 8))]), type=<class 'psycopg2.extras.RealDictRow'>
DEBUG:trading_app:Result is dict, keys=['max']
DEBUG:trading_app:get_latest_data_date for WDAY: result=RealDictRow([('max', datetime.date(2025, 7, 8))]), type=<class 'psycopg2.extras.RealDictRow'>
DEBUG:trading_app:Result is dict, keys=['max']
DEBUG:trading_app:get_latest_data_date for WYNN: result=RealDictRow([('max', datetime.date(2025, 7, 8))]), type=<class 'psycopg2.extras.RealDictRow'>
DEBUG:trading_app:Result is dict, keys=['max']
DEBUG:trading_app:get_latest_data_date for XEL: result=RealDictRow([('max', datetime.date(2025, 7, 8))]), type=<class 'psycopg2.extras.RealDictRow'>
DEBUG:trading_app:Result is dict, keys=['max']
DEBUG:trading_app:get_latest_data_date for XYL: result=RealDictRow([('max', datetime.date(2025, 7, 8))]), type=<class 'psycopg2.extras.RealDictRow'>
DEBUG:trading_app:Result is dict, keys=['max']
DEBUG:trading_app:get_latest_data_date for YUM: result=RealDictRow([('max', datetime.date(2025, 7, 8))]), type=<class 'psycopg2.extras.RealDictRow'>
DEBUG:trading_app:Result is dict, keys=['max']
DEBUG:trading_app:get_latest_data_date for ZBRA: result=RealDictRow([('max', datetime.date(2025, 7, 8))]), type=<class 'psycopg2.extras.RealDictRow'>
DEBUG:trading_app:Result is dict, keys=['max']
DEBUG:trading_app:get_latest_data_date for ZBH: result=RealDictRow([('max', datetime.date(2025, 7, 8))]), type=<class 'psycopg2.extras.RealDictRow'>
DEBUG:trading_app:Result is dict, keys=['max']
DEBUG:trading_app:get_latest_data_date for ZTS: result=RealDictRow([('max', datetime.date(2025, 7, 8))]), type=<class 'psycopg2.extras.RealDictRow'>
DEBUG:trading_app:Result is dict, keys=['max']
DEBUG:trading_app:get_latest_data_date for JNPR: result=RealDictRow([('max', datetime.date(2025, 7, 2))]), type=<class 'psycopg2.extras.RealDictRow'>
DEBUG:trading_app:Result is dict, keys=['max']
ERROR:yfinance:$JNPR: possibly delisted; no price data found  (1d 2025-07-03 00:00:00 -> 2025-07-09 00:00:00)
INFO:trading_system:{status} | {event}
INFO:trading_system:{status} | {event}
INFO:src.core.recommendation_manager:Recommendation Manager initialized
INFO:src.core.recommendation_manager:Recommendation manager initialized successfully
INFO:apscheduler.scheduler:Adding job tentatively -- it will be properly scheduled when the scheduler starts
INFO:apscheduler.scheduler:Added job "preload_stock_data" to job store "default"
INFO:apscheduler.scheduler:Scheduler started
Current directory: /Users/rick/Desktop/stuff/code_projects/IBS/trading
Project root: /Users/rick/Desktop/stuff/code_projects/IBS/trading
[DEBUG] Loaded config from: /Users/rick/Desktop/stuff/code_projects/IBS/trading/src/core/config.py
[0;36m🚀 Starting Trading AI Application with Enhanced Logging...[0m
============================================================
🔧 Ensuring database is ready...
[0;32m[SUCCESS][0m Found Trading AI project files
✅ Database is ready
✅ 2-year historical data check already performed today (2025-07-10)

🔄 Checking for S&P 500 symbol updates...
⚠️ S&P 500 symbols table not available - using Alpha Vantage TOP_GAINERS_LOSERS instead

================================================================================
🚀 TRADING AI - DAILY STOCK DATA UPDATE
================================================================================
📅 Update started at: 2025-07-10 15:47:52
[0;32m[SUCCESS][0m Enhanced logging system initialized
[0;32m[SUCCESS][0m Found virtual environment: .venv
[1;33m[WARNING][0m Virtual environment found but not activated
[0;34m[INFO][0m Activate with: source .venv/bin/activate (Linux/Mac)
[0;34m[INFO][0m            or: .venv\Scripts\activate (Windows)
🏢 Checking 491 current S&P 500 stocks

🔍 Checking which stocks need data updates...
📊 Found 491 current S&P 500 stocks
[0;32m[SUCCESS][0m All required dependencies found
[0;32m[SUCCESS][0m PostgreSQL connection working
[1;33m[WARNING][0m Port 5001 is already in use
[0;34m[INFO][0m Attempting to free port 5001...
[0;34m[INFO][0m Stopped existing processes
🔄 Found 1 stocks needing updates:
   • JNPR

[1/1]   📊 Updating JNPR...
[DEBUG] Trying Yahoo Finance API for last trading day...
[DEBUG] Yahoo Finance returned last trading day: 2025-07-09
[DEBUG] Using last trading day from API: 2025-07-09
    🔄 Fetching missing data from 2025-07-03 to 2025-07-09 (6 days)
    📊 Fetching Yahoo Finance data for JNPR from 2025-07-03 to 2025-07-09
    ❌ No Yahoo Finance data found for JNPR
    ❌ Failed to get data for JNPR

================================================================================
📊 DAILY UPDATE SUMMARY
================================================================================
✅ Successfully updated: 0 stocks
⏭️ Skipped (already current): 0 stocks
❌ Failed: 1 stocks
📈 Total records added: 0
⏱️ Update completed at: 2025-07-10 15:47:53
================================================================================
🔄 Checking/updating S&P 500 symbols from Wikipedia (once per day)...
✅ S&P 500 table already updated today (2025-07-10)
[0;32m[SUCCESS][0m Port 5001 is available

[0;36m🔗 Application will be available at:[0m
   📱 Local:   http://localhost:5001
   🌐 Network: http://192.168.254.47:5001

[0;36m📊 Available pages:[0m
   🏠 Dashboard:     http://localhost:5001/
   📈 Stocks:        http://localhost:5001/stocks
   💰 Crypto:        http://localhost:5001/crypto
   🎯 Opportunities: http://localhost:5001/opportunities
   ⚙️  System Status: http://localhost:5001/system_status
   🔍 Logs Viewer:   http://localhost:5001/logs

[0;36m⚡ Features enabled:[0m
   🗄️  PostgreSQL cache (2,400x performance improvement)
   🚀 Smart batching (5-10x faster bulk analysis)
   📡 WebSocket real-time progress updates
   🤖 Ollama AI sentiment analysis (local & free)
   📊 Enhanced logging system with web viewer

[0;36m🔥 Log Files Available:[0m
   📝 app.log - General application events
   🌐 api_calls.log - API requests and responses
   ❌ errors.log - Errors and exceptions
   ⚡ performance.log - Timing and performance metrics
   👤 user_actions.log - User interactions and clicks
   🖥️  system.log - System status and health

[1;33m🛑 Press Ctrl+C to stop the application[0m
============================================================
[0;34m[INFO][0m Starting Flask application with SocketIO and enhanced logging...
[DEBUG] Starting background preload_stock_data()
INFO:trading_system:Loading preloaded data from database at startup
=== STARTUP: About to load preloaded data from database ===
[DEBUG] Fetching S&P 500 analysis for preloading...
[DEBUG] Found market movers: {'gainers': ['SUGP', 'EVOK', 'CLDI'], 'losers': ['PHH', 'BMNR', 'RXST'], 'timestamp': '2025-07-10T15:16:40.912870', 'source': 'alpha_vantage'}
🔍 Analyzing SUGP (1/6)...
2025-07-10 15:47:54,663 | ERROR    | ERROR | trading_errors:312 | EXCEPTION in {operation}: {str(exception)}
Traceback (most recent call last):
  File "/Users/rick/Desktop/stuff/code_projects/IBS/trading/src/web/app.py", line 2880, in load_preloaded_data_from_db
    preload_timestamp = row[0]
KeyError: 0
ERROR:trading_errors:EXCEPTION in {operation}: {str(exception)}
Traceback (most recent call last):
  File "/Users/rick/Desktop/stuff/code_projects/IBS/trading/src/web/app.py", line 2880, in load_preloaded_data_from_db
    preload_timestamp = row[0]
KeyError: 0
INFO:trading_system:Successfully imported Flask app components
INFO:trading_system:{status} | {event}
INFO:trading_system:Starting Flask application via create_app
INFO:trading_system:{status} | {event}
⚠️ No market data available for SUGP
=== STARTUP: Finished loading preloaded data from database ===
[0;32m[SUCCESS][0m Flask application components loaded
[0;34m[INFO][0m Starting server on http://localhost:5001
[DEBUG] Entered create_app()
[DEBUG] About to start socketio.run() on 0.0.0.0:5001
 * Serving Flask app 'src.web.app'
 * Debug mode: off
INFO:werkzeug:[31m[1mWARNING: This is a development server. Do not use it in a production deployment. Use a production WSGI server instead.[0m
 * Running on all addresses (0.0.0.0)
 * Running on http://127.0.0.1:5001
 * Running on http://192.168.254.47:5001
INFO:werkzeug:[33mPress CTRL+C to quit[0m
[DEBUG][AlphaVantage] Raw response for SUGP: {'items': '12', 'sentiment_score_definition': 'x <= -0.35: Bearish; -0.35 < x <= -0.15: Somewhat-Bearish; -0.15 < x < 0.15: Neutral; 0.15 <= x < 0.35: Somewhat_Bullish; x >= 0.35: Bullish', 'relevance_score_definition': '0 < x <= 1, with a higher score indicating higher relevance.', 'feed': [{'title': 'Crude Oil Moves Higher; RxSight Shares Plunge - BitMine Immersion Techs  ( AMEX:BMNR ) , Calidi Biotherapeutics  ( AMEX:CLDI ) ', 'url': 'https://www.benzinga.com/markets/market-summary/25/07/46327297/crude-oil-moves-higher-rxsight-shares-plunge', 'time_published': '20250709T173345', 'authors': ['Avi Kapoor'], 'summary': 'U.S. stocks traded higher midway through trading, with the Nasdaq Composite gaining more than 100 points on Wednesday. The Dow traded up 0.18% to 44,319.31 while the NASDAQ gained 0.62% to 20,545.29. The S&P 500 also rose, gaining, 0.31% to 6,245.11. Communication services shares jumped by 1.1% ...', 'banner_image': 'https://cdn.benzinga.com/files/images/story/2025/07/09/Oil-Tanker-Underway-Towards-Open-Sea--Cr.jpeg?width=1200&height=800&fit=crop', 'source': 'Benzinga', 'category_within_source': 'Trading', 'source_domain': 'www.benzinga.com', 'topics': [{'topic': 'Life Sciences', 'relevance_score': '0.5'}, {'topic': 'IPO', 'relevance_score': '0.158519'}, {'topic': 'Financial Markets', 'relevance_score': '0.214378'}, {'topic': 'Technology', 'relevance_score': '0.5'}], 'overall_sentiment_score': 0.134939, 'overall_sentiment_label': 'Neutral', 'ticker_sentiment': [{'ticker': 'BMNR', 'relevance_score': '0.29234', 'ticker_sentiment_score': '0.341889', 'ticker_sentiment_label': 'Somewhat-Bullish'}, {'ticker': 'EVTL', 'relevance_score': '0.197413', 'ticker_sentiment_score': '-0.094816', 'ticker_sentiment_label': 'Neutral'}, {'ticker': 'RXST', 'relevance_score': '0.197413', 'ticker_sentiment_score': '0.141361', 'ticker_sentiment_label': 'Neutral'}, {'ticker': 'SUGP', 'relevance_score': '0.197413', 'ticker_sentiment_score': '0.3287', 'ticker_sentiment_label': 'Somewhat-Bullish'}, {'ticker': 'EVOK', 'relevance_score': '0.197413', 'ticker_sentiment_score': '0.014821', 'ticker_sentiment_label': 'Neutral'}]}, {'title': 'Dow Jumps 200 Points; US Wholesale Inventories Fall 0.3% In May - Calidi Biotherapeutics  ( AMEX:CLDI ) , Blue Gold  ( NASDAQ:BGL ) ', 'url': 'https://www.benzinga.com/news/25/07/46321522/dow-jumps-200-points-us-wholesale-inventories-fall-0-3-in-may', 'time_published': '20250709T143655', 'authors': ['Avi Kapoor'], 'summary': 'U.S. stocks traded higher this morning, with the Dow Jones index gaining more than 200 points on Wednesday. Following the market opening Wednesday, the Dow traded up 0.46% to 44,442.42 while the NASDAQ gained 0.95% to 20,611.65. The S&P 500 also rose, gaining, 0.60% to 6,262.70.', 'banner_image': 'https://cdn.benzinga.com/files/images/story/2025/07/09/Portland--Or--Usa---Mar-12--2020-Dow-Jon.jpeg?width=1200&height=800&fit=crop', 'source': 'Benzinga', 'category_within_source': 'Trading', 'source_domain': 'www.benzinga.com', 'topics': [{'topic': 'Life Sciences', 'relevance_score': '0.5'}, {'topic': 'Technology', 'relevance_score': '0.5'}, {'topic': 'Financial Markets', 'relevance_score': '0.161647'}], 'overall_sentiment_score': 0.184795, 'overall_sentiment_label': 'Somewhat-Bullish', 'ticker_sentiment': [{'ticker': 'PHH', 'relevance_score': '0.207571', 'ticker_sentiment_score': '0.416259', 'ticker_sentiment_label': 'Bullish'}, {'ticker': 'RXST', 'relevance_score': '0.207571', 'ticker_sentiment_score': '0.146826', 'ticker_sentiment_label': 'Neutral'}, {'ticker': 'SUGP', 'relevance_score': '0.207571', 'ticker_sentiment_score': '0.34045', 'ticker_sentiment_label': 'Somewhat-Bullish'}, {'ticker': 'EVOK', 'relevance_score': '0.207571', 'ticker_sentiment_score': '0.015402', 'ticker_sentiment_label': 'Neutral'}]}, {'title': "SU Group Announces US$4.4 Million Win; Represents Largest Contract in Company's History - SU Group Holdings  ( NASDAQ:SUGP ) ", 'url': 'https://www.benzinga.com/pressreleases/24/11/n41896464/su-group-announces-us-4-4-million-win-represents-largest-contract-in-companys-history', 'time_published': '20241112T120000', 'authors': ['PRNewswire'], 'summary': 'HONG KONG, Nov. 12, 2024 /PRNewswire/ -- SU Group Holdings Limited SUGP ( "SU Group" or the "Company" ) , an integrated security-related engineering services company in Hong Kong, today announced a US$4.4 million win, representing the largest contract in the Company\'s history.', 'banner_image': 'https://mma.prnewswire.com/media/2327750/logo_Logo.jpg', 'source': 'Benzinga', 'category_within_source': 'News', 'source_domain': 'www.benzinga.com', 'topics': [{'topic': 'Earnings', 'relevance_score': '0.108179'}, {'topic': 'Technology', 'relevance_score': '1.0'}, {'topic': 'Financial Markets', 'relevance_score': '0.650727'}], 'overall_sentiment_score': 0.188623, 'overall_sentiment_label': 'Somewhat-Bullish', 'ticker_sentiment': [{'ticker': 'SUGP', 'relevance_score': '0.118064', 'ticker_sentiment_score': '0.01704', 'ticker_sentiment_label': 'Neutral'}, {'ticker': 'CURN', 'relevance_score': '0.039483', 'ticker_sentiment_score': '0.056258', 'ticker_sentiment_label': 'Neutral'}]}, {'title': "Hong Kong's Labour Department Certifies SU Group Under Good Employer Charter - SU Group Holdings  ( NASDAQ:SUGP ) ", 'url': 'https://www.benzinga.com/pressreleases/24/09/n41046364/hong-kongs-labour-department-certifies-su-group-under-good-employer-charter', 'time_published': '20240926T130000', 'authors': ['PRNewswire'], 'summary': 'HONG KONG, Sept. 26, 2024 /PRNewswire/ -- SU Group Holdings Limited SUGP ( "SU Group" or the "Company" ) , an integrated security-related engineering services company in Hong Kong, today announced Hong Kong\'s Labour Department certified its wholly owned unit, Shine Union Limited, under the Good ...', 'banner_image': 'https://mma.prnewswire.com/media/2327750/logo_Logo.jpg', 'source': 'Benzinga', 'category_within_source': 'News', 'source_domain': 'www.benzinga.com', 'topics': [{'topic': 'Technology', 'relevance_score': '1.0'}, {'topic': 'Financial Markets', 'relevance_score': '0.650727'}], 'overall_sentiment_score': 0.261875, 'overall_sentiment_label': 'Somewhat-Bullish', 'ticker_sentiment': [{'ticker': 'SUGP', 'relevance_score': '0.125898', 'ticker_sentiment_score': '0.020055', 'ticker_sentiment_label': 'Neutral'}, {'ticker': 'CURN', 'relevance_score': '0.042122', 'ticker_sentiment_score': '0.067441', 'ticker_sentiment_label': 'Neutral'}]}, {'title': 'SU Group to Ring Nasdaq Closing Bell on Tuesday, July 2, 2024', 'url': 'https://www.prnewswire.com/news-releases/su-group-to-ring-nasdaq-closing-bell-on-tuesday-july-2-2024-302186488.html', 'time_published': '20240701T120000', 'authors': ['SU Group Holdings Limited'], 'summary': 'HONG KONG, July 1, 2024 /PRNewswire/ -- SU Group Holdings Limited ( Nasdaq: SUGP ) ( "SU Group" or the "Company" ) , an integrated security-related engineering services company in Hong Kong, today announced that it will be ringing the Nasdaq closing bell on Tuesday, July 2, 2024.', 'banner_image': 'https://mma.prnewswire.com/media/2327750/logo_Logo.jpg?p=facebook', 'source': 'PR Newswire', 'category_within_source': 'n/a', 'source_domain': 'www.prnewswire.com', 'topics': [{'topic': 'IPO', 'relevance_score': '0.158519'}, {'topic': 'Technology', 'relevance_score': '1.0'}, {'topic': 'Financial Markets', 'relevance_score': '0.495866'}], 'overall_sentiment_score': 0.190887, 'overall_sentiment_label': 'Somewhat-Bullish', 'ticker_sentiment': [{'ticker': 'SUGP', 'relevance_score': '0.21961', 'ticker_sentiment_score': '0.035692', 'ticker_sentiment_label': 'Neutral'}, {'ticker': 'CURN', 'relevance_score': '0.044469', 'ticker_sentiment_score': '0.068673', 'ticker_sentiment_label': 'Neutral'}]}, {'title': 'SU Group Holdings Reports First Half Fiscal Year 2024 Results', 'url': 'https://www.prnewswire.com/news-releases/su-group-holdings-reports-first-half-fiscal-year-2024-results-302186494.html', 'time_published': '20240701T110000', 'authors': ['SU Group Holdings Limited'], 'summary': '- 11.7% YoY Increase in Security Guarding and Screening Services Segment Revenues- Cash and Cash Equivalents Increase Nearly 200% YoY', 'banner_image': 'https://mma.prnewswire.com/media/2327750/logo_Logo.jpg?p=facebook', 'source': 'PR Newswire', 'category_within_source': 'n/a', 'source_domain': 'www.prnewswire.com', 'topics': [{'topic': 'IPO', 'relevance_score': '0.310843'}, {'topic': 'Financial Markets', 'relevance_score': '0.650727'}, {'topic': 'Earnings', 'relevance_score': '0.972756'}, {'topic': 'Technology', 'relevance_score': '1.0'}, {'topic': 'Economy - Macro', 'relevance_score': '0.158519'}], 'overall_sentiment_score': 0.209925, 'overall_sentiment_label': 'Somewhat-Bullish', 'ticker_sentiment': [{'ticker': 'SUGP', 'relevance_score': '0.122269', 'ticker_sentiment_score': '-0.006918', 'ticker_sentiment_label': 'Neutral'}, {'ticker': 'CURN', 'relevance_score': '0.024546', 'ticker_sentiment_score': '0.06465', 'ticker_sentiment_label': 'Neutral'}, {'ticker': 'FOREX:USD', 'relevance_score': '0.024546', 'ticker_sentiment_score': '0.0009', 'ticker_sentiment_label': 'Neutral'}]}, {'title': 'SU Group Set to Expands Market Reach and Profit Margins with Exclusive Distribution Agreement - SU Group Holdings  ( NASDAQ:SUGP ) ', 'url': 'https://www.benzinga.com/pressreleases/24/06/n39378607/su-group-set-to-expands-market-reach-and-profit-margins-with-exclusive-distribution-agreement', 'time_published': '20240618T130000', 'authors': ['PRNewswire'], 'summary': 'HONG KONG, June 18, 2024 /PRNewswire/ -- SU Group Holdings Limited SUGP ( "SU Group" or the "Company" ) , an integrated security-related engineering services company in Hong Kong, today announced it has expanded its security products and solutions portfolio after agreeing to become the exclusive ...', 'banner_image': 'https://www.benzinga.com/next-assets/images/schema-image-default.png', 'source': 'Benzinga', 'category_within_source': 'News', 'source_domain': 'www.benzinga.com', 'topics': [{'topic': 'Earnings', 'relevance_score': '0.538269'}, {'topic': 'Technology', 'relevance_score': '1.0'}, {'topic': 'Financial Markets', 'relevance_score': '0.650727'}], 'overall_sentiment_score': 0.263689, 'overall_sentiment_label': 'Somewhat-Bullish', 'ticker_sentiment': [{'ticker': 'SUGP', 'relevance_score': '0.128592', 'ticker_sentiment_score': '0.092404', 'ticker_sentiment_label': 'Neutral'}, {'ticker': 'CURN', 'relevance_score': '0.04303', 'ticker_sentiment_score': '0.068536', 'ticker_sentiment_label': 'Neutral'}]}, {'title': 'Why NVIDIA Shares Are Trading Higher By Over 6%; Here Are 20 Stocks Moving Premarket - NVIDIA  ( NASDAQ:NVDA ) ', 'url': 'https://www.benzinga.com/news/24/05/38984489/why-nvidia-shares-are-trading-higher-by-over-6-here-are-20-stocks-moving-premarket', 'time_published': '20240523T123923', 'authors': ['Avi Kapoor'], 'summary': "Shares of NVIDIA Corporation NVDA rose sharply in today's pre-market trading after the company reported better-than-expected financial results for its first quarter and issued strong guidance for the second quarter. The company announced a 10-for-1 stock split and raised its quarterly dividend by ...", 'banner_image': 'https://cdn.benzinga.com/files/images/story/2024/05/23/Nvidia.jpeg?width=1200&height=800&fit=crop', 'source': 'Benzinga', 'category_within_source': 'Markets', 'source_domain': 'www.benzinga.com', 'topics': [{'topic': 'Life Sciences', 'relevance_score': '0.2'}, {'topic': 'Technology', 'relevance_score': '0.2'}, {'topic': 'IPO', 'relevance_score': '0.158519'}, {'topic': 'Retail & Wholesale', 'relevance_score': '0.2'}, {'topic': 'Financial Markets', 'relevance_score': '1.0'}, {'topic': 'Manufacturing', 'relevance_score': '0.2'}, {'topic': 'Earnings', 'relevance_score': '0.839681'}, {'topic': 'Real Estate & Construction', 'relevance_score': '0.2'}], 'overall_sentiment_score': 0.212861, 'overall_sentiment_label': 'Somewhat-Bullish', 'ticker_sentiment': [{'ticker': 'DMTK', 'relevance_score': '0.147818', 'ticker_sentiment_score': '-0.059779', 'ticker_sentiment_label': 'Neutral'}, {'ticker': 'RDZN', 'relevance_score': '0.147818', 'ticker_sentiment_score': '-0.055454', 'ticker_sentiment_label': 'Neutral'}, {'ticker': 'NVDA', 'relevance_score': '0.220141', 'ticker_sentiment_score': '0.394405', 'ticker_sentiment_label': 'Bullish'}, {'ticker': 'GWAV', 'relevance_score': '0.147818', 'ticker_sentiment_score': '0.210557', 'ticker_sentiment_label': 'Somewhat-Bullish'}, {'ticker': 'STSS', 'relevance_score': '0.147818', 'ticker_sentiment_score': '0.466869', 'ticker_sentiment_label': 'Bullish'}, {'ticker': 'AMV', 'relevance_score': '0.220141', 'ticker_sentiment_score': '0.085691', 'ticker_sentiment_label': 'Neutral'}, {'ticker': 'XELA', 'relevance_score': '0.220141', 'ticker_sentiment_score': '-0.065449', 'ticker_sentiment_label': 'Neutral'}, {'ticker': 'SUGP', 'relevance_score': '0.147818', 'ticker_sentiment_score': '0.077796', 'ticker_sentiment_label': 'Neutral'}, {'ticker': 'CYTK', 'relevance_score': '0.220141', 'ticker_sentiment_score': '0.093302', 'ticker_sentiment_label': 'Neutral'}, {'ticker': 'MGOL', 'relevance_score': '0.147818', 'ticker_sentiment_score': '-0.055454', 'ticker_sentiment_label': 'Neutral'}, {'ticker': 'BNED', 'relevance_score': '0.147818', 'ticker_sentiment_score': '-0.032718', 'ticker_sentiment_label': 'Neutral'}, {'ticker': 'RAMP', 'relevance_score': '0.147818', 'ticker_sentiment_score': '0.2973', 'ticker_sentiment_label': 'Somewhat-Bullish'}, {'ticker': 'NCPL', 'relevance_score': '0.147818', 'ticker_sentiment_score': '0.30853', 'ticker_sentiment_label': 'Somewhat-Bullish'}, {'ticker': 'ZUO', 'relevance_score': '0.147818', 'ticker_sentiment_score': '0.353174', 'ticker_sentiment_label': 'Bullish'}, {'ticker': 'AKTS', 'relevance_score': '0.147818', 'ticker_sentiment_score': '0.091698', 'ticker_sentiment_label': 'Neutral'}, {'ticker': 'MMV', 'relevance_score': '0.147818', 'ticker_sentiment_score': '-0.47277', 'ticker_sentiment_label': 'Bearish'}, {'ticker': 'ASTI', 'relevance_score': '0.147818', 'ticker_sentiment_score': '0.0', 'ticker_sentiment_label': 'Neutral'}, {'ticker': 'ISPC', 'relevance_score': '0.147818', 'ticker_sentiment_score': '0.320978', 'ticker_sentiment_label': 'Somewhat-Bullish'}, {'ticker': 'MBIO', 'relevance_score': '0.147818', 'ticker_sentiment_score': '0.045184', 'ticker_sentiment_label': 'Neutral'}]}, {'title': 'SU Group Successfully Implements Virtual Call Center to Support Growth', 'url': 'https://www.prnewswire.com/news-releases/su-group-successfully-implements-virtual-call-center-to-support-growth-302116679.html', 'time_published': '20240415T123000', 'authors': ['SU Group Holdings Limited'], 'summary': 'HONG KONG, April 15, 2024 /PRNewswire/ -- SU Group Holdings Limited ( Nasdaq: SUGP ) ( "SU Group" or the "Company" ) , an integrated security-related engineering services company in Hong Kong, today announced it has successfully implemented a Virtual Call Center ( "VCC" ) to support its business ...', 'banner_image': 'https://mma.prnewswire.com/media/2327750/logo_Logo.jpg?p=facebook', 'source': 'PR Newswire', 'category_within_source': 'n/a', 'source_domain': 'www.prnewswire.com', 'topics': [{'topic': 'Earnings', 'relevance_score': '0.360215'}, {'topic': 'Technology', 'relevance_score': '1.0'}, {'topic': 'Financial Markets', 'relevance_score': '0.495866'}], 'overall_sentiment_score': 0.212283, 'overall_sentiment_label': 'Somewhat-Bullish', 'ticker_sentiment': [{'ticker': 'SUGP', 'relevance_score': '0.224072', 'ticker_sentiment_score': '0.15329', 'ticker_sentiment_label': 'Somewhat-Bullish'}, {'ticker': 'CURN', 'relevance_score': '0.045396', 'ticker_sentiment_score': '0.029901', 'ticker_sentiment_label': 'Neutral'}]}, {'title': 'Why FedEx Shares Are Trading Higher By Around 12%; Here Are 20 Stocks Moving Premarket - FedEx  ( NYSE:FDX ) ', 'url': 'https://www.benzinga.com/news/24/03/37889416/why-fedex-shares-are-trading-higher-by-around-12-here-are-20-stocks-moving-premarket', 'time_published': '20240322T121057', 'authors': ['Avi Kapoor'], 'summary': "Shares of FedEx Corporation FDX rose sharply in today's pre-market trading after the company reported better-than-expected earnings for its third quarter and authorized a new $5 billion share repurchase program.", 'banner_image': 'https://cdn.benzinga.com/files/images/story/2024/03/22/image11.jpg?width=1200&height=800&fit=crop', 'source': 'Benzinga', 'category_within_source': 'Trading', 'source_domain': 'www.benzinga.com', 'topics': [{'topic': 'Life Sciences', 'relevance_score': '0.2'}, {'topic': 'Energy & Transportation', 'relevance_score': '0.2'}, {'topic': 'Technology', 'relevance_score': '0.2'}, {'topic': 'Retail & Wholesale', 'relevance_score': '0.2'}, {'topic': 'Financial Markets', 'relevance_score': '0.882182'}, {'topic': 'Manufacturing', 'relevance_score': '0.2'}, {'topic': 'Earnings', 'relevance_score': '0.9545'}], 'overall_sentiment_score': 0.154651, 'overall_sentiment_label': 'Somewhat-Bullish', 'ticker_sentiment': [{'ticker': 'PYXS', 'relevance_score': '0.151539', 'ticker_sentiment_score': '-0.230264', 'ticker_sentiment_label': 'Somewhat-Bearish'}, {'ticker': 'BEAT', 'relevance_score': '0.151539', 'ticker_sentiment_score': '0.154644', 'ticker_sentiment_label': 'Somewhat-Bullish'}, {'ticker': 'NKE', 'relevance_score': '0.151539', 'ticker_sentiment_score': '0.120233', 'ticker_sentiment_label': 'Neutral'}, {'ticker': 'SLNA', 'relevance_score': '0.151539', 'ticker_sentiment_score': '-0.240485', 'ticker_sentiment_label': 'Somewhat-Bearish'}, {'ticker': 'SUGP', 'relevance_score': '0.151539', 'ticker_sentiment_score': '-0.155731', 'ticker_sentiment_label': 'Somewhat-Bearish'}, {'ticker': 'ASST', 'relevance_score': '0.2256', 'ticker_sentiment_score': '0.129929', 'ticker_sentiment_label': 'Neutral'}, {'ticker': 'ISPR', 'relevance_score': '0.151539', 'ticker_sentiment_score': '-0.255791', 'ticker_sentiment_label': 'Somewhat-Bearish'}, {'ticker': 'JOAN', 'relevance_score': '0.151539', 'ticker_sentiment_score': '-0.060728', 'ticker_sentiment_label': 'Neutral'}, {'ticker': 'GRDI', 'relevance_score': '0.151539', 'ticker_sentiment_score': '0.0', 'ticker_sentiment_label': 'Neutral'}, {'ticker': 'LULU', 'relevance_score': '0.151539', 'ticker_sentiment_score': '-0.181582', 'ticker_sentiment_label': 'Somewhat-Bearish'}, {'ticker': 'BIOL', 'relevance_score': '0.151539', 'ticker_sentiment_score': '0.355506', 'ticker_sentiment_label': 'Bullish'}, {'ticker': 'FDX', 'relevance_score': '0.297661', 'ticker_sentiment_score': '0.301816', 'ticker_sentiment_label': 'Somewhat-Bullish'}, {'ticker': 'WS', 'relevance_score': '0.151539', 'ticker_sentiment_score': '0.146943', 'ticker_sentiment_label': 'Neutral'}, {'ticker': 'MTC', 'relevance_score': '0.151539', 'ticker_sentiment_score': '0.141226', 'ticker_sentiment_label': 'Neutral'}, {'ticker': 'ABTS', 'relevance_score': '0.151539', 'ticker_sentiment_score': '-0.22515', 'ticker_sentiment_label': 'Somewhat-Bearish'}, {'ticker': 'NVFY', 'relevance_score': '0.151539', 'ticker_sentiment_score': '0.213634', 'ticker_sentiment_label': 'Somewhat-Bullish'}, {'ticker': 'OCGN', 'relevance_score': '0.2256', 'ticker_sentiment_score': '0.318714', 'ticker_sentiment_label': 'Somewhat-Bullish'}]}, {'title': "One of the World's Top 5 Freight Services Company Selects SU Group for Enhanced Threat Detection", 'url': 'https://www.prnewswire.com/news-releases/one-of-the-worlds-top-5-freight-services-company-selects-su-group-for-enhanced-threat-detection-302065535.html', 'time_published': '20240220T130000', 'authors': ['SU Group Holdings Limited'], 'summary': 'HONG KONG, Feb. 20, 2024 /PRNewswire/ -- SU Group Holdings Limited ( Nasdaq: SUGP ) ( "SU Group" or the "Company" ) , an integrated security-related engineering services company in Hong Kong, today announced that one of the world\'s top 5 freight services company has selected SU Group for a ...', 'banner_image': 'https://mma.prnewswire.com/media/2327750/logo_Logo.jpg?p=facebook', 'source': 'PR Newswire', 'category_within_source': 'n/a', 'source_domain': 'www.prnewswire.com', 'topics': [{'topic': 'Technology', 'relevance_score': '1.0'}, {'topic': 'Financial Markets', 'relevance_score': '0.495866'}], 'overall_sentiment_score': 0.219658, 'overall_sentiment_label': 'Somewhat-Bullish', 'ticker_sentiment': [{'ticker': 'SUGP', 'relevance_score': '0.210457', 'ticker_sentiment_score': '0.039843', 'ticker_sentiment_label': 'Neutral'}, {'ticker': 'CURN', 'relevance_score': '0.042571', 'ticker_sentiment_score': '0.044664', 'ticker_sentiment_label': 'Neutral'}]}, {'title': 'SU Group Wins Major Customer Security Project', 'url': 'https://www.prnewswire.com/news-releases/su-group-wins-major-customer-security-project-302059313.html', 'time_published': '20240212T120000', 'authors': ['SU Group Holdings Limited'], 'summary': 'HONG KONG, Feb. 12, 2024 /PRNewswire/ -- SU Group Holdings Limited ( Nasdaq: SUGP ) ( "SU Group" or the "Company" ) , an integrated security-related engineering services company in Hong Kong, today announced it has won a major customer security project to provide security engineering services ...', 'banner_image': 'https://mma.prnewswire.com/media/2327750/logo_Logo.jpg?p=facebook', 'source': 'PR Newswire', 'category_within_source': 'n/a', 'source_domain': 'www.prnewswire.com', 'topics': [{'topic': 'Technology', 'relevance_score': '1.0'}, {'topic': 'Financial Markets', 'relevance_score': '0.310843'}], 'overall_sentiment_score': 0.200473, 'overall_sentiment_label': 'Somewhat-Bullish', 'ticker_sentiment': [{'ticker': 'SUGP', 'relevance_score': '0.16099', 'ticker_sentiment_score': '0.013589', 'ticker_sentiment_label': 'Neutral'}]}]}INFO:werkzeug:127.0.0.1 - - [10/Jul/2025 15:47:56] "GET /socket.io/?EIO=4&transport=polling&t=PVruLeH HTTP/1.1" 200 -
INFO:werkzeug:127.0.0.1 - - [10/Jul/2025 15:47:56] "POST /socket.io/?EIO=4&transport=polling&t=PVruLeO&sid=TEowRyydGkOwMWgeAAAA HTTP/1.1" 200 -
INFO:werkzeug:127.0.0.1 - - [10/Jul/2025 15:47:56] "GET /socket.io/?EIO=4&transport=polling&t=PVruLeP&sid=TEowRyydGkOwMWgeAAAA HTTP/1.1" 200 -
INFO:werkzeug:127.0.0.1 - - [10/Jul/2025 15:47:56] "GET /socket.io/?EIO=4&transport=polling&t=PVruLeb&sid=TEowRyydGkOwMWgeAAAA HTTP/1.1" 200 -
INFO:trading_app:[FRONTEND] [session_1752176622874_ae2rdcmtf] Socket.IO connected
INFO:werkzeug:127.0.0.1 - - [10/Jul/2025 15:47:56] "POST /api/frontend_logs HTTP/1.1" 200 -

[DEBUG][AlphaVantage] Parsed 5 articles for SUGP
✅ Got 5 Alpha Vantage news articles for SUGP
[DEBUG][Reddit] Raw response for SUGP: 200 {"kind": "Listing", "data": {"modhash": "", "dist": 0, "facets": {}, "after": null, "geo_filter": "", "children": [], "before": null}}
[DEBUG][Reddit] Parsed 0 articles for SUGP
✅ Got 0 Reddit posts for SUGP
✅ Got 2 Finnhub news articles for SUGP
[DEBUG][YahooFinance] Raw response for SUGP: 429 Too Many Requests

2025-07-10 15:47:59,128 | ERROR    | ERROR | trading_errors:0 | get_yahoo_finance_news error for SUGP: 429 Client Error: Too Many Requests for url: https://feeds.finance.yahoo.com/rss/2.0/headline?s=SUGP&region=US&lang=en-US
ERROR:trading_errors:get_yahoo_finance_news error for SUGP: 429 Client Error: Too Many Requests for url: https://feeds.finance.yahoo.com/rss/2.0/headline?s=SUGP&region=US&lang=en-US
✅ Got 0 Yahoo Finance news articles for SUGP
[DEBUG] Filtered 5 stock-specific news articles for SUGP (from 7 total)
[DEBUG] News source counts: PR Newswire=1, Benzinga=2, Yahoo=2
✅ Added 3 news items for SUGP from 3 sources
🔍 Analyzing EVOK (2/6)...
⚠️ No market data available for EVOK
[DEBUG][AlphaVantage] Raw response for EVOK: {'items': '50', 'sentiment_score_definition': 'x <= -0.35: Bearish; -0.35 < x <= -0.15: Somewhat-Bearish; -0.15 < x < 0.15: Neutral; 0.15 <= x < 0.35: Somewhat_Bullish; x >= 0.35: Bullish', 'relevance_score_definition': '0 < x <= 1, with a higher score indicating higher relevance.', 'feed': [{'title': 'Crude Oil Moves Higher; RxSight Shares Plunge - BitMine Immersion Techs  ( AMEX:BMNR ) , Calidi Biotherapeutics  ( AMEX:CLDI ) ', 'url': 'https://www.benzinga.com/markets/market-summary/25/07/46327297/crude-oil-moves-higher-rxsight-shares-plunge', 'time_published': '20250709T173345', 'authors': ['Avi Kapoor'], 'summary': 'U.S. stocks traded higher midway through trading, with the Nasdaq Composite gaining more than 100 points on Wednesday. The Dow traded up 0.18% to 44,319.31 while the NASDAQ gained 0.62% to 20,545.29. The S&P 500 also rose, gaining, 0.31% to 6,245.11. Communication services shares jumped by 1.1% ...', 'banner_image': 'https://cdn.benzinga.com/files/images/story/2025/07/09/Oil-Tanker-Underway-Towards-Open-Sea--Cr.jpeg?width=1200&height=800&fit=crop', 'source': 'Benzinga', 'category_within_source': 'Trading', 'source_domain': 'www.benzinga.com', 'topics': [{'topic': 'Life Sciences', 'relevance_score': '0.5'}, {'topic': 'IPO', 'relevance_score': '0.158519'}, {'topic': 'Financial Markets', 'relevance_score': '0.214378'}, {'topic': 'Technology', 'relevance_score': '0.5'}], 'overall_sentiment_score': 0.134939, 'overall_sentiment_label': 'Neutral', 'ticker_sentiment': [{'ticker': 'BMNR', 'relevance_score': '0.29234', 'ticker_sentiment_score': '0.341889', 'ticker_sentiment_label': 'Somewhat-Bullish'}, {'ticker': 'EVTL', 'relevance_score': '0.197413', 'ticker_sentiment_score': '-0.094816', 'ticker_sentiment_label': 'Neutral'}, {'ticker': 'RXST', 'relevance_score': '0.197413', 'ticker_sentiment_score': '0.141361', 'ticker_sentiment_label': 'Neutral'}, {'ticker': 'SUGP', 'relevance_score': '0.197413', 'ticker_sentiment_score': '0.3287', 'ticker_sentiment_label': 'Somewhat-Bullish'}, {'ticker': 'EVOK', 'relevance_score': '0.197413', 'ticker_sentiment_score': '0.014821', 'ticker_sentiment_label': 'Neutral'}]}, {'title': "Evoke Pharma  ( EVOK )  Shares Skyrocket On New Patent: What's Going On? - Evoke Pharma  ( NASDAQ:EVOK ) ", 'url': 'https://www.benzinga.com/trading-ideas/movers/25/07/46322915/evoke-pharma-evok-shares-skyrocket-on-new-patent-whats-going-on', 'time_published': '20250709T151502', 'authors': ['Henry Khederian'], 'summary': "Shares of Evoke Pharma are trading sharply higher Wednesday morning. The specialty pharma company received a U.S. Patent Office Notice of Allowance for a new patent on its lead product, GIMOTI. From tariffs to inflation, macro risks are rising-Matt Maley reveals how he's trading it all, live ...", 'banner_image': 'https://cdn.benzinga.com/files/images/story/2025/07/09/Lab-Pharma-Pharmeuticals.jpeg?width=1200&height=800&fit=crop', 'source': 'Benzinga', 'category_within_source': 'News', 'source_domain': 'www.benzinga.com', 'topics': [{'topic': 'Economy - Monetary', 'relevance_score': '0.158519'}, {'topic': 'Life Sciences', 'relevance_score': '1.0'}, {'topic': 'Financial Markets', 'relevance_score': '0.999822'}], 'overall_sentiment_score': 0.195993, 'overall_sentiment_label': 'Somewhat-Bullish', 'ticker_sentiment': [{'ticker': 'EVOK', 'relevance_score': '0.544869', 'ticker_sentiment_score': '0.267617', 'ticker_sentiment_label': 'Somewhat-Bullish'}]}, {'title': 'Dow Jumps 200 Points; US Wholesale Inventories Fall 0.3% In May - Calidi Biotherapeutics  ( AMEX:CLDI ) , Blue Gold  ( NASDAQ:BGL ) ', 'url': 'https://www.benzinga.com/news/25/07/46321522/dow-jumps-200-points-us-wholesale-inventories-fall-0-3-in-may', 'time_published': '20250709T143655', 'authors': ['Avi Kapoor'], 'summary': 'U.S. stocks traded higher this morning, with the Dow Jones index gaining more than 200 points on Wednesday. Following the market opening Wednesday, the Dow traded up 0.46% to 44,442.42 while the NASDAQ gained 0.95% to 20,611.65. The S&P 500 also rose, gaining, 0.60% to 6,262.70.', 'banner_image': 'https://cdn.benzinga.com/files/images/story/2025/07/09/Portland--Or--Usa---Mar-12--2020-Dow-Jon.jpeg?width=1200&height=800&fit=crop', 'source': 'Benzinga', 'category_within_source': 'Trading', 'source_domain': 'www.benzinga.com', 'topics': [{'topic': 'Life Sciences', 'relevance_score': '0.5'}, {'topic': 'Technology', 'relevance_score': '0.5'}, {'topic': 'Financial Markets', 'relevance_score': '0.161647'}], 'overall_sentiment_score': 0.184795, 'overall_sentiment_label': 'Somewhat-Bullish', 'ticker_sentiment': [{'ticker': 'PHH', 'relevance_score': '0.207571', 'ticker_sentiment_score': '0.416259', 'ticker_sentiment_label': 'Bullish'}, {'ticker': 'RXST', 'relevance_score': '0.207571', 'ticker_sentiment_score': '0.146826', 'ticker_sentiment_label': 'Neutral'}, {'ticker': 'SUGP', 'relevance_score': '0.207571', 'ticker_sentiment_score': '0.34045', 'ticker_sentiment_label': 'Somewhat-Bullish'}, {'ticker': 'EVOK', 'relevance_score': '0.207571', 'ticker_sentiment_score': '0.015402', 'ticker_sentiment_label': 'Neutral'}]}, {'title': 'Evoke Pharma Receives Notice of Allowance for U.S. Patent Application for GIMOTI Extending Orange Book listings to 2036 - Evoke Pharma  ( NASDAQ:EVOK ) ', 'url': 'https://www.benzinga.com/pressreleases/25/07/g46316671/evoke-pharma-receives-notice-of-allowance-for-u-s-patent-application-for-gimoti-extending-orange-b', 'time_published': '20250709T121638', 'authors': ['Globe Newswire'], 'summary': 'SOLANA BEACH, Calif., July 09, 2025 ( GLOBE NEWSWIRE ) -- Evoke Pharma, Inc.', 'banner_image': 'https://www.benzinga.com/next-assets/images/schema-image-default.png', 'source': 'Benzinga', 'category_within_source': 'General', 'source_domain': 'www.benzinga.com', 'topics': [{'topic': 'Life Sciences', 'relevance_score': '1.0'}, {'topic': 'Financial Markets', 'relevance_score': '0.650727'}], 'overall_sentiment_score': -0.034184, 'overall_sentiment_label': 'Neutral', 'ticker_sentiment': [{'ticker': 'EVOK', 'relevance_score': '0.186738', 'ticker_sentiment_score': '0.147229', 'ticker_sentiment_label': 'Neutral'}]}, {'title': 'Evoke Pharma Receives Notice of Allowance for U.S. Patent Application for GIMOTI Extending Orange Book listings to 2036', 'url': 'https://www.globenewswire.com/news-release/2025/07/09/3112538/28255/en/Evoke-Pharma-Receives-Notice-of-Allowance-for-U-S-Patent-Application-for-GIMOTI-Extending-Orange-Book-listings-to-2036.html', 'time_published': '20250709T121600', 'authors': ['Evoke Pharma', 'Inc.'], 'summary': 'Extends patent exclusivity period an additional 6 years once granted Extends patent exclusivity period an additional 6 years once granted ...', 'banner_image': 'https://ml.globenewswire.com/Resource/Download/a24f6aa8-4e46-4fb8-85fc-ef0ce4548722', 'source': 'GlobeNewswire', 'category_within_source': 'n/a', 'source_domain': 'www.globenewswire.com', 'topics': [{'topic': 'Life Sciences', 'relevance_score': '1.0'}, {'topic': 'Financial Markets', 'relevance_score': '0.310843'}], 'overall_sentiment_score': -0.036705, 'overall_sentiment_label': 'Neutral', 'ticker_sentiment': [{'ticker': 'EVOK', 'relevance_score': '0.130394', 'ticker_sentiment_score': '0.128551', 'ticker_sentiment_label': 'Neutral'}]}, {'title': 'Evoke Pharma Reports First Quarter 2025 Financial Results and Provides Business Update', 'url': 'https://www.globenewswire.com/news-release/2025/05/13/3080663/28255/en/Evoke-Pharma-Reports-First-Quarter-2025-Financial-Results-and-Provides-Business-Update.html', 'time_published': '20250513T200500', 'authors': ['Inc.', 'Evoke Pharma'], 'summary': 'Q1 2025 Net Product Sales Increased 77% Year-over-Year to $3.1 Million ...', 'banner_image': 'https://ml.globenewswire.com/Resource/Download/a24f6aa8-4e46-4fb8-85fc-ef0ce4548722', 'source': 'GlobeNewswire', 'category_within_source': 'n/a', 'source_domain': 'www.globenewswire.com', 'topics': [{'topic': 'Earnings', 'relevance_score': '0.839681'}, {'topic': 'Life Sciences', 'relevance_score': '1.0'}, {'topic': 'Financial Markets', 'relevance_score': '0.650727'}], 'overall_sentiment_score': 0.133165, 'overall_sentiment_label': 'Neutral', 'ticker_sentiment': [{'ticker': 'EVOK', 'relevance_score': '0.080819', 'ticker_sentiment_score': '0.221081', 'ticker_sentiment_label': 'Somewhat-Bullish'}]}, {'title': 'Evoke Pharma to Present New Data Comparing Tardive Dyskinesia Incidence in Continuous vs Intermittent Metoclopramide Use at DDW 2025 - Evoke Pharma  ( NASDAQ:EVOK ) ', 'url': 'https://www.benzinga.com/pressreleases/25/04/g45037188/evoke-pharma-to-present-new-data-comparing-tardive-dyskinesia-incidence-in-continuous-vs-intermitt', 'time_published': '20250428T123048', 'authors': ['Globe Newswire'], 'summary': 'SOLANA BEACH, Calif., April 28, 2025 ( GLOBE NEWSWIRE ) -- Evoke Pharma, Inc.', 'banner_image': 'https://www.benzinga.com/next-assets/images/schema-image-default.png', 'source': 'Benzinga', 'category_within_source': 'News', 'source_domain': 'www.benzinga.com', 'topics': [{'topic': 'Life Sciences', 'relevance_score': '1.0'}, {'topic': 'Financial Markets', 'relevance_score': '0.650727'}], 'overall_sentiment_score': 0.002436, 'overall_sentiment_label': 'Neutral', 'ticker_sentiment': [{'ticker': 'EVOK', 'relevance_score': '0.196725', 'ticker_sentiment_score': '0.139977', 'ticker_sentiment_label': 'Neutral'}]}, {'title': 'Evoke Pharma to Report Fourth Quarter and Full Year 2024 Results on March 13, 2025 - Evoke Pharma  ( NASDAQ:EVOK ) ', 'url': 'https://www.benzinga.com/pressreleases/25/03/g44164120/evoke-pharma-to-report-fourth-quarter-and-full-year-2024-results-on-march-13-2025', 'time_published': '20250306T133028', 'authors': ['Globe Newswire'], 'summary': 'SOLANA BEACH, Calif., March 06, 2025 ( GLOBE NEWSWIRE ) -- Evoke Pharma, Inc.', 'banner_image': 'https://www.benzinga.com/next-assets/images/schema-image-default.png', 'source': 'Benzinga', 'category_within_source': 'News', 'source_domain': 'www.benzinga.com', 'topics': [{'topic': 'Life Sciences', 'relevance_score': '1.0'}, {'topic': 'Financial Markets', 'relevance_score': '0.495866'}], 'overall_sentiment_score': 0.14226, 'overall_sentiment_label': 'Neutral', 'ticker_sentiment': [{'ticker': 'EVOK', 'relevance_score': '0.260559', 'ticker_sentiment_score': '0.136773', 'ticker_sentiment_label': 'Neutral'}]}, {'title': 'Evoke Pharma to Report Fourth Quarter and Full Year 2024 Results on March 13, 2025', 'url': 'https://www.globenewswire.com/news-release/2025/03/06/3038198/28255/en/Evoke-Pharma-to-Report-Fourth-Quarter-and-Full-Year-2024-Results-on-March-13-2025.html', 'time_published': '20250306T133000', 'authors': ['Evoke Pharma', 'Inc.'], 'summary': 'SOLANA BEACH, Calif., March 06, 2025 ( GLOBE NEWSWIRE ) -- Evoke Pharma, Inc. ( NASDAQ: EVOK ) , a specialty pharmaceutical company focused on treatments for gastrointestinal ( GI ) diseases with an emphasis on Gimoti® ( metoclopramide ) nasal spray, today announced that the Company is scheduled ...', 'banner_image': 'https://ml.globenewswire.com/Resource/Download/a24f6aa8-4e46-4fb8-85fc-ef0ce4548722', 'source': 'GlobeNewswire', 'category_within_source': 'n/a', 'source_domain': 'www.globenewswire.com', 'topics': [{'topic': 'Life Sciences', 'relevance_score': '1.0'}, {'topic': 'Financial Markets', 'relevance_score': '0.310843'}], 'overall_sentiment_score': 0.133058, 'overall_sentiment_label': 'Neutral', 'ticker_sentiment': [{'ticker': 'EVOK', 'relevance_score': '0.116914', 'ticker_sentiment_score': '0.050231', 'ticker_sentiment_label': 'Neutral'}]}, {'title': 'Evoke Pharma Announces the Appointment of Greg Pyszczymuka to the Board of Directors', 'url': 'https://www.globenewswire.com/news-release/2025/02/24/3031152/28255/en/Evoke-Pharma-Announces-the-Appointment-of-Greg-Pyszczymuka-to-the-Board-of-Directors.html', 'time_published': '20250224T133000', 'authors': ['Inc.', 'Evoke Pharma'], 'summary': 'SOLANA BEACH, Calif., Feb. 24, 2025 ( GLOBE NEWSWIRE ) -- Evoke Pharma, Inc. ( NASDAQ: EVOK ) , a specialty pharmaceutical company focused primarily on treatments for gastrointestinal ( GI ) diseases with an emphasis on GIMOTI® ( metoclopramide ) nasal spray, today announced the appointment of ...', 'banner_image': 'https://ml.globenewswire.com/Resource/Download/a24f6aa8-4e46-4fb8-85fc-ef0ce4548722', 'source': 'GlobeNewswire', 'category_within_source': 'n/a', 'source_domain': 'www.globenewswire.com', 'topics': [{'topic': 'Earnings', 'relevance_score': '0.77141'}, {'topic': 'Life Sciences', 'relevance_score': '1.0'}, {'topic': 'Financial Markets', 'relevance_score': '0.310843'}], 'overall_sentiment_score': 0.286365, 'overall_sentiment_label': 'Somewhat-Bullish', 'ticker_sentiment': [{'ticker': 'EVOK', 'relevance_score': '0.124378', 'ticker_sentiment_score': '0.298259', 'ticker_sentiment_label': 'Somewhat-Bullish'}, {'ticker': 'AYTU', 'relevance_score': '0.04161', 'ticker_sentiment_score': '0.208637', 'ticker_sentiment_label': 'Somewhat-Bullish'}, {'ticker': 'LBTSF', 'relevance_score': '0.04161', 'ticker_sentiment_score': '-0.048928', 'ticker_sentiment_label': 'Neutral'}]}, {'title': 'Evoke Pharma Highlights GIMOTI as a Leading Solution for Gastroparesis Treatment as Domperidone Supply Ends', 'url': 'https://www.globenewswire.com/news-release/2024/12/19/2999868/28255/en/Evoke-Pharma-Highlights-GIMOTI-as-a-Leading-Solution-for-Gastroparesis-Treatment-as-Domperidone-Supply-Ends.html', 'time_published': '20241219T133000', 'authors': ['Inc.', 'Evoke Pharma'], 'summary': 'FDA posts update as mechanism to obtain unapproved Domperidone expected to lose supply in early ...', 'banner_image': 'https://ml.globenewswire.com/Resource/Download/a24f6aa8-4e46-4fb8-85fc-ef0ce4548722', 'source': 'GlobeNewswire', 'category_within_source': 'n/a', 'source_domain': 'www.globenewswire.com', 'topics': [{'topic': 'Life Sciences', 'relevance_score': '1.0'}, {'topic': 'Financial Markets', 'relevance_score': '0.310843'}], 'overall_sentiment_score': 0.02715, 'overall_sentiment_label': 'Neutral', 'ticker_sentiment': [{'ticker': 'EVOK', 'relevance_score': '0.092479', 'ticker_sentiment_score': '0.113112', 'ticker_sentiment_label': 'Neutral'}]}, {'title': 'Evoke Pharma Receives Notices of Allowance for Two Additional US Patent Applications Protecting GIMOTI® - Evoke Pharma  ( NASDAQ:EVOK ) ', 'url': 'https://www.benzinga.com/pressreleases/24/12/g42289634/evoke-pharma-receives-notices-of-allowance-for-two-additional-us-patent-applications-protecting-gi', 'time_published': '20241203T133055', 'authors': ['Globe Newswire'], 'summary': 'SOLANA BEACH, Calif., Dec. 03, 2024 ( GLOBE NEWSWIRE ) -- Evoke Pharma, Inc.', 'banner_image': 'https://www.benzinga.com/next-assets/images/schema-image-default.png', 'source': 'Benzinga', 'category_within_source': 'News', 'source_domain': 'www.benzinga.com', 'topics': [{'topic': 'Life Sciences', 'relevance_score': '0.5'}, {'topic': 'Technology', 'relevance_score': '0.5'}, {'topic': 'Financial Markets', 'relevance_score': '0.495866'}], 'overall_sentiment_score': 0.063558, 'overall_sentiment_label': 'Neutral', 'ticker_sentiment': [{'ticker': 'EVOK', 'relevance_score': '0.150404', 'ticker_sentiment_score': '0.235587', 'ticker_sentiment_label': 'Somewhat-Bullish'}, {'ticker': 'META', 'relevance_score': '0.030254', 'ticker_sentiment_score': '0.0', 'ticker_sentiment_label': 'Neutral'}]}, {'title': 'Evoke Pharma Receives Notices of Allowance for Two Additional US Patent Applications Protecting GIMOTI®', 'url': 'https://www.globenewswire.com/news-release/2024/12/03/2990651/28255/en/Evoke-Pharma-Receives-Notices-of-Allowance-for-Two-Additional-US-Patent-Applications-Protecting-GIMOTI.html', 'time_published': '20241203T133000', 'authors': ['Evoke Pharma', 'Inc.'], 'summary': 'SOLANA BEACH, Calif., Dec. 03, 2024 ( GLOBE NEWSWIRE ) -- Evoke Pharma, Inc. ( NASDAQ: EVOK ) , a specialty pharmaceutical company focused primarily on treatments for gastrointestinal ( GI ) diseases with an emphasis on GIMOTI® ( metoclopramide ) nasal spray, today announced that it has received ...', 'banner_image': 'https://ml.globenewswire.com/Resource/Download/a24f6aa8-4e46-4fb8-85fc-ef0ce4548722', 'source': 'GlobeNewswire', 'category_within_source': 'n/a', 'source_domain': 'www.globenewswire.com', 'topics': [{'topic': 'Life Sciences', 'relevance_score': '1.0'}, {'topic': 'Financial Markets', 'relevance_score': '0.310843'}], 'overall_sentiment_score': 0.058728, 'overall_sentiment_label': 'Neutral', 'ticker_sentiment': [{'ticker': 'EVOK', 'relevance_score': '0.093897', 'ticker_sentiment_score': '0.211557', 'ticker_sentiment_label': 'Somewhat-Bullish'}]}, {'title': 'Why VF Corp Shares Are Trading Higher By Around 21%; Here Are 20 Stocks Moving Premarket - VF  ( NYSE:VFC ) ', 'url': 'https://www.benzinga.com/news/24/10/41594283/why-vf-corp-shares-are-trading-higher-by-around-21-here-are-20-stocks-moving-premarket', 'time_published': '20241029T101223', 'authors': ['Avi Kapoor'], 'summary': "Shares of V.F. Corporation VFC rose sharply in today's pre-market trading after the company reported better-than-expected second-quarter financial results. VF Corp, the parent company of Vans and The North Face, reported second-quarter revenue of $2.8 billion, beating the consensus estimate of ...", 'banner_image': 'https://cdn.benzinga.com/files/images/story/2024/10/29/VFCorp-Shutterstock.jpeg?width=1200&height=800&fit=crop', 'source': 'Benzinga', 'category_within_source': 'Trading', 'source_domain': 'www.benzinga.com', 'topics': [{'topic': 'Life Sciences', 'relevance_score': '0.2'}, {'topic': 'Energy & Transportation', 'relevance_score': '0.2'}, {'topic': 'Technology', 'relevance_score': '0.2'}, {'topic': 'IPO', 'relevance_score': '0.158519'}, {'topic': 'Retail & Wholesale', 'relevance_score': '0.2'}, {'topic': 'Financial Markets', 'relevance_score': '1.0'}, {'topic': 'Manufacturing', 'relevance_score': '0.2'}, {'topic': 'Earnings', 'relevance_score': '0.857896'}], 'overall_sentiment_score': 0.156681, 'overall_sentiment_label': 'Somewhat-Bullish', 'ticker_sentiment': [{'ticker': 'IMRN', 'relevance_score': '0.138863', 'ticker_sentiment_score': '0.03052', 'ticker_sentiment_label': 'Neutral'}, {'ticker': 'HRYU', 'relevance_score': '0.138863', 'ticker_sentiment_score': '0.165487', 'ticker_sentiment_label': 'Somewhat-Bullish'}, {'ticker': 'IVDA', 'relevance_score': '0.138863', 'ticker_sentiment_score': '-0.332253', 'ticker_sentiment_label': 'Somewhat-Bearish'}, {'ticker': 'TMDX', 'relevance_score': '0.138863', 'ticker_sentiment_score': '-0.257754', 'ticker_sentiment_label': 'Somewhat-Bearish'}, {'ticker': 'SHPH', 'relevance_score': '0.138863', 'ticker_sentiment_score': '0.155701', 'ticker_sentiment_label': 'Somewhat-Bullish'}, {'ticker': 'AMKR', 'relevance_score': '0.138863', 'ticker_sentiment_score': '-0.057554', 'ticker_sentiment_label': 'Neutral'}, {'ticker': 'DQ', 'relevance_score': '0.138863', 'ticker_sentiment_score': '-0.016038', 'ticker_sentiment_label': 'Neutral'}, {'ticker': 'EVOK', 'relevance_score': '0.20698', 'ticker_sentiment_score': '0.133472', 'ticker_sentiment_label': 'Neutral'}, {'ticker': 'FFIV', 'relevance_score': '0.138863', 'ticker_sentiment_score': '0.36346', 'ticker_sentiment_label': 'Bullish'}, {'ticker': 'HLIT', 'relevance_score': '0.138863', 'ticker_sentiment_score': '-0.060463', 'ticker_sentiment_label': 'Neutral'}, {'ticker': 'AREB', 'relevance_score': '0.138863', 'ticker_sentiment_score': '0.238825', 'ticker_sentiment_label': 'Somewhat-Bullish'}, {'ticker': 'QUBT', 'relevance_score': '0.138863', 'ticker_sentiment_score': '0.186282', 'ticker_sentiment_label': 'Somewhat-Bullish'}, {'ticker': 'GRDI', 'relevance_score': '0.138863', 'ticker_sentiment_score': '0.165487', 'ticker_sentiment_label': 'Somewhat-Bullish'}, {'ticker': 'VFC', 'relevance_score': '0.138863', 'ticker_sentiment_score': '0.077723', 'ticker_sentiment_label': 'Neutral'}, {'ticker': 'CVI', 'relevance_score': '0.138863', 'ticker_sentiment_score': '-0.090568', 'ticker_sentiment_label': 'Neutral'}, {'ticker': 'CDIO', 'relevance_score': '0.138863', 'ticker_sentiment_score': '-0.229061', 'ticker_sentiment_label': 'Somewhat-Bearish'}, {'ticker': 'LIXT', 'relevance_score': '0.138863', 'ticker_sentiment_score': '-0.133692', 'ticker_sentiment_label': 'Neutral'}, {'ticker': 'LTBR', 'relevance_score': '0.138863', 'ticker_sentiment_score': '0.0', 'ticker_sentiment_label': 'Neutral'}, {'ticker': 'DBGI', 'relevance_score': '0.138863', 'ticker_sentiment_score': '-0.125137', 'ticker_sentiment_label': 'Neutral'}]}, {'title': 'S&P 500 Moves Higher; Philips Shares Plunge After Q3 Earnings - Koninklijke Philips  ( NYSE:PHG ) ', 'url': 'https://www.benzinga.com/news/earnings/24/10/41584570/s-p-500-moves-higher-philips-shares-plunge-after-q3-earnings', 'time_published': '20241028T190011', 'authors': ['Avi Kapoor'], 'summary': 'U.S. stocks traded higher toward the end of trading, with the Dow Jones index gaining more than 300 points on Monday. The Dow traded up 0.77% to 42,440.12 while the NASDAQ rose 0.46% to 18,603.67. The S&P 500 also rose, gaining, 0.43% to 5,832.99. Financials shares rose by 1.2% on Monday.', 'banner_image': 'https://cdn.benzinga.com/files/images/story/2024/10/28/Crollo-del-Nasdaq-gli-insider-si-sbarazz.jpeg?width=1200&height=800&fit=crop', 'source': 'Benzinga', 'category_within_source': 'Markets', 'source_domain': 'www.benzinga.com', 'topics': [{'topic': 'Economy - Monetary', 'relevance_score': '0.310843'}, {'topic': 'Life Sciences', 'relevance_score': '0.333333'}, {'topic': 'Financial Markets', 'relevance_score': '0.214378'}, {'topic': 'Earnings', 'relevance_score': '0.650727'}, {'topic': 'Energy & Transportation', 'relevance_score': '0.333333'}, {'topic': 'Technology', 'relevance_score': '0.333333'}], 'overall_sentiment_score': 0.12694, 'overall_sentiment_label': 'Neutral', 'ticker_sentiment': [{'ticker': 'HCTI', 'relevance_score': '0.150122', 'ticker_sentiment_score': '0.072318', 'ticker_sentiment_label': 'Neutral'}, {'ticker': 'BORR', 'relevance_score': '0.150122', 'ticker_sentiment_score': '-0.116087', 'ticker_sentiment_label': 'Neutral'}, {'ticker': 'AMIX', 'relevance_score': '0.150122', 'ticker_sentiment_score': '0.046383', 'ticker_sentiment_label': 'Neutral'}, {'ticker': 'EVOK', 'relevance_score': '0.150122', 'ticker_sentiment_score': '0.319981', 'ticker_sentiment_label': 'Somewhat-Bullish'}]}, {'title': 'Crude Oil Tumbles Over 5%; Autonomix Medical Shares Spike Higher - Borr Drilling  ( NYSE:BORR ) ', 'url': 'https://www.benzinga.com/markets/equities/24/10/41580405/crude-oil-tumbles-over-5-autonomix-medical-shares-spike-higher', 'time_published': '20241028T160629', 'authors': ['Avi Kapoor'], 'summary': 'U.S. stocks traded higher midway through trading, with the Dow Jones index gaining more than 200 points on Monday. The Dow traded up 0.52% to 42,333.84 while the NASDAQ rose 0.43% to 18,598.02. The S&P 500 also rose, gaining, 0.31% to 5,826.12. Utilities shares rose by 1.1% on Monday.', 'banner_image': 'https://cdn.benzinga.com/files/images/story/2024/10/28/Oil.jpeg?width=1200&height=800&fit=crop', 'source': 'Benzinga', 'category_within_source': 'Trading', 'source_domain': 'www.benzinga.com', 'topics': [{'topic': 'Life Sciences', 'relevance_score': '0.25'}, {'topic': 'Energy & Transportation', 'relevance_score': '0.25'}, {'topic': 'Technology', 'relevance_score': '0.25'}, {'topic': 'Economy - Monetary', 'relevance_score': '0.310843'}, {'topic': 'Financial Markets', 'relevance_score': '0.214378'}, {'topic': 'Manufacturing', 'relevance_score': '0.25'}, {'topic': 'Earnings', 'relevance_score': '0.891286'}], 'overall_sentiment_score': 0.096568, 'overall_sentiment_label': 'Neutral', 'ticker_sentiment': [{'ticker': 'HCTI', 'relevance_score': '0.159043', 'ticker_sentiment_score': '0.075031', 'ticker_sentiment_label': 'Neutral'}, {'ticker': 'BORR', 'relevance_score': '0.159043', 'ticker_sentiment_score': '-0.12045', 'ticker_sentiment_label': 'Neutral'}, {'ticker': 'AMIX', 'relevance_score': '0.159043', 'ticker_sentiment_score': '0.048136', 'ticker_sentiment_label': 'Neutral'}, {'ticker': 'EVOK', 'relevance_score': '0.159043', 'ticker_sentiment_score': '0.330797', 'ticker_sentiment_label': 'Somewhat-Bullish'}, {'ticker': 'ON', 'relevance_score': '0.079921', 'ticker_sentiment_score': '0.292424', 'ticker_sentiment_label': 'Somewhat-Bullish'}]}, {'title': 'Dow Jumps Over 300 Points; ON Semiconductor Earnings Top Views - Healthcare Triangle  ( NASDAQ:HCTI ) ', 'url': 'https://www.benzinga.com/news/24/10/41576061/dow-jumps-over-300-points-on-semiconductor-earnings-top-views', 'time_published': '20241028T135955', 'authors': ['Avi Kapoor'], 'summary': 'U.S. stocks traded higher this morning, with the Dow Jones index gaining more than 300 points on Monday. Following the market opening Monday, the Dow traded up 0.81% to 42,454.94 while the NASDAQ rose 0.53% to 18,616.62. The S&P 500 also rose, gaining, 0.45% to 5,834.35.', 'banner_image': 'https://cdn.benzinga.com/files/images/story/2024/10/28/Wall-Street-dall.png?width=1200&height=800&fit=crop', 'source': 'Benzinga', 'category_within_source': 'Trading', 'source_domain': 'www.benzinga.com', 'topics': [{'topic': 'Life Sciences', 'relevance_score': '0.333333'}, {'topic': 'Financial Markets', 'relevance_score': '0.214378'}, {'topic': 'Manufacturing', 'relevance_score': '0.333333'}, {'topic': 'Earnings', 'relevance_score': '0.744043'}, {'topic': 'Technology', 'relevance_score': '0.333333'}], 'overall_sentiment_score': 0.190032, 'overall_sentiment_label': 'Somewhat-Bullish', 'ticker_sentiment': [{'ticker': 'HCTI', 'relevance_score': '0.156461', 'ticker_sentiment_score': '0.074236', 'ticker_sentiment_label': 'Neutral'}, {'ticker': 'AMIX', 'relevance_score': '0.156461', 'ticker_sentiment_score': '0.047622', 'ticker_sentiment_label': 'Neutral'}, {'ticker': 'SONN', 'relevance_score': '0.23281', 'ticker_sentiment_score': '0.210074', 'ticker_sentiment_label': 'Somewhat-Bullish'}, {'ticker': 'UPXI', 'relevance_score': '0.23281', 'ticker_sentiment_score': '-0.081647', 'ticker_sentiment_label': 'Neutral'}, {'ticker': 'EVOK', 'relevance_score': '0.156461', 'ticker_sentiment_score': '0.327632', 'ticker_sentiment_label': 'Somewhat-Bullish'}, {'ticker': 'ON', 'relevance_score': '0.078611', 'ticker_sentiment_score': '0.291769', 'ticker_sentiment_label': 'Somewhat-Bullish'}, {'ticker': 'SMX', 'relevance_score': '0.156461', 'ticker_sentiment_score': '0.130347', 'ticker_sentiment_label': 'Neutral'}]}, {'title': "Evoke Pharma Stock Is Soaring Monday: What's Going On? - Evoke Pharma  ( NASDAQ:EVOK ) ", 'url': 'https://www.benzinga.com/news/24/10/41574491/evoke-pharma-stock-is-soaring-monday-whats-going-on', 'time_published': '20241028T130358', 'authors': ['Adam Eckert'], 'summary': 'Evoke Pharma Inc EVOK shares are trading higher Monday after the company presented GLP-1 data for users with diabetic gastoparesis using GIMOTI showing statistically significant improvements.', 'banner_image': 'https://cdn.benzinga.com/files/images/story/2024/10/28/Stock-Market-Chart.jpeg?width=1200&height=800&fit=crop', 'source': 'Benzinga', 'category_within_source': 'News', 'source_domain': 'www.benzinga.com', 'topics': [{'topic': 'Life Sciences', 'relevance_score': '1.0'}, {'topic': 'Financial Markets', 'relevance_score': '0.266143'}], 'overall_sentiment_score': 0.178363, 'overall_sentiment_label': 'Somewhat-Bullish', 'ticker_sentiment': [{'ticker': 'EVOK', 'relevance_score': '0.493442', 'ticker_sentiment_score': '0.301626', 'ticker_sentiment_label': 'Somewhat-Bullish'}]}, {'title': 'Evoke Pharma & EVERSANA Announce Statistically Significant Improvement in Patient Outcomes for GLP-1 users with Diabetic Gastroparesis using GIMOTI® - Evoke Pharma  ( NASDAQ:EVOK ) ', 'url': 'https://www.benzinga.com/pressreleases/24/10/g41569704/evoke-pharma-eversana-announce-statistically-significant-improvement-in-patient-outcomes-for-glp-1', 'time_published': '20241028T110000', 'authors': ['Globe Newswire'], 'summary': 'Analysis of real-world data compared patients on GIMOTI ( n=51 ) to Oral Metoclopramide ( n=41 ) , both taking GLP-1s, showing significant statistical improvement for GIMOTI over Oral Metoclopramide in All Cause Emergency Department Visits ( -91%, p=0.001 ) , All Cause Office Visits ( -41%, ...', 'banner_image': 'https://ml.globenewswire.com/Resource/Download/cfc46127-a976-498b-8e19-d5c879171b81/comparison-of-healthcare-resource-utilization-in-glp-1-agonist-patients-with-dgp.png', 'source': 'Benzinga', 'category_within_source': 'General', 'source_domain': 'www.benzinga.com', 'topics': [{'topic': 'Life Sciences', 'relevance_score': '1.0'}, {'topic': 'Financial Markets', 'relevance_score': '0.650727'}], 'overall_sentiment_score': 0.036253, 'overall_sentiment_label': 'Neutral', 'ticker_sentiment': [{'ticker': 'EVOK', 'relevance_score': '0.121738', 'ticker_sentiment_score': '0.080428', 'ticker_sentiment_label': 'Neutral'}]}, {'title': 'Evoke Pharma to Showcase Award-Winning Research at the 2024 American College of Gastroenterology Annual Scientific Meeting - Evoke Pharma  ( NASDAQ:EVOK ) ', 'url': 'https://www.benzinga.com/pressreleases/24/10/g41486659/evoke-pharma-to-showcase-award-winning-research-at-the-2024-american-college-of-gastroenterology-a', 'time_published': '20241023T123058', 'authors': ['Globe Newswire'], 'summary': 'SOLANA BEACH, Calif., Oct. 23, 2024 ( GLOBE NEWSWIRE ) -- Evoke Pharma, Inc.', 'banner_image': 'https://www.benzinga.com/next-assets/images/schema-image-default.png', 'source': 'Benzinga', 'category_within_source': 'News', 'source_domain': 'www.benzinga.com', 'topics': [{'topic': 'Life Sciences', 'relevance_score': '1.0'}], 'overall_sentiment_score': 0.308514, 'overall_sentiment_label': 'Somewhat-Bullish', 'ticker_sentiment': [{'ticker': 'EVOK', 'relevance_score': '0.377142', 'ticker_sentiment_score': '0.094526', 'ticker_sentiment_label': 'Neutral'}]}, {'title': 'Evoke Pharma Announces the Appointment of Ben Smeal to the Board of Directors - Evoke Pharma  ( NASDAQ:EVOK ) ', 'url': 'https://www.benzinga.com/pressreleases/24/10/g41450453/evoke-pharma-announces-the-appointment-of-ben-smeal-to-the-board-of-directors', 'time_published': '20241022T123015', 'authors': ['Globe Newswire'], 'summary': 'SOLANA BEACH, Calif., Oct. 22, 2024 ( GLOBE NEWSWIRE ) -- Evoke Pharma, Inc. EVOK, a specialty pharmaceutical company focused primarily on treatments for gastrointestinal ( GI ) diseases with an emphasis on Gimoti® ( metoclopramide ) nasal spray, announced the appointment of Ben Smeal to serve on ...', 'banner_image': 'https://www.benzinga.com/next-assets/images/schema-image-default.png', 'source': 'Benzinga', 'category_within_source': 'News', 'source_domain': 'www.benzinga.com', 'topics': [{'topic': 'Life Sciences', 'relevance_score': '1.0'}, {'topic': 'Financial Markets', 'relevance_score': '0.94762'}], 'overall_sentiment_score': 0.257501, 'overall_sentiment_label': 'Somewhat-Bullish', 'ticker_sentiment': [{'ticker': 'EVOK', 'relevance_score': '0.241444', 'ticker_sentiment_score': '0.308081', 'ticker_sentiment_label': 'Somewhat-Bullish'}]}, {'title': 'Evoke Pharma Announces the Appointment of Ben Smeal to the Board of Directors', 'url': 'https://www.globenewswire.com/news-release/2024/10/22/2966954/28255/en/Evoke-Pharma-Announces-the-Appointment-of-Ben-Smeal-to-the-Board-of-Directors.html', 'time_published': '20241022T123000', 'authors': ['Inc.', 'Evoke Pharma'], 'summary': 'SOLANA BEACH, Calif., Oct. 22, 2024 ( GLOBE NEWSWIRE ) -- Evoke Pharma, Inc. ( NASDAQ: EVOK ) , a specialty pharmaceutical company focused primarily on treatments for gastrointestinal ( GI ) diseases with an emphasis on Gimoti® ( metoclopramide ) nasal spray, announced the appointment of Ben ...', 'banner_image': 'https://ml.globenewswire.com/Resource/Download/a24f6aa8-4e46-4fb8-85fc-ef0ce4548722', 'source': 'GlobeNewswire', 'category_within_source': 'n/a', 'source_domain': 'www.globenewswire.com', 'topics': [{'topic': 'Life Sciences', 'relevance_score': '1.0'}, {'topic': 'Financial Markets', 'relevance_score': '0.905476'}], 'overall_sentiment_score': 0.253089, 'overall_sentiment_label': 'Somewhat-Bullish', 'ticker_sentiment': [{'ticker': 'EVOK', 'relevance_score': '0.155451', 'ticker_sentiment_score': '0.249333', 'ticker_sentiment_label': 'Somewhat-Bullish'}]}, {'title': 'Evoke Pharma Announces Proceeds from Existing Warrants and Board Expansion - Evoke Pharma  ( NASDAQ:EVOK ) ', 'url': 'https://www.benzinga.com/pressreleases/24/10/g41116131/evoke-pharma-announces-proceeds-from-existing-warrants-and-board-expansion', 'time_published': '20241001T123018', 'authors': ['Globe Newswire'], 'summary': 'Portion of the proceeds received from warrants executed at $8.16/share SOLANA BEACH, Calif., Oct. 01, 2024 ( GLOBE NEWSWIRE ) -- Evoke Pharma, Inc.', 'banner_image': 'https://www.benzinga.com/next-assets/images/schema-image-default.png', 'source': 'Benzinga', 'category_within_source': 'News', 'source_domain': 'www.benzinga.com', 'topics': [{'topic': 'Life Sciences', 'relevance_score': '1.0'}, {'topic': 'Financial Markets', 'relevance_score': '0.650727'}], 'overall_sentiment_score': 0.173728, 'overall_sentiment_label': 'Somewhat-Bullish', 'ticker_sentiment': [{'ticker': 'EVOK', 'relevance_score': '0.254042', 'ticker_sentiment_score': '0.16112', 'ticker_sentiment_label': 'Somewhat-Bullish'}]}, {'title': 'Evoke Pharma Announces Proceeds from Existing Warrants and Board Expansion', 'url': 'https://www.globenewswire.com/news-release/2024/10/01/2956145/28255/en/Evoke-Pharma-Announces-Proceeds-from-Existing-Warrants-and-Board-Expansion.html', 'time_published': '20241001T123000', 'authors': ['Evoke Pharma', 'Inc.'], 'summary': 'Nantahala to nominate 2 board seats ...', 'banner_image': 'https://ml.globenewswire.com/Resource/Download/a24f6aa8-4e46-4fb8-85fc-ef0ce4548722', 'source': 'GlobeNewswire', 'category_within_source': 'n/a', 'source_domain': 'www.globenewswire.com', 'topics': [{'topic': 'Life Sciences', 'relevance_score': '1.0'}, {'topic': 'Financial Markets', 'relevance_score': '0.495866'}], 'overall_sentiment_score': 0.166887, 'overall_sentiment_label': 'Somewhat-Bullish', 'ticker_sentiment': [{'ticker': 'EVOK', 'relevance_score': '0.166169', 'ticker_sentiment_score': '0.132783', 'ticker_sentiment_label': 'Neutral'}]}, {'title': 'Evoke Pharma Reaffirms Its Commitment to Patients with Gastroparesis Amid Industry Developments', 'url': 'https://www.globenewswire.com/news-release/2024/09/19/2949365/28255/en/Evoke-Pharma-Reaffirms-Its-Commitment-to-Patients-with-Gastroparesis-Amid-Industry-Developments.html', 'time_published': '20240919T182000', 'authors': ['Inc.', 'Evoke Pharma'], 'summary': 'Gimoti remains the sole proprietary FDA approved treatment for symptoms of diabetic gastroparesis Gimoti remains the sole proprietary FDA approved treatment for symptoms of diabetic gastroparesis ...', 'banner_image': 'https://ml.globenewswire.com/Resource/Download/a24f6aa8-4e46-4fb8-85fc-ef0ce4548722', 'source': 'GlobeNewswire', 'category_within_source': 'n/a', 'source_domain': 'www.globenewswire.com', 'topics': [{'topic': 'Life Sciences', 'relevance_score': '1.0'}, {'topic': 'Financial Markets', 'relevance_score': '0.310843'}], 'overall_sentiment_score': 0.19135, 'overall_sentiment_label': 'Somewhat-Bullish', 'ticker_sentiment': [{'ticker': 'EVOK', 'relevance_score': '0.161494', 'ticker_sentiment_score': '0.150415', 'ticker_sentiment_label': 'Somewhat-Bullish'}, {'ticker': 'VNDA', 'relevance_score': '0.032513', 'ticker_sentiment_score': '0.022409', 'ticker_sentiment_label': 'Neutral'}]}, {'title': 'Evoke Pharma to Participate in Gastroenterology and Hepatology Advanced Practice Providers  ( GHAPP )  Annual Conference - Evoke Pharma  ( NASDAQ:EVOK ) ', 'url': 'https://www.benzinga.com/pressreleases/24/09/g40771869/evoke-pharma-to-participate-in-gastroenterology-and-hepatology-advanced-practice-providers-ghapp-a', 'time_published': '20240909T123008', 'authors': ['Globe Newswire'], 'summary': 'SOLANA BEACH, Calif., Sept. 09, 2024 ( GLOBE NEWSWIRE ) -- Evoke Pharma, Inc.', 'banner_image': 'https://www.benzinga.com/next-assets/images/schema-image-default.png', 'source': 'Benzinga', 'category_within_source': 'News', 'source_domain': 'www.benzinga.com', 'topics': [{'topic': 'Life Sciences', 'relevance_score': '1.0'}, {'topic': 'Financial Markets', 'relevance_score': '0.495866'}], 'overall_sentiment_score': 0.214714, 'overall_sentiment_label': 'Somewhat-Bullish', 'ticker_sentiment': [{'ticker': 'EVOK', 'relevance_score': '0.205458', 'ticker_sentiment_score': '0.143343', 'ticker_sentiment_label': 'Neutral'}]}, {'title': 'Evoke Pharma to Participate in Gastroenterology and Hepatology Advanced Practice Providers  ( GHAPP )  Annual Conference', 'url': 'https://www.globenewswire.com/news-release/2024/09/09/2942831/28255/en/Evoke-Pharma-to-Participate-in-Gastroenterology-and-Hepatology-Advanced-Practice-Providers-GHAPP-Annual-Conference.html', 'time_published': '20240909T123000', 'authors': ['Inc.', 'Evoke Pharma'], 'summary': 'SOLANA BEACH, Calif., Sept. 09, 2024 ( GLOBE NEWSWIRE ) -- Evoke Pharma, Inc. ( NASDAQ: EVOK ) , a specialty pharmaceutical company focused primarily on treatments for gastrointestinal ( GI ) diseases with an emphasis on GIMOTI® ( metoclopramide ) nasal spray, announced that management will ...', 'banner_image': 'https://ml.globenewswire.com/Resource/Download/a24f6aa8-4e46-4fb8-85fc-ef0ce4548722', 'source': 'GlobeNewswire', 'category_within_source': 'n/a', 'source_domain': 'www.globenewswire.com', 'topics': [{'topic': 'Life Sciences', 'relevance_score': '1.0'}, {'topic': 'Financial Markets', 'relevance_score': '0.310843'}], 'overall_sentiment_score': 0.207958, 'overall_sentiment_label': 'Somewhat-Bullish', 'ticker_sentiment': [{'ticker': 'EVOK', 'relevance_score': '0.130689', 'ticker_sentiment_score': '0.117639', 'ticker_sentiment_label': 'Neutral'}]}, {'title': "Evoke Pharma to Present at H.C. Wainwright's 26th Annual Global Investment Conference - Evoke Pharma  ( NASDAQ:EVOK ) ", 'url': 'https://www.benzinga.com/pressreleases/24/09/g40708185/evoke-pharma-to-present-at-h-c-wainwrights-26th-annual-global-investment-conference', 'time_published': '20240904T132055', 'authors': ['Globe Newswire'], 'summary': 'SOLANA BEACH, Calif., Sept. 04, 2024 ( GLOBE NEWSWIRE ) -- Evoke Pharma, Inc. EVOK, a specialty pharmaceutical company focused primarily on treatments for gastrointestinal ( GI ) diseases with an emphasis on GIMOTI® ( metoclopramide ) nasal spray, announced that management will participate in the ...', 'banner_image': 'https://www.benzinga.com/next-assets/images/schema-image-default.png', 'source': 'Benzinga', 'category_within_source': 'News', 'source_domain': 'www.benzinga.com', 'topics': [{'topic': 'Life Sciences', 'relevance_score': '1.0'}, {'topic': 'Financial Markets', 'relevance_score': '0.650727'}], 'overall_sentiment_score': 0.158963, 'overall_sentiment_label': 'Somewhat-Bullish', 'ticker_sentiment': [{'ticker': 'EVOK', 'relevance_score': '0.205807', 'ticker_sentiment_score': '0.050442', 'ticker_sentiment_label': 'Neutral'}]}, {'title': "Evoke Pharma to Present at H.C. Wainwright's 26th Annual Global Investment Conference", 'url': 'https://www.globenewswire.com/news-release/2024/09/04/2940626/28255/en/Evoke-Pharma-to-Present-at-H-C-Wainwright-s-26th-Annual-Global-Investment-Conference.html', 'time_published': '20240904T132000', 'authors': ['Inc.', 'Evoke Pharma'], 'summary': 'SOLANA BEACH, Calif., Sept. 04, 2024 ( GLOBE NEWSWIRE ) -- Evoke Pharma, Inc. ( NASDAQ: EVOK ) , a specialty pharmaceutical company focused primarily on treatments for gastrointestinal ( GI ) diseases with an emphasis on GIMOTI® ( metoclopramide ) nasal spray, announced that management will ...', 'banner_image': 'https://ml.globenewswire.com/Resource/Download/a24f6aa8-4e46-4fb8-85fc-ef0ce4548722', 'source': 'GlobeNewswire', 'category_within_source': 'n/a', 'source_domain': 'www.globenewswire.com', 'topics': [{'topic': 'Life Sciences', 'relevance_score': '1.0'}, {'topic': 'Financial Markets', 'relevance_score': '0.495866'}], 'overall_sentiment_score': 0.149741, 'overall_sentiment_label': 'Neutral', 'ticker_sentiment': [{'ticker': 'EVOK', 'relevance_score': '0.112797', 'ticker_sentiment_score': '0.042922', 'ticker_sentiment_label': 'Neutral'}]}, {'title': 'Evoke Pharma, Inc. Reports Second Quarter 2024 Financial Results', 'url': 'https://www.globenewswire.com/news-release/2024/08/13/2929167/28255/en/Evoke-Pharma-Inc-Reports-Second-Quarter-2024-Financial-Results.html', 'time_published': '20240813T120000', 'authors': ['Inc.', 'Evoke Pharma'], 'summary': 'GIMOTI second quarter net product sales grew 47% quarter-over-quarter and 126% year-over-year, indicating an annual run-rate in excess of $10 million ...', 'banner_image': 'https://ml.globenewswire.com/Resource/Download/a24f6aa8-4e46-4fb8-85fc-ef0ce4548722', 'source': 'GlobeNewswire', 'category_within_source': 'n/a', 'source_domain': 'www.globenewswire.com', 'topics': [{'topic': 'Earnings', 'relevance_score': '0.650727'}, {'topic': 'Life Sciences', 'relevance_score': '1.0'}, {'topic': 'Financial Markets', 'relevance_score': '0.905476'}], 'overall_sentiment_score': 0.070022, 'overall_sentiment_label': 'Neutral', 'ticker_sentiment': [{'ticker': 'EVOK', 'relevance_score': '0.087904', 'ticker_sentiment_score': '0.087063', 'ticker_sentiment_label': 'Neutral'}]}, {'title': 'Evoke Pharma, Inc. Supports Gastroparesis Awareness Month - Evoke Pharma  ( NASDAQ:EVOK ) ', 'url': 'https://www.benzinga.com/pressreleases/24/08/g40251342/evoke-pharma-inc-supports-gastroparesis-awareness-month', 'time_published': '20240808T123037', 'authors': ['Globe Newswire'], 'summary': 'Collaborating with advocacy groups to amplify gastroparesis awareness for millions of patients worldwide Call for action to improve health and access for patients SOLANA BEACH, Calif., Aug. 08, 2024 ( GLOBE NEWSWIRE ) -- Evoke Pharma, Inc.', 'banner_image': 'https://www.benzinga.com/next-assets/images/schema-image-default.png', 'source': 'Benzinga', 'category_within_source': 'News', 'source_domain': 'www.benzinga.com', 'topics': [{'topic': 'Life Sciences', 'relevance_score': '0.5'}, {'topic': 'Technology', 'relevance_score': '0.5'}, {'topic': 'Financial Markets', 'relevance_score': '0.495866'}], 'overall_sentiment_score': 0.014688, 'overall_sentiment_label': 'Neutral', 'ticker_sentiment': [{'ticker': 'EVOK', 'relevance_score': '0.169378', 'ticker_sentiment_score': '0.072545', 'ticker_sentiment_label': 'Neutral'}, {'ticker': 'META', 'relevance_score': '0.042647', 'ticker_sentiment_score': '0.0', 'ticker_sentiment_label': 'Neutral'}]}, {'title': 'Evoke Pharma, Inc. Supports Gastroparesis Awareness Month', 'url': 'https://www.globenewswire.com/news-release/2024/08/08/2926946/28255/en/Evoke-Pharma-Inc-Supports-Gastroparesis-Awareness-Month.html', 'time_published': '20240808T123000', 'authors': ['Inc.', 'Evoke Pharma'], 'summary': 'Collaborating with advocacy groups to amplify gastroparesis awareness for millions of patients worldwide ...', 'banner_image': 'https://ml.globenewswire.com/Resource/Download/a24f6aa8-4e46-4fb8-85fc-ef0ce4548722', 'source': 'GlobeNewswire', 'category_within_source': 'n/a', 'source_domain': 'www.globenewswire.com', 'topics': [{'topic': 'Life Sciences', 'relevance_score': '1.0'}, {'topic': 'Financial Markets', 'relevance_score': '0.310843'}], 'overall_sentiment_score': 0.014701, 'overall_sentiment_label': 'Neutral', 'ticker_sentiment': [{'ticker': 'EVOK', 'relevance_score': '0.104774', 'ticker_sentiment_score': '0.089637', 'ticker_sentiment_label': 'Neutral'}]}, {'title': 'Why Evoke Pharma  ( EVOK )  Stock Is Volatile - Evoke Pharma  ( NASDAQ:EVOK ) ', 'url': 'https://www.benzinga.com/news/24/07/40053546/why-evoke-pharma-evok-stock-is-volatile', 'time_published': '20240730T212208', 'authors': ['Henry Khederian'], 'summary': 'Evoke Pharma Inc EVOK shares ended Tuesday down 16.40% to 42 cents after the company announced a 1-for-12 reverse stock split of its common stock, set to take effect at 12:01 a.m. ET on August 1, 2024. After-hours trading has it up 12.44% at 47 cents.', 'banner_image': 'https://cdn.benzinga.com/files/images/story/2024/07/30/eye-6318412.jpeg?width=1200&height=800&fit=crop', 'source': 'Benzinga', 'category_within_source': 'News', 'source_domain': 'www.benzinga.com', 'topics': [{'topic': 'Life Sciences', 'relevance_score': '1.0'}, {'topic': 'Financial Markets', 'relevance_score': '0.999701'}], 'overall_sentiment_score': 0.232724, 'overall_sentiment_label': 'Somewhat-Bullish', 'ticker_sentiment': [{'ticker': 'EVOK', 'relevance_score': '0.736015', 'ticker_sentiment_score': '0.136135', 'ticker_sentiment_label': 'Neutral'}]}, {'title': 'Evoke Pharma  ( NASDAQ:EVOK )  Coverage Initiated by Analysts at StockNews.com', 'url': 'https://www.defenseworld.net/2024/07/15/evoke-pharma-nasdaqevok-coverage-initiated-by-analysts-at-stocknews-com.html', 'time_published': '20240715T053046', 'authors': ['Defense World Staff'], 'summary': 'Stock analysts at StockNews.com assumed coverage on shares of Evoke Pharma ( NASDAQ:EVOK - Get Free Report ) in a research note issued on Monday. The brokerage set a "sell" rating on the specialty pharmaceutical company\'s stock. EVOK stock opened at $0.58 on Monday.', 'banner_image': 'https://www.marketbeat.com/logos/evoke-pharma-inc-logo-1200x675.jpg', 'source': 'Stocknews.com', 'category_within_source': 'n/a', 'source_domain': 'www.defenseworld.net', 'topics': [{'topic': 'Earnings', 'relevance_score': '0.875462'}, {'topic': 'Life Sciences', 'relevance_score': '1.0'}, {'topic': 'Financial Markets', 'relevance_score': '0.266143'}], 'overall_sentiment_score': 0.143742, 'overall_sentiment_label': 'Neutral', 'ticker_sentiment': [{'ticker': 'EVOK', 'relevance_score': '0.92044', 'ticker_sentiment_score': '0.252122', 'ticker_sentiment_label': 'Somewhat-Bullish'}]}, {'title': 'Evoke Pharma  ( NASDAQ:EVOK )  Earns Sell Rating from Analysts at StockNews.com', 'url': 'https://www.defenseworld.net/2024/07/07/evoke-pharma-nasdaqevok-earns-sell-rating-from-analysts-at-stocknews-com.html', 'time_published': '20240707T052044', 'authors': ['Defense World Staff'], 'summary': 'Research analysts at StockNews.com assumed coverage on shares of Evoke Pharma ( NASDAQ:EVOK - Get Free Report ) in a research note issued to investors on Sunday. The brokerage set a "sell" rating on the specialty pharmaceutical company\'s stock. Shares of Evoke Pharma stock opened at $0.54 on ...', 'banner_image': 'https://www.marketbeat.com/logos/evoke-pharma-inc-logo-1200x675.jpg', 'source': 'Stocknews.com', 'category_within_source': 'n/a', 'source_domain': 'www.defenseworld.net', 'topics': [{'topic': 'Life Sciences', 'relevance_score': '0.5'}, {'topic': 'Financial Markets', 'relevance_score': '0.266143'}, {'topic': 'Manufacturing', 'relevance_score': '0.5'}, {'topic': 'Earnings', 'relevance_score': '0.744043'}], 'overall_sentiment_score': 0.069264, 'overall_sentiment_label': 'Neutral', 'ticker_sentiment': [{'ticker': 'EVOK', 'relevance_score': '0.916507', 'ticker_sentiment_score': '0.122336', 'ticker_sentiment_label': 'Neutral'}, {'ticker': 'QCOM', 'relevance_score': '0.152499', 'ticker_sentiment_score': '0.010847', 'ticker_sentiment_label': 'Neutral'}, {'ticker': 'AWON', 'relevance_score': '0.152499', 'ticker_sentiment_score': '0.002602', 'ticker_sentiment_label': 'Neutral'}]}, {'title': 'Evoke Pharma  ( NASDAQ:EVOK )  Receives New Coverage from Analysts at StockNews.com', 'url': 'https://www.defenseworld.net/2024/06/29/evoke-pharma-nasdaqevok-receives-new-coverage-from-analysts-at-stocknews-com.html', 'time_published': '20240629T052846', 'authors': ['Defense World Staff'], 'summary': 'Equities research analysts at StockNews.com started coverage on shares of Evoke Pharma ( NASDAQ:EVOK - Get Free Report ) in a report released on Saturday. The firm set a "sell" rating on the specialty pharmaceutical company\'s stock. NASDAQ EVOK opened at $0.53 on Friday.', 'banner_image': 'https://www.marketbeat.com/logos/evoke-pharma-inc-logo-1200x675.jpg', 'source': 'Stocknews.com', 'category_within_source': 'n/a', 'source_domain': 'www.defenseworld.net', 'topics': [{'topic': 'Earnings', 'relevance_score': '0.818451'}, {'topic': 'Life Sciences', 'relevance_score': '1.0'}, {'topic': 'Financial Markets', 'relevance_score': '0.316726'}], 'overall_sentiment_score': 0.099192, 'overall_sentiment_label': 'Neutral', 'ticker_sentiment': [{'ticker': 'EVOK', 'relevance_score': '0.92044', 'ticker_sentiment_score': '0.175446', 'ticker_sentiment_label': 'Somewhat-Bullish'}]}, {'title': 'Evoke Pharma  ( NASDAQ:EVOK )  Now Covered by StockNews.com', 'url': 'https://www.defenseworld.net/2024/06/21/evoke-pharma-nasdaqevok-now-covered-by-stocknews-com.html', 'time_published': '20240621T150910', 'authors': ['Defense World Staff'], 'summary': 'StockNews.com assumed coverage on shares of Evoke Pharma ( NASDAQ:EVOK - Get Free Report ) in a research report issued to clients and investors on Friday. The firm set a "sell" rating on the specialty pharmaceutical company\'s stock. Shares of EVOK opened at $0.52 on Friday.', 'banner_image': 'https://www.marketbeat.com/logos/evoke-pharma-inc-logo-1200x675.jpg', 'source': 'Stocknews.com', 'category_within_source': 'n/a', 'source_domain': 'www.defenseworld.net', 'topics': [{'topic': 'Earnings', 'relevance_score': '0.744043'}, {'topic': 'Life Sciences', 'relevance_score': '1.0'}, {'topic': 'Financial Markets', 'relevance_score': '0.918141'}], 'overall_sentiment_score': 0.136739, 'overall_sentiment_label': 'Neutral', 'ticker_sentiment': [{'ticker': 'EVOK', 'relevance_score': '0.933751', 'ticker_sentiment_score': '0.241232', 'ticker_sentiment_label': 'Somewhat-Bullish'}]}, {'title': 'Evoke Pharma Reports Commercial Strategy Progress & Positive Momentum for GIMOTI', 'url': 'https://www.globenewswire.com/news-release/2024/06/17/2899668/28255/en/Evoke-Pharma-Reports-Commercial-Strategy-Progress-Positive-Momentum-for-GIMOTI.html', 'time_published': '20240617T123000', 'authors': ['Inc.', 'Evoke Pharma'], 'summary': 'Expanded State Medicaid Access for ...', 'banner_image': 'https://ml.globenewswire.com/Resource/Download/a24f6aa8-4e46-4fb8-85fc-ef0ce4548722', 'source': 'GlobeNewswire', 'category_within_source': 'n/a', 'source_domain': 'www.globenewswire.com', 'topics': [{'topic': 'Earnings', 'relevance_score': '0.538269'}, {'topic': 'Life Sciences', 'relevance_score': '1.0'}, {'topic': 'Financial Markets', 'relevance_score': '0.744043'}], 'overall_sentiment_score': 0.14419, 'overall_sentiment_label': 'Neutral', 'ticker_sentiment': [{'ticker': 'EVOK', 'relevance_score': '0.114791', 'ticker_sentiment_score': '0.232522', 'ticker_sentiment_label': 'Somewhat-Bullish'}]}, {'title': 'StockNews.com Begins Coverage on Evoke Pharma  ( NASDAQ:EVOK ) ', 'url': 'https://www.defenseworld.net/2024/06/13/stocknews-com-begins-coverage-on-evoke-pharma-nasdaqevok-2.html', 'time_published': '20240613T081244', 'authors': ['Defense World Staff'], 'summary': 'Equities researchers at StockNews.com started coverage on shares of Evoke Pharma ( NASDAQ:EVOK - Get Free Report ) in a note issued to investors on Thursday. The firm set a "sell" rating on the specialty pharmaceutical company\'s stock. Shares of EVOK opened at $0.55 on Thursday.', 'banner_image': 'https://www.marketbeat.com/logos/evoke-pharma-inc-logo-1200x675.jpg', 'source': 'Stocknews.com', 'category_within_source': 'n/a', 'source_domain': 'www.defenseworld.net', 'topics': [{'topic': 'Earnings', 'relevance_score': '0.795202'}, {'topic': 'Life Sciences', 'relevance_score': '1.0'}, {'topic': 'Financial Markets', 'relevance_score': '0.214378'}], 'overall_sentiment_score': 0.136582, 'overall_sentiment_label': 'Neutral', 'ticker_sentiment': [{'ticker': 'EVOK', 'relevance_score': '0.902368', 'ticker_sentiment_score': '0.238572', 'ticker_sentiment_label': 'Somewhat-Bullish'}]}, {'title': 'StockNews.com Begins Coverage on Evoke Pharma  ( NASDAQ:EVOK ) ', 'url': 'https://www.defenseworld.net/2024/05/28/stocknews-com-begins-coverage-on-evoke-pharma-nasdaqevok.html', 'time_published': '20240528T052854', 'authors': ['Defense World Staff'], 'summary': 'Stock analysts at StockNews.com initiated coverage on shares of Evoke Pharma ( NASDAQ:EVOK - Get Free Report ) in a research note issued to investors on Tuesday. The firm set a "sell" rating on the specialty pharmaceutical company\'s stock. Shares of NASDAQ:EVOK opened at $0.43 on Tuesday.', 'banner_image': 'https://www.marketbeat.com/logos/evoke-pharma-inc-logo-1200x675.jpg', 'source': 'Stocknews.com', 'category_within_source': 'n/a', 'source_domain': 'www.defenseworld.net', 'topics': [{'topic': 'Earnings', 'relevance_score': '0.875462'}, {'topic': 'Life Sciences', 'relevance_score': '1.0'}, {'topic': 'Financial Markets', 'relevance_score': '0.316726'}], 'overall_sentiment_score': 0.157447, 'overall_sentiment_label': 'Somewhat-Bullish', 'ticker_sentiment': [{'ticker': 'EVOK', 'relevance_score': '0.854205', 'ticker_sentiment_score': '0.269037', 'ticker_sentiment_label': 'Somewhat-Bullish'}, {'ticker': 'FOREX:EUR', 'relevance_score': '0.144275', 'ticker_sentiment_score': '0.131991', 'ticker_sentiment_label': 'Neutral'}]}, {'title': 'Evoke Pharma  ( NASDAQ:EVOK )  Earns Sell Rating from Analysts at StockNews.com', 'url': 'https://www.defenseworld.net/2024/05/20/evoke-pharma-nasdaqevok-earns-sell-rating-from-analysts-at-stocknews-com.html', 'time_published': '20240520T072642', 'authors': ['Defense World Staff'], 'summary': 'Equities research analysts at StockNews.com started coverage on shares of Evoke Pharma ( NASDAQ:EVOK - Get Free Report ) in a note issued to investors on Monday. The firm set a "sell" rating on the specialty pharmaceutical company\'s stock. Shares of Evoke Pharma stock opened at $0.47 on Monday.', 'banner_image': 'https://www.marketbeat.com/logos/evoke-pharma-inc-logo-1200x675.jpg', 'source': 'Stocknews.com', 'category_within_source': 'n/a', 'source_domain': 'www.defenseworld.net', 'topics': [{'topic': 'Earnings', 'relevance_score': '0.917436'}, {'topic': 'Life Sciences', 'relevance_score': '1.0'}, {'topic': 'Financial Markets', 'relevance_score': '0.87644'}], 'overall_sentiment_score': 0.149284, 'overall_sentiment_label': 'Neutral', 'ticker_sentiment': [{'ticker': 'EVOK', 'relevance_score': '0.916507', 'ticker_sentiment_score': '0.260597', 'ticker_sentiment_label': 'Somewhat-Bullish'}, {'ticker': 'AWON', 'relevance_score': '0.152499', 'ticker_sentiment_score': '0.002604', 'ticker_sentiment_label': 'Neutral'}]}, {'title': 'Evoke Pharma Reports First Quarter 2024 Financial Results', 'url': 'https://www.globenewswire.com/news-release/2024/05/14/2881922/28255/en/Evoke-Pharma-Reports-First-Quarter-2024-Financial-Results.html', 'time_published': '20240514T201500', 'authors': ['Inc.', 'Evoke Pharma'], 'summary': "114% year-over-year increase in net product sales70% prescriber growth in Q1 2024 compared to Q4 2023Growing sales metrics reaffirms company's $14M net revenue guidance for ...", 'banner_image': 'https://ml.globenewswire.com/Resource/Download/a24f6aa8-4e46-4fb8-85fc-ef0ce4548722', 'source': 'GlobeNewswire', 'category_within_source': 'n/a', 'source_domain': 'www.globenewswire.com', 'topics': [{'topic': 'Life Sciences', 'relevance_score': '1.0'}, {'topic': 'IPO', 'relevance_score': '0.310843'}, {'topic': 'Financial Markets', 'relevance_score': '0.614606'}, {'topic': 'Earnings', 'relevance_score': '0.938793'}], 'overall_sentiment_score': 0.094261, 'overall_sentiment_label': 'Neutral', 'ticker_sentiment': [{'ticker': 'EVOK', 'relevance_score': '0.066475', 'ticker_sentiment_score': '0.144517', 'ticker_sentiment_label': 'Neutral'}]}, {'title': 'Evoke Pharma  ( NASDAQ:EVOK )  Research Coverage Started at StockNews.com', 'url': 'https://www.defenseworld.net/2024/05/12/evoke-pharma-nasdaqevok-research-coverage-started-at-stocknews-com.html', 'time_published': '20240512T071443', 'authors': ['Defense World Staff'], 'summary': 'Stock analysts at StockNews.com started coverage on shares of Evoke Pharma ( NASDAQ:EVOK - Get Free Report ) in a report released on Sunday. The brokerage set a "sell" rating on the specialty pharmaceutical company\'s stock. EVOK opened at $0.46 on Friday.', 'banner_image': 'https://www.marketbeat.com/logos/evoke-pharma-inc-logo-1200x675.jpg', 'source': 'Stocknews.com', 'category_within_source': 'n/a', 'source_domain': 'www.defenseworld.net', 'topics': [{'topic': 'Earnings', 'relevance_score': '0.744043'}, {'topic': 'Life Sciences', 'relevance_score': '1.0'}, {'topic': 'Financial Markets', 'relevance_score': '0.266143'}], 'overall_sentiment_score': 0.132566, 'overall_sentiment_label': 'Neutral', 'ticker_sentiment': [{'ticker': 'EVOK', 'relevance_score': '0.908493', 'ticker_sentiment_score': '0.231793', 'ticker_sentiment_label': 'Somewhat-Bullish'}]}, {'title': 'StockNews.com Begins Coverage on Evoke Pharma  ( NASDAQ:EVOK ) ', 'url': 'https://www.defenseworld.net/2024/05/04/stocknews-com-begins-coverage-on-evoke-pharma-nasdaqevok.html', 'time_published': '20240504T063855', 'authors': ['Defense World Staff'], 'summary': 'Equities researchers at StockNews.com assumed coverage on shares of Evoke Pharma ( NASDAQ:EVOK - Get Free Report ) in a note issued to investors on Saturday. The brokerage set a "sell" rating on the specialty pharmaceutical company\'s stock. NASDAQ EVOK opened at $0.49 on Friday.', 'banner_image': 'https://www.marketbeat.com/logos/evoke-pharma-inc-logo-1200x675.jpg', 'source': 'Stocknews.com', 'category_within_source': 'n/a', 'source_domain': 'www.defenseworld.net', 'topics': [{'topic': 'Earnings', 'relevance_score': '0.904684'}, {'topic': 'Life Sciences', 'relevance_score': '1.0'}, {'topic': 'Financial Markets', 'relevance_score': '0.214378'}], 'overall_sentiment_score': 0.195693, 'overall_sentiment_label': 'Somewhat-Bullish', 'ticker_sentiment': [{'ticker': 'EVOK', 'relevance_score': '0.904419', 'ticker_sentiment_score': '0.33638', 'ticker_sentiment_label': 'Somewhat-Bullish'}]}, {'title': 'StockNews.com Initiates Coverage on Evoke Pharma  ( NASDAQ:EVOK ) ', 'url': 'https://www.defenseworld.net/2024/04/26/stocknews-com-initiates-coverage-on-evoke-pharma-nasdaqevok-2.html', 'time_published': '20240426T112853', 'authors': ['Defense World Staff'], 'summary': 'Research analysts at StockNews.com initiated coverage on shares of Evoke Pharma ( NASDAQ:EVOK - Get Free Report ) in a research note issued to investors on Friday. The brokerage set a "sell" rating on the specialty pharmaceutical company\'s stock. Shares of EVOK stock opened at $0.44 on Friday.', 'banner_image': 'https://www.marketbeat.com/logos/evoke-pharma-inc-logo-1200x675.jpg', 'source': 'Stocknews.com', 'category_within_source': 'n/a', 'source_domain': 'www.defenseworld.net', 'topics': [{'topic': 'Earnings', 'relevance_score': '0.818451'}, {'topic': 'Life Sciences', 'relevance_score': '1.0'}, {'topic': 'Financial Markets', 'relevance_score': '0.266143'}], 'overall_sentiment_score': 0.109346, 'overall_sentiment_label': 'Neutral', 'ticker_sentiment': [{'ticker': 'EVOK', 'relevance_score': '0.891977', 'ticker_sentiment_score': '0.190681', 'ticker_sentiment_label': 'Somewhat-Bullish'}, {'ticker': 'AWON', 'relevance_score': '0.141726', 'ticker_sentiment_score': '0.001245', 'ticker_sentiment_label': 'Neutral'}]}, {'title': 'StockNews.com Initiates Coverage on Evoke Pharma  ( NASDAQ:EVOK ) ', 'url': 'https://www.defenseworld.net/2024/04/18/stocknews-com-initiates-coverage-on-evoke-pharma-nasdaqevok.html', 'time_published': '20240418T063041', 'authors': ['Defense World Staff'], 'summary': 'Equities researchers at StockNews.com initiated coverage on shares of Evoke Pharma ( NASDAQ:EVOK - Get Free Report ) in a research report issued on Thursday. The firm set a "sell" rating on the specialty pharmaceutical company\'s stock. Shares of EVOK opened at $0.55 on Thursday.', 'banner_image': 'https://www.marketbeat.com/logos/evoke-pharma-inc-logo-1200x675.jpg', 'source': 'Stocknews.com', 'category_within_source': 'n/a', 'source_domain': 'www.defenseworld.net', 'topics': [{'topic': 'Earnings', 'relevance_score': '0.875462'}, {'topic': 'Life Sciences', 'relevance_score': '1.0'}, {'topic': 'Financial Markets', 'relevance_score': '0.214378'}], 'overall_sentiment_score': 0.116917, 'overall_sentiment_label': 'Neutral', 'ticker_sentiment': [{'ticker': 'EVOK', 'relevance_score': '0.889875', 'ticker_sentiment_score': '0.203151', 'ticker_sentiment_label': 'Somewhat-Bullish'}]}, {'title': 'Evoke Pharma to Host Virtual Key Opinion Leader  ( KOL )  Webinar on the Evolving Landscape of Gastroparesis: GIMOTI, Hospitalizations, and GLP-1 Medications', 'url': 'https://www.globenewswire.com/news-release/2024/04/17/2864546/28255/en/Evoke-Pharma-to-Host-Virtual-Key-Opinion-Leader-KOL-Webinar-on-the-Evolving-Landscape-of-Gastroparesis-GIMOTI-Hospitalizations-and-GLP-1-Medications.html', 'time_published': '20240417T123000', 'authors': ['Inc.', 'Evoke Pharma'], 'summary': 'Michael Cline, DO., Medical Director Gastroparesis Clinic, Cleveland Clinic to present Michael Cline, DO., Medical Director Gastroparesis Clinic, Cleveland Clinic to present ...', 'banner_image': 'https://ml.globenewswire.com/Resource/Download/a24f6aa8-4e46-4fb8-85fc-ef0ce4548722', 'source': 'GlobeNewswire', 'category_within_source': 'n/a', 'source_domain': 'www.globenewswire.com', 'topics': [{'topic': 'Life Sciences', 'relevance_score': '1.0'}, {'topic': 'Financial Markets', 'relevance_score': '0.495866'}], 'overall_sentiment_score': -0.058552, 'overall_sentiment_label': 'Neutral', 'ticker_sentiment': [{'ticker': 'EVOK', 'relevance_score': '0.077218', 'ticker_sentiment_score': '0.05157', 'ticker_sentiment_label': 'Neutral'}]}, {'title': 'Evoke Pharma  ( NASDAQ:EVOK )  Coverage Initiated at StockNews.com', 'url': 'https://www.defenseworld.net/2024/04/10/evoke-pharma-nasdaqevok-coverage-initiated-at-stocknews-com.html', 'time_published': '20240410T061847', 'authors': ['Defense World Staff'], 'summary': 'Analysts at StockNews.com began coverage on shares of Evoke Pharma ( NASDAQ:EVOK - Get Free Report ) in a research report issued to clients and investors on Wednesday. The firm set a "sell" rating on the specialty pharmaceutical company\'s stock. Evoke Pharma stock opened at $0.53 on Wednesday.', 'banner_image': 'https://www.marketbeat.com/logos/evoke-pharma-inc-logo-1200x675.jpg', 'source': 'Stocknews.com', 'category_within_source': 'n/a', 'source_domain': 'www.defenseworld.net', 'topics': [{'topic': 'Earnings', 'relevance_score': '0.744043'}, {'topic': 'Life Sciences', 'relevance_score': '1.0'}, {'topic': 'Financial Markets', 'relevance_score': '0.87644'}], 'overall_sentiment_score': 0.07371, 'overall_sentiment_label': 'Neutral', 'ticker_sentiment': [{'ticker': 'EVOK', 'relevance_score': '0.926237', 'ticker_sentiment_score': '0.130776', 'ticker_sentiment_label': 'Neutral'}]}, {'title': 'StockNews.com Initiates Coverage on Evoke Pharma  ( NASDAQ:EVOK ) ', 'url': 'https://www.defenseworld.net/2024/04/02/stocknews-com-initiates-coverage-on-evoke-pharma-nasdaqevok-2.html', 'time_published': '20240402T061043', 'authors': ['Defense World Staff'], 'summary': 'Equities research analysts at StockNews.com started coverage on shares of Evoke Pharma ( NASDAQ:EVOK - Get Free Report ) in a note issued to investors on Tuesday. The firm set a "sell" rating on the specialty pharmaceutical company\'s stock. EVOK opened at $0.59 on Tuesday.', 'banner_image': 'https://www.marketbeat.com/logos/evoke-pharma-inc-logo-1200x675.jpg', 'source': 'Stocknews.com', 'category_within_source': 'n/a', 'source_domain': 'www.defenseworld.net', 'topics': [{'topic': 'Earnings', 'relevance_score': '0.818451'}, {'topic': 'Life Sciences', 'relevance_score': '1.0'}, {'topic': 'Financial Markets', 'relevance_score': '0.796627'}], 'overall_sentiment_score': 0.134565, 'overall_sentiment_label': 'Neutral', 'ticker_sentiment': [{'ticker': 'EVOK', 'relevance_score': '0.889875', 'ticker_sentiment_score': '0.233901', 'ticker_sentiment_label': 'Somewhat-Bullish'}]}, {'title': 'Evoke Pharma  ( NASDAQ:EVOK )  Coverage Initiated at StockNews.com', 'url': 'https://www.defenseworld.net/2024/03/25/evoke-pharma-nasdaqevok-coverage-initiated-at-stocknews-com-2.html', 'time_published': '20240325T061843', 'authors': ['Defense World Staff'], 'summary': 'StockNews.com assumed coverage on shares of Evoke Pharma ( NASDAQ:EVOK - Get Free Report ) in a report released on Monday. The brokerage set a "sell" rating on the specialty pharmaceutical company\'s stock. Shares of Evoke Pharma stock opened at $0.60 on Monday.', 'banner_image': 'https://www.marketbeat.com/logos/evoke-pharma-inc-logo-1200x675.jpg', 'source': 'Stocknews.com', 'category_within_source': 'n/a', 'source_domain': 'www.defenseworld.net', 'topics': [{'topic': 'Earnings', 'relevance_score': '0.818451'}, {'topic': 'Life Sciences', 'relevance_score': '1.0'}, {'topic': 'Financial Markets', 'relevance_score': '0.87644'}], 'overall_sentiment_score': 0.152769, 'overall_sentiment_label': 'Somewhat-Bullish', 'ticker_sentiment': [{'ticker': 'EVOK', 'relevance_score': '0.900307', 'ticker_sentiment_score': '0.265809', 'ticker_sentiment_label': 'Somewhat-Bullish'}]}]}INFO:werkzeug:127.0.0.1 - - [10/Jul/2025 15:48:02] "GET /api/crypto_analysis HTTP/1.1" 200 -

[DEBUG][AlphaVantage] Parsed 5 articles for EVOK
✅ Got 5 Alpha Vantage news articles for EVOK
[DEBUG][Reddit] Raw response for EVOK: 200 {"kind": "Listing", "data": {"modhash": "", "dist": 5, "facets": {}, "after": "t3_pqcjyr", "geo_filter": "", "children": [{"kind": "t3", "data": {"approved_at_utc": null, "subreddit": "stocks", "selftext": "Archived: [Sharp US bond selloff revives flashbacks of COVID-era 'dash-for-cash' | Reuters](https://archive.ph/E0X94)\n\n  \n\\---\n\n  \nNEW YORK, April 9 (Reuters) - A violent U.S. Treasury selloff, evoking the COVID-era \"dash for cash,\" has reignited fears of fragility in the world\u2019
[DEBUG][Reddit] Parsed 5 articles for EVOK
✅ Got 5 Reddit posts for EVOK
✅ Got 0 Finnhub news articles for EVOK
📊 Returning cached crypto analysis results
[DEBUG][YahooFinance] Raw response for EVOK: 429 Too Many Requests

2025-07-10 15:48:03,485 | ERROR    | ERROR | trading_errors:0 | get_yahoo_finance_news error for EVOK: 429 Client Error: Too Many Requests for url: https://feeds.finance.yahoo.com/rss/2.0/headline?s=EVOK&region=US&lang=en-US
ERROR:trading_errors:get_yahoo_finance_news error for EVOK: 429 Client Error: Too Many Requests for url: https://feeds.finance.yahoo.com/rss/2.0/headline?s=EVOK&region=US&lang=en-US
✅ Got 0 Yahoo Finance news articles for EVOK
[DEBUG] Filtered 8 stock-specific news articles for EVOK (from 10 total)
[DEBUG] News source counts: Reddit=5, GlobeNewswire=1, Benzinga=2
✅ Added 3 news items for EVOK from 3 sources
🔍 Analyzing CLDI (3/6)...
⚠️ No market data available for CLDI
[DEBUG][AlphaVantage] Raw response for CLDI: {'Information': 'Invalid inputs. Please refer to the API documentation https://www.alphavantage.co/documentation#newsapi and try again.'}
[DEBUG][AlphaVantage] No feed found in response for CLDI
✅ Got 1 Alpha Vantage news articles for CLDI
[DEBUG][Reddit] Raw response for CLDI: 200 {"kind": "Listing", "data": {"modhash": "", "dist": 0, "facets": {}, "after": null, "geo_filter": "", "children": [], "before": null}}
[DEBUG][Reddit] Parsed 0 articles for CLDI
✅ Got 0 Reddit posts for CLDI
✅ Got 4 Finnhub news articles for CLDI
[DEBUG][YahooFinance] Raw response for CLDI: 429 Too Many Requests

2025-07-10 15:48:07,703 | ERROR    | ERROR | trading_errors:0 | get_yahoo_finance_news error for CLDI: 429 Client Error: Too Many Requests for url: https://feeds.finance.yahoo.com/rss/2.0/headline?s=CLDI&region=US&lang=en-US
ERROR:trading_errors:get_yahoo_finance_news error for CLDI: 429 Client Error: Too Many Requests for url: https://feeds.finance.yahoo.com/rss/2.0/headline?s=CLDI&region=US&lang=en-US
✅ Got 0 Yahoo Finance news articles for CLDI
[DEBUG] Filtered 5 stock-specific news articles for CLDI (from 5 total)
[DEBUG] News source counts: Alpha Vantage=1, Yahoo=4
✅ Added 3 news items for CLDI from 2 sources
🔍 Analyzing PHH (4/6)...
⚠️ No market data available for PHH
[DEBUG][AlphaVantage] Raw response for PHH: {'items': '4', 'sentiment_score_definition': 'x <= -0.35: Bearish; -0.35 < x <= -0.15: Somewhat-Bearish; -0.15 < x < 0.15: Neutral; 0.15 <= x < 0.35: Somewhat_Bullish; x >= 0.35: Bullish', 'relevance_score_definition': '0 < x <= 1, with a higher score indicating higher relevance.', 'feed': [{'title': 'Dow Jumps 200 Points; US Wholesale Inventories Fall 0.3% In May - Calidi Biotherapeutics  ( AMEX:CLDI ) , Blue Gold  ( NASDAQ:BGL ) ', 'url': 'https://www.benzinga.com/news/25/07/46321522/dow-jumps-200-points-us-wholesale-inventories-fall-0-3-in-may', 'time_published': '20250709T143655', 'authors': ['Avi Kapoor'], 'summary': 'U.S. stocks traded higher this morning, with the Dow Jones index gaining more than 200 points on Wednesday. Following the market opening Wednesday, the Dow traded up 0.46% to 44,442.42 while the NASDAQ gained 0.95% to 20,611.65. The S&P 500 also rose, gaining, 0.60% to 6,262.70.', 'banner_image': 'https://cdn.benzinga.com/files/images/story/2025/07/09/Portland--Or--Usa---Mar-12--2020-Dow-Jon.jpeg?width=1200&height=800&fit=crop', 'source': 'Benzinga', 'category_within_source': 'Trading', 'source_domain': 'www.benzinga.com', 'topics': [{'topic': 'Life Sciences', 'relevance_score': '0.5'}, {'topic': 'Technology', 'relevance_score': '0.5'}, {'topic': 'Financial Markets', 'relevance_score': '0.161647'}], 'overall_sentiment_score': 0.184795, 'overall_sentiment_label': 'Somewhat-Bullish', 'ticker_sentiment': [{'ticker': 'PHH', 'relevance_score': '0.207571', 'ticker_sentiment_score': '0.416259', 'ticker_sentiment_label': 'Bullish'}, {'ticker': 'RXST', 'relevance_score': '0.207571', 'ticker_sentiment_score': '0.146826', 'ticker_sentiment_label': 'Neutral'}, {'ticker': 'SUGP', 'relevance_score': '0.207571', 'ticker_sentiment_score': '0.34045', 'ticker_sentiment_label': 'Somewhat-Bullish'}, {'ticker': 'EVOK', 'relevance_score': '0.207571', 'ticker_sentiment_score': '0.015402', 'ticker_sentiment_label': 'Neutral'}]}, {'title': 'Mr. Cooper Group, Southern States Bancshares, Corcept Therapeutics And Other Big Stocks Moving Higher On Monday - Celsius Holdings  ( NASDAQ:CELH ) , B&G Foods  ( NYSE:BGS ) ', 'url': 'https://www.benzinga.com/25/03/44565369/mr-cooper-group-southern-states-bancshares-corcept-therapeutics-and-other-big-stocks-moving-higher-on-monday', 'time_published': '20250331T154110', 'authors': ['Avi Kapoor'], 'summary': "U.S. stocks were mixed, with the Nasdaq Composite falling over 1% on Monday. Shares of Mr. Cooper Group Inc. COOP rose sharply during Monday's session after the company announced it will be acquired by Rocket Companies in a $9.4 billion all-stock deal. Mr. Cooper Group shares jumped 16.3% to $ ...", 'banner_image': 'https://cdn.benzinga.com/files/images/story/2025/03/31/Recent-Gains.jpeg?width=1200&height=800&fit=crop', 'source': 'Benzinga', 'category_within_source': 'Trading', 'source_domain': 'www.benzinga.com', 'topics': [{'topic': 'Life Sciences', 'relevance_score': '0.25'}, {'topic': 'Financial Markets', 'relevance_score': '0.161647'}, {'topic': 'Manufacturing', 'relevance_score': '0.25'}, {'topic': 'Mergers & Acquisitions', 'relevance_score': '0.360215'}, {'topic': 'Technology', 'relevance_score': '0.25'}, {'topic': 'Finance', 'relevance_score': '0.25'}], 'overall_sentiment_score': 0.314875, 'overall_sentiment_label': 'Somewhat-Bullish', 'ticker_sentiment': [{'ticker': 'DFS', 'relevance_score': '0.371523', 'ticker_sentiment_score': '0.445239', 'ticker_sentiment_label': 'Bullish'}, {'ticker': 'CELH', 'relevance_score': '0.252987', 'ticker_sentiment_score': '0.0', 'ticker_sentiment_label': 'Neutral'}, {'ticker': 'CORT', 'relevance_score': '0.252987', 'ticker_sentiment_score': '0.16181', 'ticker_sentiment_label': 'Somewhat-Bullish'}, {'ticker': 'PHH', 'relevance_score': '0.252987', 'ticker_sentiment_score': '0.584954', 'ticker_sentiment_label': 'Bullish'}, {'ticker': 'CYRX', 'relevance_score': '0.252987', 'ticker_sentiment_score': '0.233336', 'ticker_sentiment_label': 'Somewhat-Bullish'}, {'ticker': 'NVTS', 'relevance_score': '0.252987', 'ticker_sentiment_score': '0.0', 'ticker_sentiment_label': 'Neutral'}, {'ticker': 'GRRR', 'relevance_score': '0.252987', 'ticker_sentiment_score': '0.584954', 'ticker_sentiment_label': 'Bullish'}, {'ticker': 'GT', 'relevance_score': '0.371523', 'ticker_sentiment_score': '0.480416', 'ticker_sentiment_label': 'Bullish'}, {'ticker': 'FBK', 'relevance_score': '0.128135', 'ticker_sentiment_score': '0.0', 'ticker_sentiment_label': 'Neutral'}, {'ticker': 'BGS', 'relevance_score': '0.252987', 'ticker_sentiment_score': '0.0', 'ticker_sentiment_label': 'Neutral'}, {'ticker': 'SSBK', 'relevance_score': '0.252987', 'ticker_sentiment_score': '0.0', 'ticker_sentiment_label': 'Neutral'}]}, {'title': 'D. Boral Capital Served as Underwriter to Park Ha Biological Technology Co., Ltd.  ( Nasdaq: PHH )  in connection with its $4.8 Million Initial Public Offering', 'url': 'https://www.benzinga.com/pressreleases/25/01/g42811553/d-boral-capital-served-as-underwriter-to-park-ha-biological-technology-co-ltd-nasdaq-phh-in-connec', 'time_published': '20250106T130000', 'authors': ['Globe Newswire'], 'summary': 'WUXI, China, Jan. 06, 2025 ( GLOBE NEWSWIRE ) -- Park Ha Biological Technology Co., Ltd. ( the "Company" ) , a company focused on developing private skincare labels, direct skincare product sales, and franchise alliance promotions, today announced the pricing of its initial public offering ( the ...', 'banner_image': 'https://www.benzinga.com/next-assets/images/schema-image-default.png', 'source': 'Benzinga', 'category_within_source': 'General', 'source_domain': 'www.benzinga.com', 'topics': [{'topic': 'IPO', 'relevance_score': '0.682689'}, {'topic': 'Technology', 'relevance_score': '1.0'}, {'topic': 'Financial Markets', 'relevance_score': '0.818451'}], 'overall_sentiment_score': 0.188573, 'overall_sentiment_label': 'Somewhat-Bullish', 'ticker_sentiment': [{'ticker': 'PHH', 'relevance_score': '0.1331', 'ticker_sentiment_score': '0.196543', 'ticker_sentiment_label': 'Somewhat-Bullish'}]}, {'title': 'Park Ha Biological Technology Co., Ltd. Announces Closing of $4.8 Million Initial Public Offering', 'url': 'https://www.globenewswire.com/news-release/2024/12/30/3002924/0/en/Park-Ha-Biological-Technology-Co-Ltd-Announces-Closing-of-4-8-Million-Initial-Public-Offering.html', 'time_published': '20241230T223000', 'authors': ['Park Ha Biological Technology Co.', 'Ltd.'], 'summary': 'Wuxi, China, Dec. 30, 2024 ( GLOBE NEWSWIRE ) -- Park Ha Biological Technology Co., Ltd. ( Nasdaq: PHH ) ( the "Company" ) , a company focused on developing private skincare labels, direct skincare product sales, and franchise alliance promotions, today announced the closing of its initial ...', 'banner_image': 'https://ml.globenewswire.com/Resource/Download/1faf526e-92a2-4cc9-a035-01b9b89d02b4', 'source': 'GlobeNewswire', 'category_within_source': 'n/a', 'source_domain': 'www.globenewswire.com', 'topics': [{'topic': 'IPO', 'relevance_score': '0.682689'}, {'topic': 'Technology', 'relevance_score': '1.0'}, {'topic': 'Financial Markets', 'relevance_score': '0.714479'}], 'overall_sentiment_score': 0.186504, 'overall_sentiment_label': 'Somewhat-Bullish', 'ticker_sentiment': [{'ticker': 'PHH', 'relevance_score': '0.22574', 'ticker_sentiment_score': '0.286971', 'ticker_sentiment_label': 'Somewhat-Bullish'}]}]}
[DEBUG][AlphaVantage] Parsed 4 articles for PHH
✅ Got 4 Alpha Vantage news articles for PHH
INFO:werkzeug:127.0.0.1 - - [10/Jul/2025 15:48:11] "GET /api/crypto_analysis HTTP/1.1" 200 -
[DEBUG][Reddit] Raw response for PHH: 200 {"kind": "Listing", "data": {"modhash": "", "dist": 2, "facets": {}, "after": null, "geo_filter": "", "children": [{"kind": "t3", "data": {"approved_at_utc": null, "subreddit": "stocks", "selftext": "#Good morning traders of the r/stocks sub! Welcome to Friday, and the final trading day of September and Q3! Here are your stock movers &amp; news this morning-\n\n*****\n\n#[Frontrunning: September 28th](https://www.cnbc.com/2018/09/28/stocks-making-the-biggest-move-premarket-bb-low-mtn-tesla-ba--m
[DEBUG][Reddit] Parsed 2 articles for PHH
✅ Got 2 Reddit posts for PHH
✅ Got 1 Finnhub news articles for PHH
📊 Returning cached crypto analysis results
[DEBUG][YahooFinance] Raw response for PHH: 429 Too Many Requests

2025-07-10 15:48:12,304 | ERROR    | ERROR | trading_errors:0 | get_yahoo_finance_news error for PHH: 429 Client Error: Too Many Requests for url: https://feeds.finance.yahoo.com/rss/2.0/headline?s=PHH&region=US&lang=en-US
ERROR:trading_errors:get_yahoo_finance_news error for PHH: 429 Client Error: Too Many Requests for url: https://feeds.finance.yahoo.com/rss/2.0/headline?s=PHH&region=US&lang=en-US
✅ Got 0 Yahoo Finance news articles for PHH
[DEBUG] Filtered 4 stock-specific news articles for PHH (from 7 total)
[DEBUG] News source counts: Reddit=2, GlobeNewswire=1, Benzinga=1
✅ Added 3 news items for PHH from 3 sources
🔍 Analyzing BMNR (5/6)...
⚠️ No market data available for BMNR
[DEBUG][AlphaVantage] Raw response for BMNR: {'items': '44', 'sentiment_score_definition': 'x <= -0.35: Bearish; -0.35 < x <= -0.15: Somewhat-Bearish; -0.15 < x < 0.15: Neutral; 0.15 <= x < 0.35: Somewhat_Bullish; x >= 0.35: Bullish', 'relevance_score_definition': '0 < x <= 1, with a higher score indicating higher relevance.', 'feed': [{'title': "Methode Electronics, Ultragenyx Pharmaceutical And Other Big Stocks Moving Lower In Thursday's Pre-Market Session - BitMine Immersion Techs  ( AMEX:BMNR ) , Altimmune  ( NASDAQ:ALT ) ", 'url': 'https://www.benzinga.com/trading-ideas/movers/25/07/46340269/methode-electronics-ultragenyx-pharmaceutical-and-other-big-stocks-moving-lower-in-thursdays', 'time_published': '20250710T120022', 'authors': ['Avi Kapoor'], 'summary': "U.S. stock futures were lower this morning, with the Dow futures falling around 100 points on Thursday. Shares of Methode Electronics, Inc. MEI fell sharply in today's pre-market trading after the company reported a fourth-quarter adjusted EPS miss.", 'banner_image': 'https://cdn.benzinga.com/files/images/story/2025/07/10/Stuttgart--Germany---07-06-2023-Mobile-P.jpeg?width=1200&height=800&fit=crop', 'source': 'Benzinga', 'category_within_source': 'Trading', 'source_domain': 'www.benzinga.com', 'topics': [{'topic': 'Life Sciences', 'relevance_score': '0.5'}, {'topic': 'Financial Markets', 'relevance_score': '0.658903'}, {'topic': 'Manufacturing', 'relevance_score': '0.5'}, {'topic': 'Earnings', 'relevance_score': '0.495866'}], 'overall_sentiment_score': -0.00976, 'overall_sentiment_label': 'Neutral', 'ticker_sentiment': [{'ticker': 'BMNR', 'relevance_score': '0.353898', 'ticker_sentiment_score': '-0.079159', 'ticker_sentiment_label': 'Neutral'}, {'ticker': 'MEI', 'relevance_score': '0.459624', 'ticker_sentiment_score': '-0.012547', 'ticker_sentiment_label': 'Neutral'}, {'ticker': 'SCAG', 'relevance_score': '0.240489', 'ticker_sentiment_score': '0.186216', 'ticker_sentiment_label': 'Somewhat-Bullish'}, {'ticker': 'MTSR', 'relevance_score': '0.240489', 'ticker_sentiment_score': '-0.023778', 'ticker_sentiment_label': 'Neutral'}, {'ticker': 'RARE', 'relevance_score': '0.240489', 'ticker_sentiment_score': '0.0', 'ticker_sentiment_label': 'Neutral'}, {'ticker': 'ALT', 'relevance_score': '0.353898', 'ticker_sentiment_score': '0.433514', 'ticker_sentiment_label': 'Bullish'}, {'ticker': 'MREO', 'relevance_score': '0.459624', 'ticker_sentiment_score': '-0.041988', 'ticker_sentiment_label': 'Neutral'}, {'ticker': 'HBNB', 'relevance_score': '0.240489', 'ticker_sentiment_score': '0.0', 'ticker_sentiment_label': 'Neutral'}]}, {'title': "What's Going On With BitMine Stock Today? - BitMine Immersion Techs  ( AMEX:BMNR ) ", 'url': 'https://www.benzinga.com/trading-ideas/movers/25/07/46328447/whats-going-on-with-bitmine-stock-today', 'time_published': '20250709T181448', 'authors': ['Vaishali Prayag'], 'summary': 'BitMine shares are tumbling 40% on Wednesday. BitMine enters into a Controlled Equity Offering Sales Agreement and closes a $250 million private placement. Up Next: Get 5 Dark Horse Stocks Wall Street Is Quietly Loading Up On Shares of BitMine Immersion Technologies Inc.', 'banner_image': 'https://cdn.benzinga.com/files/images/story/2025/07/09/Tech-ETFs.jpeg?width=1200&height=800&fit=crop', 'source': 'Benzinga', 'category_within_source': 'News', 'source_domain': 'www.benzinga.com', 'topics': [{'topic': 'Blockchain', 'relevance_score': '0.310843'}, {'topic': 'Financial Markets', 'relevance_score': '0.929393'}], 'overall_sentiment_score': 0.195132, 'overall_sentiment_label': 'Somewhat-Bullish', 'ticker_sentiment': [{'ticker': 'BMNR', 'relevance_score': '0.375251', 'ticker_sentiment_score': '0.232692', 'ticker_sentiment_label': 'Somewhat-Bullish'}, {'ticker': 'CRYPTO:ETH', 'relevance_score': '0.807885', 'ticker_sentiment_score': '0.361379', 'ticker_sentiment_label': 'Bullish'}]}, {'title': 'Crude Oil Moves Higher; RxSight Shares Plunge - BitMine Immersion Techs  ( AMEX:BMNR ) , Calidi Biotherapeutics  ( AMEX:CLDI ) ', 'url': 'https://www.benzinga.com/markets/market-summary/25/07/46327297/crude-oil-moves-higher-rxsight-shares-plunge', 'time_published': '20250709T173345', 'authors': ['Avi Kapoor'], 'summary': 'U.S. stocks traded higher midway through trading, with the Nasdaq Composite gaining more than 100 points on Wednesday. The Dow traded up 0.18% to 44,319.31 while the NASDAQ gained 0.62% to 20,545.29. The S&P 500 also rose, gaining, 0.31% to 6,245.11. Communication services shares jumped by 1.1% ...', 'banner_image': 'https://cdn.benzinga.com/files/images/story/2025/07/09/Oil-Tanker-Underway-Towards-Open-Sea--Cr.jpeg?width=1200&height=800&fit=crop', 'source': 'Benzinga', 'category_within_source': 'Trading', 'source_domain': 'www.benzinga.com', 'topics': [{'topic': 'Life Sciences', 'relevance_score': '0.5'}, {'topic': 'IPO', 'relevance_score': '0.158519'}, {'topic': 'Financial Markets', 'relevance_score': '0.214378'}, {'topic': 'Technology', 'relevance_score': '0.5'}], 'overall_sentiment_score': 0.134939, 'overall_sentiment_label': 'Neutral', 'ticker_sentiment': [{'ticker': 'BMNR', 'relevance_score': '0.29234', 'ticker_sentiment_score': '0.341889', 'ticker_sentiment_label': 'Somewhat-Bullish'}, {'ticker': 'EVTL', 'relevance_score': '0.197413', 'ticker_sentiment_score': '-0.094816', 'ticker_sentiment_label': 'Neutral'}, {'ticker': 'RXST', 'relevance_score': '0.197413', 'ticker_sentiment_score': '0.141361', 'ticker_sentiment_label': 'Neutral'}, {'ticker': 'SUGP', 'relevance_score': '0.197413', 'ticker_sentiment_score': '0.3287', 'ticker_sentiment_label': 'Somewhat-Bullish'}, {'ticker': 'EVOK', 'relevance_score': '0.197413', 'ticker_sentiment_score': '0.014821', 'ticker_sentiment_label': 'Neutral'}]}, {'title': "GameSquare Stock Is Ripping Higher Wednesday: What's Driving The Momentum? - GameSquare Holdings  ( NASDAQ:GAME ) ", 'url': 'https://www.benzinga.com/trading-ideas/movers/25/07/46325967/gamesquare-stock-is-ripping-higher-wednesday-whats-driving-the-momentum', 'time_published': '20250709T165305', 'authors': ['Adam Eckert'], 'summary': 'GameSquare Holdings Inc GAME shares continue to move higher on Wednesday after the company announced plans to launch an Ethereum ETH/USD treasury strategy. What To Know: Micro-cap stock GameSquare rallied more than 58% on Tuesday after the company announced an offering and said it intends to use ...', 'banner_image': 'https://cdn.benzinga.com/files/images/story/2025/07/09/Closeup-Of-Golden-Ethereum-Cryptocurrenc.jpeg?width=1200&height=800&fit=crop', 'source': 'Benzinga', 'category_within_source': 'News', 'source_domain': 'www.benzinga.com', 'topics': [{'topic': 'Financial Markets', 'relevance_score': '0.214378'}, {'topic': 'Manufacturing', 'relevance_score': '0.333333'}, {'topic': 'Technology', 'relevance_score': '0.333333'}, {'topic': 'Finance', 'relevance_score': '0.333333'}, {'topic': 'Blockchain', 'relevance_score': '0.310843'}], 'overall_sentiment_score': 0.355383, 'overall_sentiment_label': 'Bullish', 'ticker_sentiment': [{'ticker': 'BMNR', 'relevance_score': '0.101154', 'ticker_sentiment_score': '0.30718', 'ticker_sentiment_label': 'Somewhat-Bullish'}, {'ticker': 'SBET', 'relevance_score': '0.101154', 'ticker_sentiment_score': '0.30718', 'ticker_sentiment_label': 'Somewhat-Bullish'}, {'ticker': 'BTBT', 'relevance_score': '0.101154', 'ticker_sentiment_score': '0.30718', 'ticker_sentiment_label': 'Somewhat-Bullish'}, {'ticker': 'GAME', 'relevance_score': '0.690822', 'ticker_sentiment_score': '0.484662', 'ticker_sentiment_label': 'Bullish'}, {'ticker': 'CRYPTO:ETH', 'relevance_score': '0.796338', 'ticker_sentiment_score': '0.579727', 'ticker_sentiment_label': 'Bullish'}]}, {'title': 'GameSquare Shares Spike 6% In After-Hours Trading After Company Approves $100 Million Investment In Ethereum - Grayscale Ethereum Mini Trust  ( ETH )  Common units of fractional undivided beneficial interest  ( ARCA:ETH ) ', 'url': 'https://www.benzinga.com/trading-ideas/movers/25/07/46312490/gamesquare-shares-spike-6-in-after-hours-trading-after-company-approves-100-million-investme', 'time_published': '20250709T062258', 'authors': ['Aniket Verma'], 'summary': 'GameSquare Holdings, Inc. GAME shares climbed higher after-hours after a $100 million Ethereum ETH/USD investment announcement spurred a 58% rally on Tuesday. What Happened: The firm disclosed the pricing details of its underwritten public offering for the sale of 8.42 million shares of common ...', 'banner_image': 'https://cdn.benzinga.com/files/images/story/2025/07/09/Eth-Coin-With-Blurred-Candlestick-Chart-.jpeg?width=1200&height=800&fit=crop', 'source': 'Benzinga', 'category_within_source': 'Trading', 'source_domain': 'www.benzinga.com', 'topics': [{'topic': 'IPO', 'relevance_score': '0.158519'}, {'topic': 'Financial Markets', 'relevance_score': '0.990999'}, {'topic': 'Technology', 'relevance_score': '0.5'}, {'topic': 'Finance', 'relevance_score': '0.5'}, {'topic': 'Blockchain', 'relevance_score': '0.158519'}], 'overall_sentiment_score': 0.25241, 'overall_sentiment_label': 'Somewhat-Bullish', 'ticker_sentiment': [{'ticker': 'BMNR', 'relevance_score': '0.236972', 'ticker_sentiment_score': '0.118312', 'ticker_sentiment_label': 'Neutral'}, {'ticker': 'BTBT', 'relevance_score': '0.236972', 'ticker_sentiment_score': '0.134186', 'ticker_sentiment_label': 'Neutral'}, {'ticker': 'GAME', 'relevance_score': '0.453501', 'ticker_sentiment_score': '0.146296', 'ticker_sentiment_label': 'Neutral'}, {'ticker': 'CRYPTO:BTC', 'relevance_score': '0.348919', 'ticker_sentiment_score': '0.293427', 'ticker_sentiment_label': 'Somewhat-Bullish'}, {'ticker': 'CRYPTO:ETH', 'relevance_score': '0.772194', 'ticker_sentiment_score': '0.396139', 'ticker_sentiment_label': 'Bullish'}]}, {'title': "Tom Lee Loves Ethereum, But Is Solana Quietly Taking Over? This Expert Says SOL Will 'Outperform' ETH - Here's More - Grayscale Ethereum Mini Trust  ( ETH )  Common units of fractional undivided beneficial interest  ( ARCA:ETH ) ", 'url': 'https://www.benzinga.com/crypto/cryptocurrency/25/07/46293440/tom-lee-loves-ethereum-but-is-solana-quietly-taking-over-this-expert-says-sol-will-outperfo', 'time_published': '20250708T120550', 'authors': ['Rishabh Mishra'], 'summary': 'As the CIO of Fundstrat Capital, Tom Lee doubles down on Ethereum ETH/USD; however, Fred Krueger challenges this Ethereum-centric narrative, noting Solana\'s SOL/USD "rising dominance."', 'banner_image': 'https://cdn.benzinga.com/files/images/story/2025/07/08/Close-Up-Of-Golden-Solana-Cryptocurrency.jpeg?width=1200&height=800&fit=crop', 'source': 'Benzinga', 'category_within_source': 'Markets', 'source_domain': 'www.benzinga.com', 'topics': [{'topic': 'Financial Markets', 'relevance_score': '0.858979'}, {'topic': 'Technology', 'relevance_score': '0.5'}, {'topic': 'Finance', 'relevance_score': '0.5'}, {'topic': 'Blockchain', 'relevance_score': '0.769861'}], 'overall_sentiment_score': 0.215162, 'overall_sentiment_label': 'Somewhat-Bullish', 'ticker_sentiment': [{'ticker': 'BMNR', 'relevance_score': '0.137278', 'ticker_sentiment_score': '0.083136', 'ticker_sentiment_label': 'Neutral'}, {'ticker': 'IVZ', 'relevance_score': '0.068896', 'ticker_sentiment_score': '0.229319', 'ticker_sentiment_label': 'Somewhat-Bullish'}, {'ticker': 'MSTR', 'relevance_score': '0.068896', 'ticker_sentiment_score': '0.069209', 'ticker_sentiment_label': 'Neutral'}, {'ticker': 'CRYPTO:BTC', 'relevance_score': '0.510838', 'ticker_sentiment_score': '0.100321', 'ticker_sentiment_label': 'Neutral'}, {'ticker': 'CRYPTO:ETH', 'relevance_score': '0.899545', 'ticker_sentiment_score': '0.312634', 'ticker_sentiment_label': 'Somewhat-Bullish'}]}, {'title': 'This Formerly High-Flying Cryptocurrency Has the Potential to Become the New Bitcoin, According to Tom Lee of Fundstrat', 'url': 'https://www.fool.com/investing/2025/07/08/high-flying-cryptocurrency-new-bitcoin/', 'time_published': '20250708T113000', 'authors': ['Dominic Basulto'], 'summary': 'The Bitcoin treasury company model pioneered by Strategy is going fully mainstream. In fact, Wall Street is now adapting this business model for other cryptocurrencies beyond just Bitcoin.On June 30, Tom Lee of Fundstrat announced that he was becoming the chairman of BitMine Immersion ...', 'banner_image': 'https://g.foolcdn.com/image/?url=https%3A%2F%2Fg.foolcdn.com%2Feditorial%2Fimages%2F823852%2Fshocked-investor-with-smartphone.jpg&op=resize&w=700', 'source': 'Motley Fool', 'category_within_source': 'n/a', 'source_domain': 'www.fool.com', 'topics': [{'topic': 'Finance', 'relevance_score': '1.0'}, {'topic': 'Blockchain', 'relevance_score': '1.0'}, {'topic': 'Financial Markets', 'relevance_score': '0.161647'}], 'overall_sentiment_score': 0.282477, 'overall_sentiment_label': 'Somewhat-Bullish', 'ticker_sentiment': [{'ticker': 'BMNR', 'relevance_score': '0.051886', 'ticker_sentiment_score': '-0.00399', 'ticker_sentiment_label': 'Neutral'}, {'ticker': 'COIN', 'relevance_score': '0.051886', 'ticker_sentiment_score': '0.158981', 'ticker_sentiment_label': 'Somewhat-Bullish'}, {'ticker': 'FOREX:USD', 'relevance_score': '0.103554', 'ticker_sentiment_score': '0.128454', 'ticker_sentiment_label': 'Neutral'}, {'ticker': 'CRYPTO:BTC', 'relevance_score': '0.565145', 'ticker_sentiment_score': '0.390602', 'ticker_sentiment_label': 'Bullish'}, {'ticker': 'CRYPTO:ETH', 'relevance_score': '0.921091', 'ticker_sentiment_score': '0.468745', 'ticker_sentiment_label': 'Bullish'}]}, {'title': "What's Going On With SharpLink Gaming  ( SBET )  Stock? - SharpLink Gaming  ( NASDAQ:SBET ) ", 'url': 'https://www.benzinga.com/trading-ideas/movers/25/07/46284263/whats-going-on-with-sharplink-gaming-sbet-stock', 'time_published': '20250707T195453', 'authors': ['Vaishali Prayag'], 'summary': 'SharpLink Gaming shares trade as high as $15.17 and as low as $12.50 in a volatile session on Monday. The company will ring the closing bell at the Nasdaq on Monday to celebrate its Ethereum treasury strategy.', 'banner_image': 'https://cdn.benzinga.com/files/images/story/2025/07/07/Golden-Ethereum-Is-An-Asset-Of-Choice-Fo.jpeg?width=1200&height=800&fit=crop', 'source': 'Benzinga', 'category_within_source': 'News', 'source_domain': 'www.benzinga.com', 'topics': [{'topic': 'Economy - Monetary', 'relevance_score': '0.158519'}, {'topic': 'Financial Markets', 'relevance_score': '0.459462'}, {'topic': 'Manufacturing', 'relevance_score': '0.5'}, {'topic': 'Finance', 'relevance_score': '0.5'}], 'overall_sentiment_score': 0.194131, 'overall_sentiment_label': 'Somewhat-Bullish', 'ticker_sentiment': [{'ticker': 'BMNR', 'relevance_score': '0.097854', 'ticker_sentiment_score': '0.0', 'ticker_sentiment_label': 'Neutral'}, {'ticker': 'SBET', 'relevance_score': '0.377142', 'ticker_sentiment_score': '0.079853', 'ticker_sentiment_label': 'Neutral'}, {'ticker': 'BTBT', 'relevance_score': '0.194242', 'ticker_sentiment_score': '0.172353', 'ticker_sentiment_label': 'Somewhat-Bullish'}, {'ticker': 'CRYPTO:ETH', 'relevance_score': '0.890037', 'ticker_sentiment_score': '0.467195', 'ticker_sentiment_label': 'Bullish'}]}, {'title': "Tesla, Quantum-Si And Other Big Stocks Moving Lower In Monday's Pre-Market Session - BitMine Immersion Techs  ( AMEX:BMNR ) , Aebi Schmidt Holding  ( NASDAQ:AEBI ) ", 'url': 'https://www.benzinga.com/trading-ideas/movers/25/07/46272198/tesla-quantum-si-and-other-big-stocks-moving-lower-in-mondays-pre-market-session', 'time_published': '20250707T121956', 'authors': ['Avi Kapoor'], 'summary': "U.S. stock futures were mixed this morning, with the Dow futures gaining around 0.1% on Monday. Shares of Tesla, Inc. TSLA fell sharply in today's pre-market trading in response to CEO Elon Musk's re-entry into the political landscape amid his ongoing dispute with President Donald Trump over the ...", 'banner_image': 'https://cdn.benzinga.com/files/images/story/2025/07/07/Tesla_4.jpeg?width=1200&height=800&fit=crop', 'source': 'Benzinga', 'category_within_source': 'Trading', 'source_domain': 'www.benzinga.com', 'topics': [{'topic': 'Financial Markets', 'relevance_score': '0.999922'}, {'topic': 'Manufacturing', 'relevance_score': '0.333333'}, {'topic': 'Real Estate & Construction', 'relevance_score': '0.333333'}, {'topic': 'Technology', 'relevance_score': '0.333333'}], 'overall_sentiment_score': 0.039604, 'overall_sentiment_label': 'Neutral', 'ticker_sentiment': [{'ticker': 'BMNR', 'relevance_score': '0.388879', 'ticker_sentiment_score': '0.218554', 'ticker_sentiment_label': 'Somewhat-Bullish'}, {'ticker': 'SCAG', 'relevance_score': '0.265378', 'ticker_sentiment_score': '-0.212021', 'ticker_sentiment_label': 'Somewhat-Bearish'}, {'ticker': 'TSLA', 'relevance_score': '0.502207', 'ticker_sentiment_score': '0.375818', 'ticker_sentiment_label': 'Bullish'}, {'ticker': 'SKM', 'relevance_score': '0.265378', 'ticker_sentiment_score': '-0.499045', 'ticker_sentiment_label': 'Bearish'}, {'ticker': 'AEBI', 'relevance_score': '0.265378', 'ticker_sentiment_score': '-0.025677', 'ticker_sentiment_label': 'Neutral'}, {'ticker': 'QSI', 'relevance_score': '0.265378', 'ticker_sentiment_score': '-0.221493', 'ticker_sentiment_label': 'Somewhat-Bearish'}, {'ticker': 'GDS', 'relevance_score': '0.265378', 'ticker_sentiment_score': '-0.500624', 'ticker_sentiment_label': 'Bearish'}, {'ticker': 'BULL', 'relevance_score': '0.265378', 'ticker_sentiment_score': '-0.499045', 'ticker_sentiment_label': 'Bearish'}, {'ticker': 'CRYPTO:ETH', 'relevance_score': '0.13459', 'ticker_sentiment_score': '0.101381', 'ticker_sentiment_label': 'Neutral'}]}, {'title': 'Why Apogee Therapeutics Shares Are Trading Higher By 50%; Here Are 20 Stocks Moving Premarket - Apogee Therapeutics  ( NASDAQ:APGE ) , Apogee Enterprises  ( NASDAQ:APOG ) ', 'url': 'https://www.benzinga.com/news/25/07/46270242/why-apogee-therapeutics-shares-are-trading-higher-by-50-here-are-20-stocks-moving-premarket', 'time_published': '20250707T102601', 'authors': ['Avi Kapoor'], 'summary': "Shares of Apogee Therapeutics, Inc. APGE rose sharply in today's pre-market trading after the company disclosed positive 16-week data from Phase 2 APEX clinical trial of APG777, its potentially best-in-class anti-IL-13 antibody, in moderate-to-severe atopic dermatitis.", 'banner_image': 'https://cdn.benzinga.com/files/images/story/2025/07/07/Section-Of-A-Financial-Newspaper-Titled-.jpeg?width=1200&height=800&fit=crop', 'source': 'Benzinga', 'category_within_source': 'Markets', 'source_domain': 'www.benzinga.com', 'topics': [{'topic': 'Life Sciences', 'relevance_score': '0.2'}, {'topic': 'Financial Markets', 'relevance_score': '1.0'}, {'topic': 'Manufacturing', 'relevance_score': '0.2'}, {'topic': 'Energy & Transportation', 'relevance_score': '0.2'}, {'topic': 'Real Estate & Construction', 'relevance_score': '0.2'}, {'topic': 'Technology', 'relevance_score': '0.2'}], 'overall_sentiment_score': 0.118966, 'overall_sentiment_label': 'Neutral', 'ticker_sentiment': [{'ticker': 'KWM', 'relevance_score': '0.165031', 'ticker_sentiment_score': '0.413197', 'ticker_sentiment_label': 'Bullish'}, {'ticker': 'INHD', 'relevance_score': '0.165031', 'ticker_sentiment_score': '0.0', 'ticker_sentiment_label': 'Neutral'}, {'ticker': 'CAPMF', 'relevance_score': '0.082963', 'ticker_sentiment_score': '0.144114', 'ticker_sentiment_label': 'Neutral'}, {'ticker': 'QSI', 'relevance_score': '0.165031', 'ticker_sentiment_score': '-0.155063', 'ticker_sentiment_label': 'Somewhat-Bearish'}, {'ticker': 'SY', 'relevance_score': '0.165031', 'ticker_sentiment_score': '0.453511', 'ticker_sentiment_label': 'Bullish'}, {'ticker': 'MDIA', 'relevance_score': '0.165031', 'ticker_sentiment_score': '-0.148301', 'ticker_sentiment_label': 'Neutral'}, {'ticker': 'BULL', 'relevance_score': '0.165031', 'ticker_sentiment_score': '-0.365626', 'ticker_sentiment_label': 'Bearish'}, {'ticker': 'MULN', 'relevance_score': '0.245339', 'ticker_sentiment_score': '0.361073', 'ticker_sentiment_label': 'Bullish'}, {'ticker': 'RGC', 'relevance_score': '0.165031', 'ticker_sentiment_score': '0.057904', 'ticker_sentiment_label': 'Neutral'}, {'ticker': 'BMNR', 'relevance_score': '0.245339', 'ticker_sentiment_score': '0.154687', 'ticker_sentiment_label': 'Somewhat-Bullish'}, {'ticker': 'PMAX', 'relevance_score': '0.165031', 'ticker_sentiment_score': '0.073827', 'ticker_sentiment_label': 'Neutral'}, {'ticker': 'YGMZ', 'relevance_score': '0.245339', 'ticker_sentiment_score': '0.039174', 'ticker_sentiment_label': 'Neutral'}, {'ticker': 'APGE', 'relevance_score': '0.245339', 'ticker_sentiment_score': '0.219064', 'ticker_sentiment_label': 'Somewhat-Bullish'}, {'ticker': 'TSLA', 'relevance_score': '0.165031', 'ticker_sentiment_score': '0.024085', 'ticker_sentiment_label': 'Neutral'}, {'ticker': 'XRTX', 'relevance_score': '0.165031', 'ticker_sentiment_score': '-0.420818', 'ticker_sentiment_label': 'Bearish'}, {'ticker': 'LIXT', 'relevance_score': '0.165031', 'ticker_sentiment_score': '0.238646', 'ticker_sentiment_label': 'Somewhat-Bullish'}, {'ticker': 'SONN', 'relevance_score': '0.165031', 'ticker_sentiment_score': '0.078564', 'ticker_sentiment_label': 'Neutral'}, {'ticker': 'WNS', 'relevance_score': '0.245339', 'ticker_sentiment_score': '0.258283', 'ticker_sentiment_label': 'Somewhat-Bullish'}, {'ticker': 'CRYPTO:BTC', 'relevance_score': '0.082963', 'ticker_sentiment_score': '0.208206', 'ticker_sentiment_label': 'Somewhat-Bullish'}, {'ticker': 'CRYPTO:ETH', 'relevance_score': '0.082963', 'ticker_sentiment_score': '0.084614', 'ticker_sentiment_label': 'Neutral'}]}, {'title': 'Why BitMine Immersion Technologies Stock Skyrocketed Today', 'url': 'https://www.fool.com/investing/2025/07/03/why-bitmine-immersion-technologies-stock-skyrocket/', 'time_published': '20250703T223405', 'authors': ['Keith Noonan'], 'summary': "BitMine Immersion Technologies ( NYSEMKT: BMNR ) stock posted another day of explosive gains in Thursday's trading -- ending the session up 130.8%. The company's share price is up roughly 2,450% over the last week. News that Wall Street strategist Tom Lee is joining Bitmine in a push to make ...", 'banner_image': 'https://g.foolcdn.com/image/?url=https%3A%2F%2Fg.foolcdn.com%2Feditorial%2Fimages%2F823910%2Fgettyimages-1352396871.jpg&op=resize&w=700', 'source': 'Motley Fool', 'category_within_source': 'n/a', 'source_domain': 'www.fool.com', 'topics': [{'topic': 'Blockchain', 'relevance_score': '0.451494'}, {'topic': 'Financial Markets', 'relevance_score': '0.996023'}], 'overall_sentiment_score': 0.262093, 'overall_sentiment_label': 'Somewhat-Bullish', 'ticker_sentiment': [{'ticker': 'BMNR', 'relevance_score': '0.220809', 'ticker_sentiment_score': '0.081459', 'ticker_sentiment_label': 'Neutral'}, {'ticker': 'BNXYF', 'relevance_score': '0.111488', 'ticker_sentiment_score': '0.19329', 'ticker_sentiment_label': 'Somewhat-Bullish'}, {'ticker': 'CRYPTO:BTC', 'relevance_score': '0.220809', 'ticker_sentiment_score': '0.305729', 'ticker_sentiment_label': 'Somewhat-Bullish'}, {'ticker': 'CRYPTO:ETH', 'relevance_score': '0.59972', 'ticker_sentiment_score': '0.338837', 'ticker_sentiment_label': 'Somewhat-Bullish'}]}, {'title': 'BitMine Trading Halted Twice as Ethereum Treasury Firm Soars', 'url': 'https://decrypt.co/328492/bitmine-trading-halted-twice-ethereum-treasury-firm-soars', 'time_published': '20250703T190445', 'authors': ['André Beganski'], 'summary': "Investors who participated in BitMine's private placement paid $4.50 per share, but they can't sell their shares yet.", 'banner_image': 'https://cdn.decrypt.co/resize/1024/height/512/wp-content/uploads/2025/05/Ethereum-decrypt-style-01-gID_7.png', 'source': 'Decrypt.co', 'category_within_source': 'n/a', 'source_domain': 'decrypt.co', 'topics': [{'topic': 'Finance', 'relevance_score': '1.0'}, {'topic': 'Blockchain', 'relevance_score': '0.451494'}, {'topic': 'Financial Markets', 'relevance_score': '0.796627'}], 'overall_sentiment_score': 0.295902, 'overall_sentiment_label': 'Somewhat-Bullish', 'ticker_sentiment': [{'ticker': 'BMNR', 'relevance_score': '0.08687', 'ticker_sentiment_score': '0.203605', 'ticker_sentiment_label': 'Somewhat-Bullish'}, {'ticker': 'GS', 'relevance_score': '0.08687', 'ticker_sentiment_score': '0.134017', 'ticker_sentiment_label': 'Neutral'}, {'ticker': 'CRYPTO:BTC', 'relevance_score': '0.256538', 'ticker_sentiment_score': '0.152017', 'ticker_sentiment_label': 'Somewhat-Bullish'}, {'ticker': 'CRYPTO:ETH', 'relevance_score': '0.337427', 'ticker_sentiment_score': '0.391839', 'ticker_sentiment_label': 'Bullish'}]}, {'title': 'ETH news update: Will expanding corporate Ether treasuries send price to $2.8K?', 'url': 'https://cointelegraph.com/news/eth-news-update-will-expanding-corporate-ether-treasuries-send-price-to-dollar2-8k', 'time_published': '20250703T173302', 'authors': ['Rakesh Upadhyay'], 'summary': 'Growth in companies adding to their ETH treasuries and the acceleration of Ethereum adoption in TradFi could send Ether price to $2,800.', 'banner_image': 'https://s3.cointelegraph.com/uploads/2025-07/0197d0f7-4bfc-7eb3-bf55-3517c12b08ce', 'source': 'Cointelegraph', 'category_within_source': 'n/a', 'source_domain': 'cointelegraph.com', 'topics': [{'topic': 'Finance', 'relevance_score': '0.5'}, {'topic': 'Manufacturing', 'relevance_score': '0.5'}], 'overall_sentiment_score': -0.045994, 'overall_sentiment_label': 'Neutral', 'ticker_sentiment': [{'ticker': 'BMNR', 'relevance_score': '0.136113', 'ticker_sentiment_score': '0.122607', 'ticker_sentiment_label': 'Neutral'}, {'ticker': 'SBET', 'relevance_score': '0.136113', 'ticker_sentiment_score': '0.122607', 'ticker_sentiment_label': 'Neutral'}, {'ticker': 'BTBT', 'relevance_score': '0.136113', 'ticker_sentiment_score': '0.122607', 'ticker_sentiment_label': 'Neutral'}, {'ticker': 'CRYPTO:ETH', 'relevance_score': '0.913524', 'ticker_sentiment_score': '0.076307', 'ticker_sentiment_label': 'Neutral'}]}, {'title': "SharpLink Gaming  ( SBET )  Stock Is Trending Today: What's Going On? - SharpLink Gaming  ( NASDAQ:SBET ) ", 'url': 'https://www.benzinga.com/trading-ideas/movers/25/07/46250801/sharplink-gaming-sbet-stock-is-trending-today-whats-going-on', 'time_published': '20250703T165044', 'authors': ['Adam Eckert'], 'summary': 'Companies adopting Ethereum treasury strategies are in the spotlight this week. SharpLink announces that it strategically increased its total ETH holdings to 198,167. Get ahead of Wall Street reactions-Benzinga Pro delivers signals, squawk, and news fast. Now 60% off this 4th of July.', 'banner_image': 'https://cdn.benzinga.com/files/images/story/2025/07/03/Golden-Ethereum-Is-An-Asset-Of-Choice-Fo.jpeg?width=1200&height=800&fit=crop', 'source': 'Benzinga', 'category_within_source': 'News', 'source_domain': 'www.benzinga.com', 'topics': [{'topic': 'Blockchain', 'relevance_score': '0.682689'}, {'topic': 'Financial Markets', 'relevance_score': '0.316726'}, {'topic': 'Manufacturing', 'relevance_score': '1.0'}], 'overall_sentiment_score': 0.313571, 'overall_sentiment_label': 'Somewhat-Bullish', 'ticker_sentiment': [{'ticker': 'BMNR', 'relevance_score': '0.171485', 'ticker_sentiment_score': '0.281605', 'ticker_sentiment_label': 'Somewhat-Bullish'}, {'ticker': 'SBET', 'relevance_score': '0.33514', 'ticker_sentiment_score': '0.279235', 'ticker_sentiment_label': 'Somewhat-Bullish'}, {'ticker': 'CRYPTO:ETH', 'relevance_score': '0.969694', 'ticker_sentiment_score': '0.535489', 'ticker_sentiment_label': 'Bullish'}]}, {'title': 'Olo, Tripadvisor, Aebi Schmidt Holding And Other Big Stocks Moving Higher On Thursday - BitMine Immersion Techs  ( AMEX:BMNR ) , Aebi Schmidt Holding  ( NASDAQ:AEBI ) ', 'url': 'https://www.benzinga.com/trading-ideas/movers/25/07/46247476/olo-tripadvisor-aebi-schmidt-holding-and-other-big-stocks-moving-higher-on-thursday', 'time_published': '20250703T143938', 'authors': ['Avi Kapoor'], 'summary': "U.S. stocks were higher, with the Dow Jones index gaining over 200 points on Thursday. Shares of Olo Inc. OLO rose sharply during Thursday's session after the company announced that it entered into a definitive agreement to be acquired by Thoma Bravo. Olo shares jumped 13.5% to $10.11 on Thursday.", 'banner_image': 'https://cdn.benzinga.com/files/images/story/2025/07/03/Display-Of-Stock-Market-Quotes.jpeg?width=1200&height=800&fit=crop', 'source': 'Benzinga', 'category_within_source': 'Trading', 'source_domain': 'www.benzinga.com', 'topics': [{'topic': 'Life Sciences', 'relevance_score': '0.25'}, {'topic': 'Technology', 'relevance_score': '0.25'}, {'topic': 'Financial Markets', 'relevance_score': '0.108179'}, {'topic': 'Manufacturing', 'relevance_score': '0.25'}, {'topic': 'Earnings', 'relevance_score': '0.158519'}, {'topic': 'Mergers & Acquisitions', 'relevance_score': '0.108179'}, {'topic': 'Real Estate & Construction', 'relevance_score': '0.25'}], 'overall_sentiment_score': 0.311279, 'overall_sentiment_label': 'Somewhat-Bullish', 'ticker_sentiment': [{'ticker': 'TRIP', 'relevance_score': '0.301315', 'ticker_sentiment_score': '0.263117', 'ticker_sentiment_label': 'Somewhat-Bullish'}, {'ticker': 'SHYF', 'relevance_score': '0.15347', 'ticker_sentiment_score': '0.1623', 'ticker_sentiment_label': 'Somewhat-Bullish'}, {'ticker': 'SY', 'relevance_score': '0.43852', 'ticker_sentiment_score': '0.424518', 'ticker_sentiment_label': 'Bullish'}, {'ticker': 'DDOG', 'relevance_score': '0.301315', 'ticker_sentiment_score': '0.449696', 'ticker_sentiment_label': 'Bullish'}, {'ticker': 'DFDV', 'relevance_score': '0.43852', 'ticker_sentiment_score': '0.0', 'ticker_sentiment_label': 'Neutral'}, {'ticker': 'TMC', 'relevance_score': '0.301315', 'ticker_sentiment_score': '0.0', 'ticker_sentiment_label': 'Neutral'}, {'ticker': 'RGC', 'relevance_score': '0.301315', 'ticker_sentiment_score': '0.072101', 'ticker_sentiment_label': 'Neutral'}, {'ticker': 'BMNR', 'relevance_score': '0.301315', 'ticker_sentiment_score': '0.645521', 'ticker_sentiment_label': 'Bullish'}, {'ticker': 'LCID', 'relevance_score': '0.301315', 'ticker_sentiment_score': '0.0', 'ticker_sentiment_label': 'Neutral'}, {'ticker': 'FSLR', 'relevance_score': '0.301315', 'ticker_sentiment_score': '0.645521', 'ticker_sentiment_label': 'Bullish'}, {'ticker': 'OLO', 'relevance_score': '0.43852', 'ticker_sentiment_score': '0.504075', 'ticker_sentiment_label': 'Bullish'}, {'ticker': 'CIGL', 'relevance_score': '0.301315', 'ticker_sentiment_score': '0.645521', 'ticker_sentiment_label': 'Bullish'}, {'ticker': 'GDS', 'relevance_score': '0.301315', 'ticker_sentiment_score': '-0.487052', 'ticker_sentiment_label': 'Bearish'}]}, {'title': "Franklin Covey, Borr Drilling And Other Big Stocks Moving Lower In Thursday's Pre-Market Session - BitMine Immersion Techs  ( AMEX:BMNR ) , Borr Drilling  ( NYSE:BORR ) ", 'url': 'https://www.benzinga.com/trading-ideas/movers/25/07/46242880/franklin-covey-borr-drilling-and-other-big-stocks-moving-lower-in-thursdays-pre-market-sessi', 'time_published': '20250703T121555', 'authors': ['Avi Kapoor'], 'summary': "U.S. stock futures were slightly higher this morning, with the Dow futures gaining around 0.1% on Thursday. Shares of Franklin Covey Co. FC fell sharply in today's pre-market trading after the reported downbeat results for the third quarter and lowered its FY2025 sales guidance after the closing ...", 'banner_image': 'https://cdn.benzinga.com/files/images/story/2025/07/03/Munich--Bavaria--Germany---March-31-2023_5.jpeg?width=1200&height=800&fit=crop', 'source': 'Benzinga', 'category_within_source': 'Trading', 'source_domain': 'www.benzinga.com', 'topics': [{'topic': 'Financial Markets', 'relevance_score': '0.5855'}, {'topic': 'Earnings', 'relevance_score': '0.310843'}, {'topic': 'Energy & Transportation', 'relevance_score': '0.5'}, {'topic': 'Finance', 'relevance_score': '0.5'}], 'overall_sentiment_score': -0.100315, 'overall_sentiment_label': 'Neutral', 'ticker_sentiment': [{'ticker': 'BMNR', 'relevance_score': '0.310843', 'ticker_sentiment_score': '-0.028989', 'ticker_sentiment_label': 'Neutral'}, {'ticker': 'BORR', 'relevance_score': '0.310843', 'ticker_sentiment_score': '-0.074222', 'ticker_sentiment_label': 'Neutral'}, {'ticker': 'LAR', 'relevance_score': '0.310843', 'ticker_sentiment_score': '-0.028989', 'ticker_sentiment_label': 'Neutral'}, {'ticker': 'NOAH', 'relevance_score': '0.310843', 'ticker_sentiment_score': '0.05519', 'ticker_sentiment_label': 'Neutral'}, {'ticker': 'FC', 'relevance_score': '0.451494', 'ticker_sentiment_score': '-0.186989', 'ticker_sentiment_label': 'Somewhat-Bearish'}]}, {'title': "Anthony Scaramucci Predicts Bitcoin Treasury Frenzy 'Will Fade'", 'url': 'https://www.benzinga.com/crypto/cryptocurrency/25/07/46242838/anthony-scaramucci-predicts-bitcoin-treasury-frenzy-will-fade', 'time_published': '20250703T121051', 'authors': ['Murtuza J Merchant'], 'summary': 'Wall Street continues to introduce competing crypto ETFs, but Strategy remains a top performer this year. Critics like Jim Chanos argue the crypto treasury model is flawed and investors are better off buying Bitcoin directly. Geopolitical tensions, Fed uncertainty, and fast-moving headlines are ...', 'banner_image': 'https://cdn.benzinga.com/files/images/story/2025/07/03/Washington--Dc---usa---April-26--2018-An.jpeg?width=1200&height=800&fit=crop', 'source': 'Benzinga', 'category_within_source': 'News', 'source_domain': 'www.benzinga.com', 'topics': [{'topic': 'Financial Markets', 'relevance_score': '0.94762'}, {'topic': 'Manufacturing', 'relevance_score': '0.5'}, {'topic': 'Technology', 'relevance_score': '0.5'}, {'topic': 'Blockchain', 'relevance_score': '0.158519'}], 'overall_sentiment_score': 0.176001, 'overall_sentiment_label': 'Somewhat-Bullish', 'ticker_sentiment': [{'ticker': 'BMNR', 'relevance_score': '0.128135', 'ticker_sentiment_score': '0.088494', 'ticker_sentiment_label': 'Neutral'}, {'ticker': 'MSTR', 'relevance_score': '0.128135', 'ticker_sentiment_score': '0.1266', 'ticker_sentiment_label': 'Neutral'}, {'ticker': 'SBET', 'relevance_score': '0.128135', 'ticker_sentiment_score': '0.164791', 'ticker_sentiment_label': 'Somewhat-Bullish'}, {'ticker': 'CRYPTO:BTC', 'relevance_score': '0.666827', 'ticker_sentiment_score': '0.27618', 'ticker_sentiment_label': 'Somewhat-Bullish'}, {'ticker': 'CRYPTO:ETH', 'relevance_score': '0.252987', 'ticker_sentiment_score': '0.218772', 'ticker_sentiment_label': 'Somewhat-Bullish'}]}, {'title': 'Design app Figma discloses $70M Bitcoin ETF holdings in IPO filing', 'url': 'https://cointelegraph.com/news/design-firm-figma-discloses-70m-bitcoin-etf-holdings-in-ipo-filing', 'time_published': '20250702T063010', 'authors': ['Tarang Khaitan'], 'summary': 'Figma has filed to go public in the US, disclosing it holds $69.5 million worth of Bitcoin ETFs and has $30 million in USDC ready to purchase Bitcoin.', 'banner_image': 'https://s3.cointelegraph.com/uploads/2025-07/0197c9bc-9f5a-7f63-acdd-07413666c945', 'source': 'Cointelegraph', 'category_within_source': 'n/a', 'source_domain': 'cointelegraph.com', 'topics': [{'topic': 'IPO', 'relevance_score': '0.158519'}, {'topic': 'Financial Markets', 'relevance_score': '0.875462'}, {'topic': 'Real Estate & Construction', 'relevance_score': '0.5'}, {'topic': 'Technology', 'relevance_score': '0.5'}, {'topic': 'Blockchain', 'relevance_score': '0.769861'}], 'overall_sentiment_score': 0.15126, 'overall_sentiment_label': 'Somewhat-Bullish', 'ticker_sentiment': [{'ticker': 'BMNR', 'relevance_score': '0.099066', 'ticker_sentiment_score': '0.101753', 'ticker_sentiment_label': 'Neutral'}, {'ticker': 'MSTR', 'relevance_score': '0.099066', 'ticker_sentiment_score': '0.205499', 'ticker_sentiment_label': 'Somewhat-Bullish'}, {'ticker': 'CLSK', 'relevance_score': '0.099066', 'ticker_sentiment_score': '0.080467', 'ticker_sentiment_label': 'Neutral'}, {'ticker': 'CRYPTO:BTC', 'relevance_score': '0.938129', 'ticker_sentiment_score': '0.382996', 'ticker_sentiment_label': 'Bullish'}, {'ticker': 'CRYPTO:ETH', 'relevance_score': '0.19661', 'ticker_sentiment_score': '0.087424', 'ticker_sentiment_label': 'Neutral'}]}, {'title': 'BitMine  ( BMNR )  Stock Soars As It Pivots To Ethereum Treasury, Appoints Tom Lee Chairman - BitMine Immersion Techs  ( AMEX:BMNR ) ', 'url': 'https://www.benzinga.com/trading-ideas/movers/25/07/46202593/bitmine-bmnr-stock-soars-as-it-pivots-to-ethereum-treasury-appoints-tom-lee-chairman', 'time_published': '20250701T165909', 'authors': ['Henry Khederian'], 'summary': 'BitMine Immersion Technologies shares are continuing its upward momentum Tuesday. Market-moving news hits Benzinga Pro first-get a 30-minute edge and save 60% this 4th of July. BitMine Immersion Technologies Inc BMNR stock is continuing its upward momentum Tuesday, with shares climbing again ...', 'banner_image': 'https://cdn.benzinga.com/files/images/story/2025/07/01/Golden-Ray-Of-Light-Illuminate-A-Bitcoin_2.jpeg?width=1200&height=800&fit=crop', 'source': 'Benzinga', 'category_within_source': 'News', 'source_domain': 'www.benzinga.com', 'topics': [{'topic': 'Blockchain', 'relevance_score': '0.451494'}, {'topic': 'Financial Markets', 'relevance_score': '0.98396'}], 'overall_sentiment_score': 0.386297, 'overall_sentiment_label': 'Bullish', 'ticker_sentiment': [{'ticker': 'BMNR', 'relevance_score': '0.437512', 'ticker_sentiment_score': '0.168457', 'ticker_sentiment_label': 'Somewhat-Bullish'}, {'ticker': 'CRYPTO:BTC', 'relevance_score': '0.183198', 'ticker_sentiment_score': '0.124841', 'ticker_sentiment_label': 'Neutral'}, {'ticker': 'CRYPTO:ETH', 'relevance_score': '0.512933', 'ticker_sentiment_score': '0.63054', 'ticker_sentiment_label': 'Bullish'}]}, {'title': 'Why Shares of Bitmine Immersion Technologies Are Skyrocketing Today', 'url': 'https://www.fool.com/investing/2025/07/01/why-shares-of-bitmine-immersion-technologies-are-s/', 'time_published': '20250701T145504', 'authors': ['Bram Berkowitz'], 'summary': 'Shares of the Bitcoin mining company Bitmine Immersion Technologies ( NYSEMKT: BMNR ) had blasted nearly 50% higher as of 10:41 a.m. ET today. The stock continued its impressive run this week after the company announced yesterday that it would pursue an Ethereum treasury strategy.Bitmine ...', 'banner_image': 'https://g.foolcdn.com/image/?url=https%3A%2F%2Fg.foolcdn.com%2Feditorial%2Fimages%2F823538%2Fpositive-people-2.jpg&op=resize&w=700', 'source': 'Motley Fool', 'category_within_source': 'n/a', 'source_domain': 'www.fool.com', 'topics': [{'topic': 'Technology', 'relevance_score': '1.0'}, {'topic': 'Blockchain', 'relevance_score': '0.576289'}, {'topic': 'Financial Markets', 'relevance_score': '0.684621'}], 'overall_sentiment_score': 0.237202, 'overall_sentiment_label': 'Somewhat-Bullish', 'ticker_sentiment': [{'ticker': 'BMNR', 'relevance_score': '0.269776', 'ticker_sentiment_score': '0.198041', 'ticker_sentiment_label': 'Somewhat-Bullish'}, {'ticker': 'MSTR', 'relevance_score': '0.136888', 'ticker_sentiment_score': '0.032372', 'ticker_sentiment_label': 'Neutral'}, {'ticker': 'CRYPTO:BTC', 'relevance_score': '0.509589', 'ticker_sentiment_score': '0.387233', 'ticker_sentiment_label': 'Bullish'}, {'ticker': 'CRYPTO:ETH', 'relevance_score': '0.699089', 'ticker_sentiment_score': '0.274221', 'ticker_sentiment_label': 'Somewhat-Bullish'}]}, {'title': 'Ethereum The Next Big Thing In Banking? Tom Lee Thinks So And Wants This Small-Cap Company He Chairs To Front-Run The Likes Of Goldman Sachs, JPMorgan - BitMine Immersion Techs  ( AMEX:BMNR ) ', 'url': 'https://www.benzinga.com/crypto/25/07/46187962/ethereum-the-next-big-thing-in-banking-tom-lee-thinks-so-and-wants-this-small-cap-company-he-chairs-to-fro', 'time_published': '20250701T071010', 'authors': ['Aniket Verma'], 'summary': "Financial analyst and strategist Tom Lee stated Monday that Ethereum ETH/USD will play a crucial role in the banking sector's future, highlighting the rationale for buying and holding the second-largest cryptocurrency in reserves.", 'banner_image': 'https://cdn.benzinga.com/files/images/story/2025/07/01/Closeup-Of-Golden-Ethereum-Cryptocurrenc.jpeg?width=1200&height=800&fit=crop', 'source': 'Benzinga', 'category_within_source': 'Markets', 'source_domain': 'www.benzinga.com', 'topics': [{'topic': 'Finance', 'relevance_score': '1.0'}, {'topic': 'Blockchain', 'relevance_score': '0.890401'}, {'topic': 'Financial Markets', 'relevance_score': '0.266143'}], 'overall_sentiment_score': 0.287132, 'overall_sentiment_label': 'Somewhat-Bullish', 'ticker_sentiment': [{'ticker': 'BMNR', 'relevance_score': '0.204936', 'ticker_sentiment_score': '0.1653', 'ticker_sentiment_label': 'Somewhat-Bullish'}, {'ticker': 'GS', 'relevance_score': '0.204936', 'ticker_sentiment_score': '0.155871', 'ticker_sentiment_label': 'Somewhat-Bullish'}, {'ticker': 'PLSQF', 'relevance_score': '0.103331', 'ticker_sentiment_score': '0.278656', 'ticker_sentiment_label': 'Somewhat-Bullish'}, {'ticker': 'CRYPTO:BTC', 'relevance_score': '0.103331', 'ticker_sentiment_score': '0.112694', 'ticker_sentiment_label': 'Neutral'}, {'ticker': 'CRYPTO:ETH', 'relevance_score': '0.880871', 'ticker_sentiment_score': '0.337691', 'ticker_sentiment_label': 'Somewhat-Bullish'}]}, {'title': "Inside Tom Lee's Plan To Build 'MicroStrategy Of Ethereum' At BitMine", 'url': 'https://www.benzinga.com/crypto/cryptocurrency/25/06/46177905/inside-tom-lees-plan-to-build-microstrategy-of-ethereum-at-bitmine', 'time_published': '20250630T182735', 'authors': ['Khyathi Dalal'], 'summary': "Tom Lee, newly appointed chairman of BitMine Immersion Technologies, is steering the company toward Ethereum accumulation. BitMine will begin tracking ETH-per-share as a key metric, mirroring MicroStrategy's BTC-per-share strategy.", 'banner_image': 'https://cdn.benzinga.com/files/images/story/2025/06/30/Ethereum.jpeg?width=1200&height=800&fit=crop', 'source': 'Benzinga', 'category_within_source': 'News', 'source_domain': 'www.benzinga.com', 'topics': [{'topic': 'Financial Markets', 'relevance_score': '0.161647'}, {'topic': 'Manufacturing', 'relevance_score': '0.5'}, {'topic': 'Technology', 'relevance_score': '0.5'}, {'topic': 'Blockchain', 'relevance_score': '0.451494'}], 'overall_sentiment_score': 0.369631, 'overall_sentiment_label': 'Bullish', 'ticker_sentiment': [{'ticker': 'BMNR', 'relevance_score': '0.272788', 'ticker_sentiment_score': '0.0', 'ticker_sentiment_label': 'Neutral'}, {'ticker': 'MSTR', 'relevance_score': '0.183895', 'ticker_sentiment_score': '0.097218', 'ticker_sentiment_label': 'Neutral'}, {'ticker': 'SBET', 'relevance_score': '0.092569', 'ticker_sentiment_score': '0.248512', 'ticker_sentiment_label': 'Somewhat-Bullish'}, {'ticker': 'DFDV', 'relevance_score': '0.092569', 'ticker_sentiment_score': '0.248512', 'ticker_sentiment_label': 'Somewhat-Bullish'}, {'ticker': 'PLSQF', 'relevance_score': '0.092569', 'ticker_sentiment_score': '0.270712', 'ticker_sentiment_label': 'Somewhat-Bullish'}, {'ticker': 'CRYPTO:BTC', 'relevance_score': '0.514619', 'ticker_sentiment_score': '0.409284', 'ticker_sentiment_label': 'Bullish'}, {'ticker': 'CRYPTO:ETH', 'relevance_score': '0.896455', 'ticker_sentiment_score': '0.513866', 'ticker_sentiment_label': 'Bullish'}]}, {'title': 'Crude Oil Moves Lower; Joby Aviation Shares Surge - BitMine Immersion Techs  ( AMEX:BMNR ) , Artelo Biosciences  ( NASDAQ:ARTL ) ', 'url': 'https://www.benzinga.com/markets/market-summary/25/06/46176234/crude-oil-moves-lower-joby-aviation-shares-surge', 'time_published': '20250630T173157', 'authors': ['Avi Kapoor'], 'summary': 'U.S. stocks traded higher midway through trading, with the Nasdaq Composite gaining over 0.3% on Monday. The Dow traded up 0.45% to 44,014.63 while the NASDAQ gained 0.32% to 20,338.93. The S&P 500 also rose, gaining, 0.33% to 6,193.57. Financials shares jumped by 0.8% on Monday.', 'banner_image': 'https://cdn.benzinga.com/files/images/story/2025/06/30/Oil-Drilling-Derricks-At-Desert-Oilfield.jpeg?width=1200&height=800&fit=crop', 'source': 'Benzinga', 'category_within_source': 'Trading', 'source_domain': 'www.benzinga.com', 'topics': [{'topic': 'Life Sciences', 'relevance_score': '0.25'}, {'topic': 'Retail & Wholesale', 'relevance_score': '0.25'}, {'topic': 'Financial Markets', 'relevance_score': '0.87644'}, {'topic': 'Real Estate & Construction', 'relevance_score': '0.25'}, {'topic': 'Technology', 'relevance_score': '0.25'}], 'overall_sentiment_score': 0.177048, 'overall_sentiment_label': 'Somewhat-Bullish', 'ticker_sentiment': [{'ticker': 'BMNR', 'relevance_score': '0.170878', 'ticker_sentiment_score': '0.220789', 'ticker_sentiment_label': 'Somewhat-Bullish'}, {'ticker': 'CHE', 'relevance_score': '0.170878', 'ticker_sentiment_score': '-0.215143', 'ticker_sentiment_label': 'Somewhat-Bearish'}, {'ticker': 'JNPR', 'relevance_score': '0.170878', 'ticker_sentiment_score': '0.451142', 'ticker_sentiment_label': 'Bullish'}, {'ticker': 'ARTL', 'relevance_score': '0.170878', 'ticker_sentiment_score': '0.271433', 'ticker_sentiment_label': 'Somewhat-Bullish'}, {'ticker': 'HPQ', 'relevance_score': '0.085936', 'ticker_sentiment_score': '0.344849', 'ticker_sentiment_label': 'Somewhat-Bullish'}, {'ticker': 'INMB', 'relevance_score': '0.170878', 'ticker_sentiment_score': '0.115818', 'ticker_sentiment_label': 'Neutral'}, {'ticker': 'FTV', 'relevance_score': '0.170878', 'ticker_sentiment_score': '0.100596', 'ticker_sentiment_label': 'Neutral'}, {'ticker': 'HPE', 'relevance_score': '0.170878', 'ticker_sentiment_score': '0.451142', 'ticker_sentiment_label': 'Bullish'}, {'ticker': 'JOBY', 'relevance_score': '0.170878', 'ticker_sentiment_score': '0.264618', 'ticker_sentiment_label': 'Somewhat-Bullish'}, {'ticker': 'CRYPTO:ETH', 'relevance_score': '0.085936', 'ticker_sentiment_score': '0.164819', 'ticker_sentiment_label': 'Somewhat-Bullish'}]}, {'title': 'BitMine Stock Spikes 400% as Bitcoin Miner Raises $250 Million for Ethereum Treasury', 'url': 'https://decrypt.co/327811/bitmine-stock-spikes-400-bitcoin-miner-250-million-ethereum', 'time_published': '20250630T164151', 'authors': ['Logan Hitchcock'], 'summary': 'Publicly traded Bitcoin mining firm BitMine is creating an Ethereum treasury after raising $250 million and adding Tom Lee to its board.', 'banner_image': 'https://cdn.decrypt.co/resize/1024/height/512/wp-content/uploads/2025/05/ethereum-decrypt-style-05-gID_7.png', 'source': 'Decrypt.co', 'category_within_source': 'n/a', 'source_domain': 'decrypt.co', 'topics': [{'topic': 'Blockchain', 'relevance_score': '0.451494'}, {'topic': 'Manufacturing', 'relevance_score': '1.0'}], 'overall_sentiment_score': 0.312729, 'overall_sentiment_label': 'Somewhat-Bullish', 'ticker_sentiment': [{'ticker': 'BMNR', 'relevance_score': '0.249106', 'ticker_sentiment_score': '0.336147', 'ticker_sentiment_label': 'Somewhat-Bullish'}, {'ticker': 'SBET', 'relevance_score': '0.126119', 'ticker_sentiment_score': '0.204559', 'ticker_sentiment_label': 'Somewhat-Bullish'}, {'ticker': 'CRYPTO:BTC', 'relevance_score': '0.249106', 'ticker_sentiment_score': '0.286707', 'ticker_sentiment_label': 'Somewhat-Bullish'}, {'ticker': 'CRYPTO:ETH', 'relevance_score': '0.846873', 'ticker_sentiment_score': '0.582259', 'ticker_sentiment_label': 'Bullish'}]}, {'title': 'Dow Gains Over 100 Points; Chicago PMI Weakens In June - BitMine Immersion Techs  ( AMEX:BMNR ) , Artelo Biosciences  ( NASDAQ:ARTL ) ', 'url': 'https://www.benzinga.com/markets/market-summary/25/06/46170194/dow-gains-over-100-points-chicago-pmi-weakens-in-june', 'time_published': '20250630T143045', 'authors': ['Avi Kapoor'], 'summary': 'U.S. stocks traded higher this morning, with the Dow Jones index gaining over 100 points on Monday. Following the market opening Monday, the Dow traded up 0.32% to 43,958.43 while the NASDAQ gained 0.23% to 20,319.78. The S&P 500 also rose, gaining, 0.20% to 6,185.68.', 'banner_image': 'https://cdn.benzinga.com/files/images/story/2025/06/30/Portland--Or--Usa---Mar-12--2020-Dow-Jon.jpeg?width=1200&height=800&fit=crop', 'source': 'Benzinga', 'category_within_source': 'Trading', 'source_domain': 'www.benzinga.com', 'topics': [{'topic': 'Life Sciences', 'relevance_score': '0.333333'}, {'topic': 'Financial Markets', 'relevance_score': '0.161647'}, {'topic': 'Manufacturing', 'relevance_score': '0.333333'}, {'topic': 'Technology', 'relevance_score': '0.333333'}], 'overall_sentiment_score': 0.170317, 'overall_sentiment_label': 'Somewhat-Bullish', 'ticker_sentiment': [{'ticker': 'BMNR', 'relevance_score': '0.22595', 'ticker_sentiment_score': '0.270126', 'ticker_sentiment_label': 'Somewhat-Bullish'}, {'ticker': 'INMB', 'relevance_score': '0.22595', 'ticker_sentiment_score': '0.142753', 'ticker_sentiment_label': 'Neutral'}, {'ticker': 'IPDN', 'relevance_score': '0.22595', 'ticker_sentiment_score': '0.614349', 'ticker_sentiment_label': 'Bullish'}, {'ticker': 'JVSAR', 'relevance_score': '0.114137', 'ticker_sentiment_score': '0.27803', 'ticker_sentiment_label': 'Somewhat-Bullish'}, {'ticker': 'DOGZ', 'relevance_score': '0.22595', 'ticker_sentiment_score': '-0.233664', 'ticker_sentiment_label': 'Somewhat-Bearish'}, {'ticker': 'ARTL', 'relevance_score': '0.22595', 'ticker_sentiment_score': '0.330355', 'ticker_sentiment_label': 'Somewhat-Bullish'}, {'ticker': 'CRYPTO:ETH', 'relevance_score': '0.114137', 'ticker_sentiment_score': '0.178152', 'ticker_sentiment_label': 'Somewhat-Bullish'}]}, {'title': 'BitMine raises $250M to launch Ethereum corporate treasury', 'url': 'https://cointelegraph.com/news/bitmine-receives-250m-investment-to-fund-its-ethereum-treasury', 'time_published': '20250630T140322', 'authors': ['Adrian Zmudzinski'], 'summary': 'BitMine Immersion Technologies raised $250 million through a private placement to establish an Ethereum treasury, signaling a shift away from its previous Bitcoin-centric approach.', 'banner_image': 'https://s3.cointelegraph.com/uploads/2025-06/0197c10d-2a4e-7af6-a613-90f4c1ab155f', 'source': 'Cointelegraph', 'category_within_source': 'n/a', 'source_domain': 'cointelegraph.com', 'topics': [{'topic': 'Financial Markets', 'relevance_score': '0.538269'}, {'topic': 'Manufacturing', 'relevance_score': '0.5'}, {'topic': 'Finance', 'relevance_score': '0.5'}, {'topic': 'Blockchain', 'relevance_score': '0.451494'}], 'overall_sentiment_score': 0.18879, 'overall_sentiment_label': 'Somewhat-Bullish', 'ticker_sentiment': [{'ticker': 'BMNR', 'relevance_score': '0.09989', 'ticker_sentiment_score': '0.274867', 'ticker_sentiment_label': 'Somewhat-Bullish'}, {'ticker': 'SBET', 'relevance_score': '0.09989', 'ticker_sentiment_score': '0.045542', 'ticker_sentiment_label': 'Neutral'}, {'ticker': 'BTBT', 'relevance_score': '0.09989', 'ticker_sentiment_score': '-0.031921', 'ticker_sentiment_label': 'Neutral'}, {'ticker': 'CRYPTO:BTC', 'relevance_score': '0.7414', 'ticker_sentiment_score': '0.27068', 'ticker_sentiment_label': 'Somewhat-Bullish'}, {'ticker': 'CRYPTO:ETH', 'relevance_score': '0.940279', 'ticker_sentiment_score': '0.382159', 'ticker_sentiment_label': 'Bullish'}]}, {'title': "BitMine Immersion Technologies Stock Is Soaring Monday: What's Going On? - BitMine Immersion Techs  ( AMEX:BMNR ) ", 'url': 'https://www.benzinga.com/trading-ideas/movers/25/06/46167825/bitmine-immersion-technologies-stock-is-soaring-monday-whats-going-on', 'time_published': '20250630T133355', 'authors': ['Adam Eckert'], 'summary': "BitMine announces a private placement in order to adopt an Ethereum treasury strategy. The micro-cap company appoints Fundstrat's Tom Lee as chairman of the board. Get ahead of Wall Street reactions-Benzinga Pro delivers signals, squawk, and news fast. Now 60% off this 4th of July.", 'banner_image': 'https://cdn.benzinga.com/files/images/story/2025/06/30/Golden-Ethereum-Is-An-Asset-Of-Choice-Fo.jpeg?width=1200&height=800&fit=crop', 'source': 'Benzinga', 'category_within_source': 'News', 'source_domain': 'www.benzinga.com', 'topics': [{'topic': 'Blockchain', 'relevance_score': '0.682689'}, {'topic': 'Financial Markets', 'relevance_score': '0.684621'}], 'overall_sentiment_score': 0.282138, 'overall_sentiment_label': 'Somewhat-Bullish', 'ticker_sentiment': [{'ticker': 'BMNR', 'relevance_score': '0.339356', 'ticker_sentiment_score': '0.331442', 'ticker_sentiment_label': 'Somewhat-Bullish'}, {'ticker': 'CRYPTO:ETH', 'relevance_score': '0.812186', 'ticker_sentiment_score': '0.43998', 'ticker_sentiment_label': 'Bullish'}]}, {'title': 'Wall Street strategist Tom Lee is aiming to create the MicroStrategy of Ethereum', 'url': 'https://www.cnbc.com/2025/06/30/wall-street-strategist-tom-lee-is-aiming-to-create-the-microstrategy-of-ethereum.html', 'time_published': '20250630T122307', 'authors': [], 'summary': 'Tom Lee of Fundstrat was appointed Chairman of the Board of Directors of BitMine Immersion Technologies, effective Monday.', 'banner_image': None, 'source': 'CNBC', 'category_within_source': 'Investing', 'source_domain': 'www.cnbc.com', 'topics': [{'topic': 'IPO', 'relevance_score': '0.158519'}, {'topic': 'Financial Markets', 'relevance_score': '0.108179'}, {'topic': 'Manufacturing', 'relevance_score': '0.5'}, {'topic': 'Technology', 'relevance_score': '0.5'}, {'topic': 'Blockchain', 'relevance_score': '0.838487'}], 'overall_sentiment_score': 0.32779, 'overall_sentiment_label': 'Somewhat-Bullish', 'ticker_sentiment': [{'ticker': 'BMNR', 'relevance_score': '0.101582', 'ticker_sentiment_score': '0.135777', 'ticker_sentiment_label': 'Neutral'}, {'ticker': 'MSTR', 'relevance_score': '0.101582', 'ticker_sentiment_score': '-0.270765', 'ticker_sentiment_label': 'Somewhat-Bearish'}, {'ticker': 'SBET', 'relevance_score': '0.101582', 'ticker_sentiment_score': '0.121796', 'ticker_sentiment_label': 'Neutral'}, {'ticker': 'DFDV', 'relevance_score': '0.101582', 'ticker_sentiment_score': '0.121796', 'ticker_sentiment_label': 'Neutral'}, {'ticker': 'CRYPTO:BTC', 'relevance_score': '0.692877', 'ticker_sentiment_score': '0.43324', 'ticker_sentiment_label': 'Bullish'}, {'ticker': 'CRYPTO:ETH', 'relevance_score': '0.749418', 'ticker_sentiment_score': '0.515465', 'ticker_sentiment_label': 'Bullish'}]}, {'title': 'Why Venus Concept Shares Are Trading Higher By Over 32%; Here Are 20 Stocks Moving Premarket - Argo Blockchain  ( NASDAQ:ARBK ) , Autonomix Medical  ( NASDAQ:AMIX ) ', 'url': 'https://www.benzinga.com/trading-ideas/movers/25/06/46164755/why-venus-concept-shares-are-trading-higher-by-over-32-here-are-20-stocks-moving-premarket', 'time_published': '20250630T103953', 'authors': ['Avi Kapoor'], 'summary': "Shares of Venus Concept Inc. VERO rose sharply in today's pre-market trading after Madryn Asset Management increased its stake in the company to 85.5%. Venus Concept shares jumped 32.5% to $2.91 in the pre-market trading session. Here are some other stocks moving in pre-market trading.", 'banner_image': 'https://cdn.benzinga.com/files/images/story/2025/06/30/Section-Of-A-Financial-Newspaper-Titled-.jpeg?width=1200&height=800&fit=crop', 'source': 'Benzinga', 'category_within_source': 'Trading', 'source_domain': 'www.benzinga.com', 'topics': [{'topic': 'Life Sciences', 'relevance_score': '0.333333'}, {'topic': 'Financial Markets', 'relevance_score': '0.897321'}, {'topic': 'Energy & Transportation', 'relevance_score': '0.333333'}, {'topic': 'Technology', 'relevance_score': '0.333333'}, {'topic': 'Blockchain', 'relevance_score': '0.158519'}], 'overall_sentiment_score': 0.158483, 'overall_sentiment_label': 'Somewhat-Bullish', 'ticker_sentiment': [{'ticker': 'IROH', 'relevance_score': '0.163909', 'ticker_sentiment_score': '0.148702', 'ticker_sentiment_label': 'Neutral'}, {'ticker': 'TROX', 'relevance_score': '0.163909', 'ticker_sentiment_score': '-0.364137', 'ticker_sentiment_label': 'Bearish'}, {'ticker': 'RCT', 'relevance_score': '0.163909', 'ticker_sentiment_score': '-0.017846', 'ticker_sentiment_label': 'Neutral'}, {'ticker': 'JVSAR', 'relevance_score': '0.082393', 'ticker_sentiment_score': '0.143132', 'ticker_sentiment_label': 'Neutral'}, {'ticker': 'ARBK', 'relevance_score': '0.163909', 'ticker_sentiment_score': '0.0', 'ticker_sentiment_label': 'Neutral'}, {'ticker': 'BBLG', 'relevance_score': '0.243701', 'ticker_sentiment_score': '0.113719', 'ticker_sentiment_label': 'Neutral'}, {'ticker': 'JNPR', 'relevance_score': '0.243701', 'ticker_sentiment_score': '0.357638', 'ticker_sentiment_label': 'Bullish'}, {'ticker': 'VERO', 'relevance_score': '0.243701', 'ticker_sentiment_score': '0.292226', 'ticker_sentiment_label': 'Somewhat-Bullish'}, {'ticker': 'AMIX', 'relevance_score': '0.243701', 'ticker_sentiment_score': '0.065006', 'ticker_sentiment_label': 'Neutral'}, {'ticker': 'PMNT', 'relevance_score': '0.163909', 'ticker_sentiment_score': '0.0', 'ticker_sentiment_label': 'Neutral'}, {'ticker': 'FGI', 'relevance_score': '0.163909', 'ticker_sentiment_score': '-0.13821', 'ticker_sentiment_label': 'Neutral'}, {'ticker': 'WLDS', 'relevance_score': '0.163909', 'ticker_sentiment_score': '-0.147638', 'ticker_sentiment_label': 'Neutral'}, {'ticker': 'BMNR', 'relevance_score': '0.163909', 'ticker_sentiment_score': '0.116662', 'ticker_sentiment_label': 'Neutral'}, {'ticker': 'EPRX', 'relevance_score': '0.163909', 'ticker_sentiment_score': '0.22423', 'ticker_sentiment_label': 'Somewhat-Bullish'}, {'ticker': 'YGMZ', 'relevance_score': '0.163909', 'ticker_sentiment_score': '0.057635', 'ticker_sentiment_label': 'Neutral'}, {'ticker': 'IPDN', 'relevance_score': '0.163909', 'ticker_sentiment_score': '0.237607', 'ticker_sentiment_label': 'Somewhat-Bullish'}, {'ticker': 'INMB', 'relevance_score': '0.243701', 'ticker_sentiment_score': '-0.159496', 'ticker_sentiment_label': 'Somewhat-Bearish'}]}, {'title': 'Bitcoin and HYPE could get $844M total windfall from 4 public US firms', 'url': 'https://cointelegraph.com/news/bitcoin-hype-884-million-windfall-public-firms-allocation', 'time_published': '20250618T043040', 'authors': ['Brayden Lindrea'], 'summary': 'DDC Enterprise and Fold Holdings have confirmed raises worth a total of $778 million as a biotech firm said it would raise $50 million to add HYPE as a treasury asset.', 'banner_image': 'https://s3.cointelegraph.com/uploads/2025-06/01978135-e186-79bc-b12d-8635a8a7bb94', 'source': 'Cointelegraph', 'category_within_source': 'n/a', 'source_domain': 'cointelegraph.com', 'topics': [{'topic': 'Life Sciences', 'relevance_score': '1.0'}, {'topic': 'Blockchain', 'relevance_score': '0.310843'}, {'topic': 'Financial Markets', 'relevance_score': '0.977154'}], 'overall_sentiment_score': 0.204857, 'overall_sentiment_label': 'Somewhat-Bullish', 'ticker_sentiment': [{'ticker': 'BMNR', 'relevance_score': '0.063425', 'ticker_sentiment_score': '0.0', 'ticker_sentiment_label': 'Neutral'}, {'ticker': 'EYEN', 'relevance_score': '0.188683', 'ticker_sentiment_score': '0.026034', 'ticker_sentiment_label': 'Neutral'}, {'ticker': 'FLD', 'relevance_score': '0.063425', 'ticker_sentiment_score': '0.080036', 'ticker_sentiment_label': 'Neutral'}, {'ticker': 'CRYPTO:BTC', 'relevance_score': '0.86945', 'ticker_sentiment_score': '0.387093', 'ticker_sentiment_label': 'Bullish'}]}, {'title': 'BitMine Immersion Technologies, Inc. Completes Bitcoin Purchases from Proceeds of Offering, Now Owns 154.167 Total BTC - BitMine Immersion Techs  ( AMEX:BMNR ) ', 'url': 'https://www.benzinga.com/pressreleases/25/06/g45984465/bitmine-immersion-technologies-inc-completes-bitcoin-purchases-from-proceeds-of-offering-now-owns-', 'time_published': '20250617T201500', 'authors': ['Globe Newswire'], 'summary': 'LAS VEGAS, June 17, 2025 ( GLOBE NEWSWIRE ) -- BitMine Immersion Technologies, Inc. ( "BitMine" and the "Company" ) BMNR, a technology company focused on the accumulation of Bitcoin for long-term investment, whether acquired by their Bitcoin mining operations or from the proceeds of capital ...', 'banner_image': 'https://www.benzinga.com/next-assets/images/schema-image-default.png', 'source': 'Benzinga', 'category_within_source': 'General', 'source_domain': 'www.benzinga.com', 'topics': [{'topic': 'Mergers & Acquisitions', 'relevance_score': '0.108179'}, {'topic': 'Financial Markets', 'relevance_score': '0.918141'}], 'overall_sentiment_score': 0.190335, 'overall_sentiment_label': 'Somewhat-Bullish', 'ticker_sentiment': [{'ticker': 'BMNR', 'relevance_score': '0.160633', 'ticker_sentiment_score': '0.077947', 'ticker_sentiment_label': 'Neutral'}, {'ticker': 'CRYPTO:BTC', 'relevance_score': '0.871557', 'ticker_sentiment_score': '0.280546', 'ticker_sentiment_label': 'Somewhat-Bullish'}]}, {'title': 'Bitcoin, US crypto stocks rise as more firms plan BTC buys', 'url': 'https://cointelegraph.com/news/crypto-stocks-bitcoin-gain-companies-buy-btc', 'time_published': '20250610T041325', 'authors': ['Jesse Coghlan'], 'summary': 'Crypto-tied US companies gained alongside Bitcoin on Monday, as public firms continued to scoop up the cryptocurrency.', 'banner_image': 'https://s3.cointelegraph.com/uploads/2025-06/019757d4-6e35-7609-898f-21c0230c8350', 'source': 'Cointelegraph', 'category_within_source': 'n/a', 'source_domain': 'cointelegraph.com', 'topics': [{'topic': 'IPO', 'relevance_score': '0.158519'}, {'topic': 'Financial Markets', 'relevance_score': '0.266143'}, {'topic': 'Real Estate & Construction', 'relevance_score': '0.333333'}, {'topic': 'Technology', 'relevance_score': '0.333333'}, {'topic': 'Finance', 'relevance_score': '0.333333'}, {'topic': 'Blockchain', 'relevance_score': '0.451494'}], 'overall_sentiment_score': 0.117901, 'overall_sentiment_label': 'Neutral', 'ticker_sentiment': [{'ticker': 'BMNR', 'relevance_score': '0.162255', 'ticker_sentiment_score': '0.131945', 'ticker_sentiment_label': 'Neutral'}, {'ticker': 'MSTR', 'relevance_score': '0.162255', 'ticker_sentiment_score': '0.053371', 'ticker_sentiment_label': 'Neutral'}, {'ticker': 'ETOR', 'relevance_score': '0.162255', 'ticker_sentiment_score': '0.046681', 'ticker_sentiment_label': 'Neutral'}, {'ticker': 'CRCL', 'relevance_score': '0.162255', 'ticker_sentiment_score': '0.005432', 'ticker_sentiment_label': 'Neutral'}, {'ticker': 'CORZQ', 'relevance_score': '0.081552', 'ticker_sentiment_score': '0.004101', 'ticker_sentiment_label': 'Neutral'}, {'ticker': 'HOOD', 'relevance_score': '0.162255', 'ticker_sentiment_score': '-0.114551', 'ticker_sentiment_label': 'Neutral'}, {'ticker': 'CLSK', 'relevance_score': '0.162255', 'ticker_sentiment_score': '0.005432', 'ticker_sentiment_label': 'Neutral'}, {'ticker': 'COIN', 'relevance_score': '0.241284', 'ticker_sentiment_score': '-0.124984', 'ticker_sentiment_label': 'Neutral'}, {'ticker': 'CRYPTO:BTC', 'relevance_score': '0.694113', 'ticker_sentiment_score': '0.33527', 'ticker_sentiment_label': 'Somewhat-Bullish'}]}, {'title': 'Green Stocks to Watch  ( NASDAQ: SLNH )   ( TSXV: RE )   ( CNSX: CDPR )   ( AIM: EDEN ) ', 'url': 'https://www.investorideas.com/news/2024/main/01291Stocks.asp', 'time_published': '20240129T142006', 'authors': [], 'summary': 'Green Stocks to Watch ( NASDAQ: SLNH ) ( TSXV: RE ) ( CNSX: CDPR ) ( AIM: EDEN ...', 'banner_image': None, 'source': 'Investor Ideas', 'category_within_source': 'n/a', 'source_domain': 'www.investorideas.com', 'topics': [{'topic': 'Life Sciences', 'relevance_score': '1.0'}, {'topic': 'Blockchain', 'relevance_score': '0.158519'}, {'topic': 'Financial Markets', 'relevance_score': '0.997405'}], 'overall_sentiment_score': 0.364481, 'overall_sentiment_label': 'Bullish', 'ticker_sentiment': [{'ticker': 'BMNR', 'relevance_score': '0.06697', 'ticker_sentiment_score': '0.171066', 'ticker_sentiment_label': 'Somewhat-Bullish'}, {'ticker': 'RR', 'relevance_score': '0.033515', 'ticker_sentiment_score': '0.364635', 'ticker_sentiment_label': 'Bullish'}, {'ticker': 'CRCW', 'relevance_score': '0.033515', 'ticker_sentiment_score': '0.0', 'ticker_sentiment_label': 'Neutral'}, {'ticker': 'GPPRF', 'relevance_score': '0.033515', 'ticker_sentiment_score': '0.087352', 'ticker_sentiment_label': 'Neutral'}, {'ticker': 'SLNH', 'relevance_score': '0.166398', 'ticker_sentiment_score': '0.158505', 'ticker_sentiment_label': 'Somewhat-Bullish'}, {'ticker': 'ATGL', 'relevance_score': '0.033515', 'ticker_sentiment_score': '0.118507', 'ticker_sentiment_label': 'Neutral'}, {'ticker': 'CRYPTO:BTC', 'relevance_score': '0.100308', 'ticker_sentiment_score': '0.141844', 'ticker_sentiment_label': 'Neutral'}]}, {'title': 'OTC Markets Group Welcomes BitMine Immersion Technologies Inc. to OTCQX', 'url': 'https://www.globenewswire.com/news-release/2023/09/28/2751054/0/en/OTC-Markets-Group-Welcomes-BitMine-Immersion-Technologies-Inc-to-OTCQX.html', 'time_published': '20230928T110000', 'authors': ['OTC Markets'], 'summary': 'NEW YORK, Sept. 28, 2023 ( GLOBE NEWSWIRE ) -- OTC Markets Group Inc. ( OTCQX: OTCM ) , operator of regulated markets for trading 12,000 U.S. and international securities, today announced BitMine Immersion Technologies Inc. ( OTCQX: BMNR ) , a blockchain technology company, has qualified to ...', 'banner_image': 'https://ml.globenewswire.com/Resource/Download/68f5262e-c7f5-43d0-a834-3bc4ed2503ec', 'source': 'GlobeNewswire', 'category_within_source': 'n/a', 'source_domain': 'www.globenewswire.com', 'topics': [{'topic': 'Blockchain', 'relevance_score': '0.310843'}, {'topic': 'Financial Markets', 'relevance_score': '0.999763'}], 'overall_sentiment_score': 0.34355, 'overall_sentiment_label': 'Somewhat-Bullish', 'ticker_sentiment': [{'ticker': 'BMNR', 'relevance_score': '0.393977', 'ticker_sentiment_score': '0.331464', 'ticker_sentiment_label': 'Somewhat-Bullish'}, {'ticker': 'CRYPTO:BTC', 'relevance_score': '0.136499', 'ticker_sentiment_score': '0.15635', 'ticker_sentiment_label': 'Somewhat-Bullish'}]}, {'title': 'OTC Markets Group Welcomes BitMine Immersion Technologies Inc. to OTCQX - BitMine Immersion  ( OTC:BMNR ) , OTC Markets Gr  ( OTC:OTCM ) ', 'url': 'https://www.benzinga.com/pressreleases/23/09/g34970057/otc-markets-group-welcomes-bitmine-immersion-technologies-inc-to-otcqx', 'time_published': '20230928T110000', 'authors': ['Globe Newswire'], 'summary': 'NEW YORK, Sept. 28, 2023 ( GLOBE NEWSWIRE ) -- OTC Markets Group Inc. OTCM, operator of regulated markets for trading 12,000 U.S. and international securities, today announced BitMine Immersion Technologies Inc. BMNR, a blockchain technology company, has qualified to trade on the OTCQX® Best ...', 'banner_image': 'https://www.benzinga.com/next-assets/images/schema-image-default.png', 'source': 'Benzinga', 'category_within_source': 'Markets', 'source_domain': 'www.benzinga.com', 'topics': [{'topic': 'Blockchain', 'relevance_score': '0.310843'}, {'topic': 'Financial Markets', 'relevance_score': '0.999975'}], 'overall_sentiment_score': 0.317785, 'overall_sentiment_label': 'Somewhat-Bullish', 'ticker_sentiment': [{'ticker': 'BMNR', 'relevance_score': '0.376194', 'ticker_sentiment_score': '0.314083', 'ticker_sentiment_label': 'Somewhat-Bullish'}, {'ticker': 'CRYPTO:BTC', 'relevance_score': '0.129866', 'ticker_sentiment_score': '0.145103', 'ticker_sentiment_label': 'Neutral'}]}, {'title': 'BitMine Immersion Technologies, Inc. to Present at the Sequire Investor Summit in Puerto Rico', 'url': 'https://www.globenewswire.com/news-release/2023/04/25/2654348/0/en/BitMine-Immersion-Technologies-Inc-to-Present-at-the-Sequire-Investor-Summit-in-Puerto-Rico.html', 'time_published': '20230425T173700', 'authors': ['Bitmine Immersion Technologies'], 'summary': 'Atlanta, GA, April 25, 2023 ( GLOBE NEWSWIRE ) -- BitMine Immersion Technologies, Inc. [OTC: BMNR] is proud to announce its participation at the upcoming Sequire Investor Summit. This highly anticipated event, scheduled for April 24-26, 2023 at La Concha Resort in San Juan, Puerto Rico, promises ...', 'banner_image': 'https://ml.globenewswire.com/Resource/Download/577cdc16-97c9-4adb-bef5-aecb92f74120', 'source': 'GlobeNewswire', 'category_within_source': 'n/a', 'source_domain': 'www.globenewswire.com', 'topics': [{'topic': 'Financial Markets', 'relevance_score': '0.650727'}], 'overall_sentiment_score': 0.478205, 'overall_sentiment_label': 'Bullish', 'ticker_sentiment': [{'ticker': 'BMNR', 'relevance_score': '0.530253', 'ticker_sentiment_score': '0.584789', 'ticker_sentiment_label': 'Bullish'}, {'ticker': 'SRAX', 'relevance_score': '0.282234', 'ticker_sentiment_score': '0.291097', 'ticker_sentiment_label': 'Somewhat-Bullish'}, {'ticker': 'CRYPTO:BTC', 'relevance_score': '0.095899', 'ticker_sentiment_score': '0.20812', 'ticker_sentiment_label': 'Somewhat-Bullish'}]}, {'title': 'BitMine Immersion Technologies, Inc. Announces Entry into Joint Venture, Entry into Line of Credit, Buyout of Hosting Agreement, and Trinidad Operations Update', 'url': 'https://www.globenewswire.com/news-release/2022/10/20/2538490/0/en/BitMine-Immersion-Technologies-Inc-Announces-Entry-into-Joint-Venture-Entry-into-Line-of-Credit-Buyout-of-Hosting-Agreement-and-Trinidad-Operations-Update.html', 'time_published': '20221020T131500', 'authors': ['BitMine Immersion Technologies Inc'], 'summary': 'ATLANTA, Oct. 20, 2022 ( GLOBE NEWSWIRE ) -- BitMine Immersion Technologies, Inc. ( "Bitmine" ) ( OTC: BMNR ) announced a number of developments in its business.', 'banner_image': 'https://ml.globenewswire.com/Resource/Download/dc421c7d-abf8-4d03-9c32-0863b2ef29c1?size=1', 'source': 'GlobeNewswire', 'category_within_source': 'n/a', 'source_domain': 'www.globenewswire.com', 'topics': [{'topic': 'Financial Markets', 'relevance_score': '0.77141'}], 'overall_sentiment_score': 0.214245, 'overall_sentiment_label': 'Somewhat-Bullish', 'ticker_sentiment': [{'ticker': 'BMNR', 'relevance_score': '0.200688', 'ticker_sentiment_score': '0.014209', 'ticker_sentiment_label': 'Neutral'}, {'ticker': 'CRYPTO:BTC', 'relevance_score': '0.067536', 'ticker_sentiment_score': '0.101477', 'ticker_sentiment_label': 'Neutral'}]}, {'title': 'BitMine Immersion Technologies, Inc. Completes Regulation D Equity Offering and Conversion of all Innovative Digital Investors Debt into Preferred Equity', 'url': 'https://www.globenewswire.com/news-release/2022/09/07/2511682/0/en/BitMine-Immersion-Technologies-Inc-Completes-Regulation-D-Equity-Offering-and-Conversion-of-all-Innovative-Digital-Investors-Debt-into-Preferred-Equity.html', 'time_published': '20220907T131500', 'authors': ['BitMine Immersion Technologies Inc'], 'summary': 'ATLANTA, Sept. 07, 2022 ( GLOBE NEWSWIRE ) -- Via NetworkWire -- BitMine Immersion Technologies, Inc. ( OTC: BMNR ) announces the closing of equity financing via a Regulation D sale of over $5 million in cash and equipment, net of commissions paid to its Investment Bank.', 'banner_image': 'https://ml.globenewswire.com/Resource/Download/dc421c7d-abf8-4d03-9c32-0863b2ef29c1?size=1', 'source': 'GlobeNewswire', 'category_within_source': 'n/a', 'source_domain': 'www.globenewswire.com', 'topics': [{'topic': 'Financial Markets', 'relevance_score': '0.905476'}], 'overall_sentiment_score': 0.267631, 'overall_sentiment_label': 'Somewhat-Bullish', 'ticker_sentiment': [{'ticker': 'BMNR', 'relevance_score': '0.59972', 'ticker_sentiment_score': '0.084057', 'ticker_sentiment_label': 'Neutral'}]}, {'title': 'BitMine Immersion  ( BMNR )  - BitMine Immersion Technologies, Inc. Completes Regulation D Equity Offering and Conversion of all Innovative Digital Investors Debt into Preferred Equity', 'url': 'https://www.benzinga.com/pressreleases/22/09/g28776775/bitmine-immersion-technologies-inc-completes-regulation-d-equity-offering-and-conversion-of-all-in', 'time_published': '20220907T131500', 'authors': ['Globe Newswire'], 'summary': 'ATLANTA, Sept. 07, 2022 ( GLOBE NEWSWIRE ) -- Via NetworkWire -- BitMine Immersion Technologies, Inc. BMNR announces the closing of equity financing via a Regulation D sale of over $5 million in cash and equipment, net of commissions paid to its Investment Bank.', 'banner_image': '', 'source': 'Benzinga', 'category_within_source': 'News', 'source_domain': 'www.benzinga.com', 'topics': [{'topic': 'Financial Markets', 'relevance_score': '0.918141'}], 'overall_sentiment_score': 0.246856, 'overall_sentiment_label': 'Somewhat-Bullish', 'ticker_sentiment': [{'ticker': 'BMNR', 'relevance_score': '0.558244', 'ticker_sentiment_score': '0.077435', 'ticker_sentiment_label': 'Neutral'}]}, {'title': 'BitMine Immersion Technologies, Inc. announces appointment of CEO, and conversion of debt to preferred equity by IDI', 'url': 'https://www.benzinga.com/pressreleases/22/05/g27416925/bitmine-immersion-technologies-inc-announces-appointment-of-ceo-and-conversion-of-debt-to-preferre', 'time_published': '20220526T131500', 'authors': ['Globe Newswire'], 'summary': 'ATLANTA, May 26, 2022 ( GLOBE NEWSWIRE ) -- BitMine Immersion Technologies, Inc. ( OTC:BMNR ) announces the appointment of Jonathan Bates as Chief Executive Officer ( "CEO" ) of Bitmine, and Erik Nelson\'s new appointment as President. Mr. Bates has been serving as Chairman of the Board of Di', 'banner_image': 'https://ml.globenewswire.com/media/dc421c7d-abf8-4d03-9c32-0863b2ef29c1/small/bitmine-logo-new-6-png.png', 'source': 'Benzinga', 'category_within_source': 'News', 'source_domain': 'www.benzinga.com', 'topics': [{'topic': 'Financial Markets', 'relevance_score': '0.999966'}], 'overall_sentiment_score': -0.005066, 'overall_sentiment_label': 'Neutral', 'ticker_sentiment': [{'ticker': 'BMNR', 'relevance_score': '0.391311', 'ticker_sentiment_score': '0.003758', 'ticker_sentiment_label': 'Neutral'}]}, {'title': 'BitMine Immersion Technologies, Inc. announces appointment of CEO, and conversion of debt to preferred equity by IDI', 'url': 'https://www.globenewswire.com/news-release/2022/05/26/2451365/0/en/BitMine-Immersion-Technologies-Inc-announces-appointment-of-CEO-and-conversion-of-debt-to-preferred-equity-by-IDI.html', 'time_published': '20220526T131500', 'authors': ['BitMine Immersion Technologies Inc'], 'summary': 'ATLANTA, May 26, 2022 ( GLOBE NEWSWIRE ) -- BitMine Immersion Technologies, Inc. ( OTC: BMNR ) announces the appointment of Jonathan Bates as Chief Executive Officer ( "CEO" ) of Bitmine, and Erik Nelson\'s new appointment as President. Mr. Bates has been serving as Chairman of the Board of D', 'banner_image': 'https://ml.globenewswire.com/Resource/Download/dc421c7d-abf8-4d03-9c32-0863b2ef29c1?size=1', 'source': 'GlobeNewswire', 'category_within_source': 'n/a', 'source_domain': 'www.globenewswire.com', 'topics': [{'topic': 'Financial Markets', 'relevance_score': '0.999862'}], 'overall_sentiment_score': 0.008331, 'overall_sentiment_label': 'Neutral', 'ticker_sentiment': [{'ticker': 'BMNR', 'relevance_score': '0.36307', 'ticker_sentiment_score': '0.009823', 'ticker_sentiment_label': 'Neutral'}]}, {'title': 'Crypto Corner Podcast 809: Stocks discussed:  ( NasdaqCM: MARA )   ( NasdaqGS: HUT )   ( NasdaqCM: BTBT )   ( OTC: BMNR ) ', 'url': 'https://www.investorideas.com/news/2022/crypto-corner/04051MARA-HUT-BTBT-BMNR.asp', 'time_published': '20220405T170654', 'authors': [], 'summary': "Vancouver, Kelowna, Delta, BC - April 5, 2022  ( Investorideas.com Newswire )  Investorideas.com, a leader in crypto and blockchain investing news brings you today's edition of the Crypto Corner podcast and commentary on what's driving cryptocurrency stocks and the crypto market.", 'banner_image': None, 'source': 'Investor Ideas', 'category_within_source': 'n/a', 'source_domain': 'www.investorideas.com', 'topics': [{'topic': 'Financial Markets', 'relevance_score': '0.77141'}, {'topic': 'Real Estate & Construction', 'relevance_score': '0.333333'}, {'topic': 'Technology', 'relevance_score': '0.333333'}, {'topic': 'Finance', 'relevance_score': '0.333333'}, {'topic': 'Blockchain', 'relevance_score': '0.769861'}], 'overall_sentiment_score': 0.113521, 'overall_sentiment_label': 'Neutral', 'ticker_sentiment': [{'ticker': 'BMNR', 'relevance_score': '0.171729', 'ticker_sentiment_score': '0.383077', 'ticker_sentiment_label': 'Bullish'}, {'ticker': 'MARA', 'relevance_score': '0.057642', 'ticker_sentiment_score': '0.005227', 'ticker_sentiment_label': 'Neutral'}, {'ticker': 'GOOG', 'relevance_score': '0.057642', 'ticker_sentiment_score': '0.00133', 'ticker_sentiment_label': 'Neutral'}, {'ticker': 'SPOT', 'relevance_score': '0.057642', 'ticker_sentiment_score': '0.00133', 'ticker_sentiment_label': 'Neutral'}, {'ticker': 'BITF', 'relevance_score': '0.057642', 'ticker_sentiment_score': '0.000812', 'ticker_sentiment_label': 'Neutral'}, {'ticker': 'HUT', 'relevance_score': '0.057642', 'ticker_sentiment_score': '0.011169', 'ticker_sentiment_label': 'Neutral'}, {'ticker': 'BTBT', 'relevance_score': '0.114984', 'ticker_sentiment_score': '0.008258', 'ticker_sentiment_label': 'Neutral'}, {'ticker': 'ANY', 'relevance_score': '0.057642', 'ticker_sentiment_score': '0.000812', 'ticker_sentiment_label': 'Neutral'}, {'ticker': 'CRYPTO:BTC', 'relevance_score': '0.573603', 'ticker_sentiment_score': '0.056595', 'ticker_sentiment_label': 'Neutral'}]}, {'title': 'Bit Digital, Inc. and BitMine Immersion Technologies, Inc. Sign Letter of Intent for Hosting 7,000 ASIC Mining Computers', 'url': 'https://www.globenewswire.com/news-release/2022/04/05/2416664/0/en/Bit-Digital-Inc-and-BitMine-Immersion-Technologies-Inc-Sign-Letter-of-Intent-for-Hosting-7-000-ASIC-Mining-Computers.html', 'time_published': '20220405T123000', 'authors': ['BitMine Immersion Technologies Inc'], 'summary': 'NEW YORK, April  05, 2022   ( GLOBE NEWSWIRE )  --  Bit Digital, Inc.  ( NASDAQ: BTBT )  and BitMine Immersion Technologies, Inc.  ( OTC: BMNR )  announce the signing of a Letter of Intent to establish a hosting relationship beginning with 7,000 current generation ASIC miners. The final agreement is', 'banner_image': 'https://ml.globenewswire.com/Resource/Download/dc421c7d-abf8-4d03-9c32-0863b2ef29c1?size=1', 'source': 'GlobeNewswire', 'category_within_source': 'n/a', 'source_domain': 'www.globenewswire.com', 'topics': [{'topic': 'Finance', 'relevance_score': '1.0'}, {'topic': 'Financial Markets', 'relevance_score': '0.158519'}], 'overall_sentiment_score': 0.360591, 'overall_sentiment_label': 'Bullish', 'ticker_sentiment': [{'ticker': 'BMNR', 'relevance_score': '0.370602', 'ticker_sentiment_score': '0.194441', 'ticker_sentiment_label': 'Somewhat-Bullish'}, {'ticker': 'BTBT', 'relevance_score': '0.665529', 'ticker_sentiment_score': '0.360591', 'ticker_sentiment_label': 'Bullish'}, {'ticker': 'CRYPTO:BTC', 'relevance_score': '0.370602', 'ticker_sentiment_score': '0.008148', 'ticker_sentiment_label': 'Neutral'}]}, {'title': 'BitMine Immersion Technologies, Inc. Announces Name Change and Symbol Change to "BMNR"', 'url': 'https://www.globenewswire.com/news-release/2022/03/17/2405348/0/en/BitMine-Immersion-Technologies-Inc-Announces-Name-Change-and-Symbol-Change-to-BMNR.html', 'time_published': '20220317T132000', 'authors': ['BitMine Immersion Technologies Inc'], 'summary': "ATLANTA, March  17, 2022   ( GLOBE NEWSWIRE )  -- BitMine Immersion Technologies, Inc.  ( OTC: BMNR )  f/k/a Sandy Springs Holdings, Inc., www.bitminetech.io, is pleased to announce that on March 3, 2022 FINRA approved the Company's name change from Sandy Springs Holdings, Inc. to BitMine Immersion ", 'banner_image': 'https://ml.globenewswire.com/Resource/Download/dc421c7d-abf8-4d03-9c32-0863b2ef29c1?size=1', 'source': 'GlobeNewswire', 'category_within_source': 'n/a', 'source_domain': 'www.globenewswire.com', 'topics': [{'topic': 'Blockchain', 'relevance_score': '0.158519'}, {'topic': 'Financial Markets', 'relevance_score': '0.614606'}], 'overall_sentiment_score': 0.186508, 'overall_sentiment_label': 'Somewhat-Bullish', 'ticker_sentiment': [{'ticker': 'BMNR', 'relevance_score': '0.693124', 'ticker_sentiment_score': '0.072197', 'ticker_sentiment_label': 'Neutral'}, {'ticker': 'CRYPTO:BTC', 'relevance_score': '0.586322', 'ticker_sentiment_score': '0.224197', 'ticker_sentiment_label': 'Somewhat-Bullish'}]}]}
[DEBUG][AlphaVantage] Parsed 5 articles for BMNR
✅ Got 5 Alpha Vantage news articles for BMNR
[DEBUG][Reddit] Raw response for BMNR: 200 {"kind": "Listing", "data": {"modhash": "", "dist": 0, "facets": {}, "after": null, "geo_filter": "", "children": [], "before": null}}
[DEBUG][Reddit] Parsed 0 articles for BMNR
✅ Got 0 Reddit posts for BMNR
✅ Got 8 Finnhub news articles for BMNR
[DEBUG][YahooFinance] Raw response for BMNR: 429 Too Many Requests

2025-07-10 15:48:16,521 | ERROR    | ERROR | trading_errors:0 | get_yahoo_finance_news error for BMNR: 429 Client Error: Too Many Requests for url: https://feeds.finance.yahoo.com/rss/2.0/headline?s=BMNR&region=US&lang=en-US
ERROR:trading_errors:get_yahoo_finance_news error for BMNR: 429 Client Error: Too Many Requests for url: https://feeds.finance.yahoo.com/rss/2.0/headline?s=BMNR&region=US&lang=en-US
✅ Got 0 Yahoo Finance news articles for BMNR
[DEBUG] Filtered 6 stock-specific news articles for BMNR (from 13 total)
[DEBUG] News source counts: Benzinga=3, Yahoo=2, SeekingAlpha=1
✅ Added 3 news items for BMNR from 3 sources
🔍 Analyzing RXST (6/6)...
⚠️ No market data available for RXST
[DEBUG][AlphaVantage] Raw response for RXST: {'items': '50', 'sentiment_score_definition': 'x <= -0.35: Bearish; -0.35 < x <= -0.15: Somewhat-Bearish; -0.15 < x < 0.15: Neutral; 0.15 <= x < 0.35: Somewhat_Bullish; x >= 0.35: Bullish', 'relevance_score_definition': '0 < x <= 1, with a higher score indicating higher relevance.', 'feed': [{'title': 'Crude Oil Moves Higher; RxSight Shares Plunge - BitMine Immersion Techs  ( AMEX:BMNR ) , Calidi Biotherapeutics  ( AMEX:CLDI ) ', 'url': 'https://www.benzinga.com/markets/market-summary/25/07/46327297/crude-oil-moves-higher-rxsight-shares-plunge', 'time_published': '20250709T173345', 'authors': ['Avi Kapoor'], 'summary': 'U.S. stocks traded higher midway through trading, with the Nasdaq Composite gaining more than 100 points on Wednesday. The Dow traded up 0.18% to 44,319.31 while the NASDAQ gained 0.62% to 20,545.29. The S&P 500 also rose, gaining, 0.31% to 6,245.11. Communication services shares jumped by 1.1% ...', 'banner_image': 'https://cdn.benzinga.com/files/images/story/2025/07/09/Oil-Tanker-Underway-Towards-Open-Sea--Cr.jpeg?width=1200&height=800&fit=crop', 'source': 'Benzinga', 'category_within_source': 'Trading', 'source_domain': 'www.benzinga.com', 'topics': [{'topic': 'Life Sciences', 'relevance_score': '0.5'}, {'topic': 'IPO', 'relevance_score': '0.158519'}, {'topic': 'Financial Markets', 'relevance_score': '0.214378'}, {'topic': 'Technology', 'relevance_score': '0.5'}], 'overall_sentiment_score': 0.134939, 'overall_sentiment_label': 'Neutral', 'ticker_sentiment': [{'ticker': 'BMNR', 'relevance_score': '0.29234', 'ticker_sentiment_score': '0.341889', 'ticker_sentiment_label': 'Somewhat-Bullish'}, {'ticker': 'EVTL', 'relevance_score': '0.197413', 'ticker_sentiment_score': '-0.094816', 'ticker_sentiment_label': 'Neutral'}, {'ticker': 'RXST', 'relevance_score': '0.197413', 'ticker_sentiment_score': '0.141361', 'ticker_sentiment_label': 'Neutral'}, {'ticker': 'SUGP', 'relevance_score': '0.197413', 'ticker_sentiment_score': '0.3287', 'ticker_sentiment_label': 'Somewhat-Bullish'}, {'ticker': 'EVOK', 'relevance_score': '0.197413', 'ticker_sentiment_score': '0.014821', 'ticker_sentiment_label': 'Neutral'}]}, {'title': 'Alphabet To Rally Around 26%? Here Are 10 Top Analyst Forecasts For Wednesday - Crown Holdings  ( NYSE:CCK ) , AutoNation  ( NYSE:AN ) ', 'url': 'https://www.benzinga.com/news/25/07/46324046/alphabet-to-rally-around-26-here-are-10-top-analyst-forecasts-for-wednesday', 'time_published': '20250709T155029', 'authors': ['Avi Kapoor'], 'summary': 'Top Wall Street analysts changed their outlook on these top names. For a complete view of all analyst rating changes, including upgrades and downgrades, please see our analyst ratings page. Barclays slashed Fortive Corporation FTV price target from $86 to $58.', 'banner_image': 'https://cdn.benzinga.com/files/images/story/2025/07/09/Alphabet.jpeg?width=1200&height=800&fit=crop', 'source': 'Benzinga', 'category_within_source': 'Trading', 'source_domain': 'www.benzinga.com', 'topics': [{'topic': 'Life Sciences', 'relevance_score': '0.2'}, {'topic': 'Retail & Wholesale', 'relevance_score': '0.2'}, {'topic': 'Financial Markets', 'relevance_score': '0.999982'}, {'topic': 'Manufacturing', 'relevance_score': '0.2'}, {'topic': 'Technology', 'relevance_score': '0.2'}, {'topic': 'Finance', 'relevance_score': '0.2'}], 'overall_sentiment_score': 0.22104, 'overall_sentiment_label': 'Somewhat-Bullish', 'ticker_sentiment': [{'ticker': 'GOOG', 'relevance_score': '0.238913', 'ticker_sentiment_score': '0.286959', 'ticker_sentiment_label': 'Somewhat-Bullish'}, {'ticker': 'RXST', 'relevance_score': '0.238913', 'ticker_sentiment_score': '0.005529', 'ticker_sentiment_label': 'Neutral'}, {'ticker': 'BCS', 'relevance_score': '0.160633', 'ticker_sentiment_score': '-0.085441', 'ticker_sentiment_label': 'Neutral'}, {'ticker': 'MDNDF', 'relevance_score': '0.160633', 'ticker_sentiment_score': '0.216079', 'ticker_sentiment_label': 'Somewhat-Bullish'}, {'ticker': 'WFC', 'relevance_score': '0.160633', 'ticker_sentiment_score': '0.083245', 'ticker_sentiment_label': 'Neutral'}, {'ticker': 'KRUS', 'relevance_score': '0.160633', 'ticker_sentiment_score': '0.156353', 'ticker_sentiment_label': 'Somewhat-Bullish'}, {'ticker': 'KUCPF', 'relevance_score': '0.160633', 'ticker_sentiment_score': '0.156353', 'ticker_sentiment_label': 'Somewhat-Bullish'}, {'ticker': 'FTV', 'relevance_score': '0.160633', 'ticker_sentiment_score': '-0.085441', 'ticker_sentiment_label': 'Neutral'}, {'ticker': 'CCK', 'relevance_score': '0.238913', 'ticker_sentiment_score': '0.048174', 'ticker_sentiment_label': 'Neutral'}, {'ticker': 'OTRK', 'relevance_score': '0.238913', 'ticker_sentiment_score': '0.005529', 'ticker_sentiment_label': 'Neutral'}, {'ticker': 'AN', 'relevance_score': '0.160633', 'ticker_sentiment_score': '0.083245', 'ticker_sentiment_label': 'Neutral'}]}, {'title': 'Dow Jumps 200 Points; US Wholesale Inventories Fall 0.3% In May - Calidi Biotherapeutics  ( AMEX:CLDI ) , Blue Gold  ( NASDAQ:BGL ) ', 'url': 'https://www.benzinga.com/news/25/07/46321522/dow-jumps-200-points-us-wholesale-inventories-fall-0-3-in-may', 'time_published': '20250709T143655', 'authors': ['Avi Kapoor'], 'summary': 'U.S. stocks traded higher this morning, with the Dow Jones index gaining more than 200 points on Wednesday. Following the market opening Wednesday, the Dow traded up 0.46% to 44,442.42 while the NASDAQ gained 0.95% to 20,611.65. The S&P 500 also rose, gaining, 0.60% to 6,262.70.', 'banner_image': 'https://cdn.benzinga.com/files/images/story/2025/07/09/Portland--Or--Usa---Mar-12--2020-Dow-Jon.jpeg?width=1200&height=800&fit=crop', 'source': 'Benzinga', 'category_within_source': 'Trading', 'source_domain': 'www.benzinga.com', 'topics': [{'topic': 'Life Sciences', 'relevance_score': '0.5'}, {'topic': 'Technology', 'relevance_score': '0.5'}, {'topic': 'Financial Markets', 'relevance_score': '0.161647'}], 'overall_sentiment_score': 0.184795, 'overall_sentiment_label': 'Somewhat-Bullish', 'ticker_sentiment': [{'ticker': 'PHH', 'relevance_score': '0.207571', 'ticker_sentiment_score': '0.416259', 'ticker_sentiment_label': 'Bullish'}, {'ticker': 'RXST', 'relevance_score': '0.207571', 'ticker_sentiment_score': '0.146826', 'ticker_sentiment_label': 'Neutral'}, {'ticker': 'SUGP', 'relevance_score': '0.207571', 'ticker_sentiment_score': '0.34045', 'ticker_sentiment_label': 'Somewhat-Bullish'}, {'ticker': 'EVOK', 'relevance_score': '0.207571', 'ticker_sentiment_score': '0.015402', 'ticker_sentiment_label': 'Neutral'}]}, {'title': "Aehr Test Systems Posts Downbeat Sales, Joins RxSight, Vertical Aerospace And Other Big Stocks Moving Lower In Wednesday's Pre-Market Session - Aehr Test System  ( NASDAQ:AEHR ) , Bit Digital  ( NASDAQ:BTBT ) ", 'url': 'https://www.benzinga.com/trading-ideas/movers/25/07/46316722/aehr-test-systems-posts-downbeat-sales-joins-rxsight-vertical-aerospace-and-other-big-stocks', 'time_published': '20250709T121810', 'authors': ['Avi Kapoor'], 'summary': 'U.S. stock futures were mixed this morning, with the Dow futures gaining around 0.1% on Wednesday. Shares of Aehr Test Systems, Inc. AEHR fell sharply in pre-market trading after the company reported worse-than-expected fourth-quarter sales results.', 'banner_image': 'https://cdn.benzinga.com/files/images/story/2025/07/09/Section-Of-A-Financial-Newspaper-Titled-.jpeg?width=1200&height=800&fit=crop', 'source': 'Benzinga', 'category_within_source': 'Trading', 'source_domain': 'www.benzinga.com', 'topics': [{'topic': 'Life Sciences', 'relevance_score': '0.25'}, {'topic': 'Financial Markets', 'relevance_score': '0.999976'}, {'topic': 'Manufacturing', 'relevance_score': '0.25'}, {'topic': 'Earnings', 'relevance_score': '0.744043'}, {'topic': 'Technology', 'relevance_score': '0.25'}, {'topic': 'Finance', 'relevance_score': '0.25'}], 'overall_sentiment_score': -0.080272, 'overall_sentiment_label': 'Neutral', 'ticker_sentiment': [{'ticker': 'AEHR', 'relevance_score': '0.483434', 'ticker_sentiment_score': '-0.044905', 'ticker_sentiment_label': 'Neutral'}, {'ticker': 'ENPH', 'relevance_score': '0.254307', 'ticker_sentiment_score': '-0.549939', 'ticker_sentiment_label': 'Bearish'}, {'ticker': 'RXST', 'relevance_score': '0.254307', 'ticker_sentiment_score': '-0.068229', 'ticker_sentiment_label': 'Neutral'}, {'ticker': 'TNDM', 'relevance_score': '0.373378', 'ticker_sentiment_score': '-0.27699', 'ticker_sentiment_label': 'Somewhat-Bearish'}, {'ticker': 'MBLY', 'relevance_score': '0.254307', 'ticker_sentiment_score': '-0.050994', 'ticker_sentiment_label': 'Neutral'}, {'ticker': 'WPP', 'relevance_score': '0.254307', 'ticker_sentiment_score': '0.0', 'ticker_sentiment_label': 'Neutral'}, {'ticker': 'EVTL', 'relevance_score': '0.254307', 'ticker_sentiment_score': '-0.292019', 'ticker_sentiment_label': 'Somewhat-Bearish'}, {'ticker': 'BTBT', 'relevance_score': '0.254307', 'ticker_sentiment_score': '0.205273', 'ticker_sentiment_label': 'Somewhat-Bullish'}, {'ticker': 'PENG', 'relevance_score': '0.373378', 'ticker_sentiment_score': '-0.013588', 'ticker_sentiment_label': 'Neutral'}]}, {'title': 'RxSight Falls 34% After Hours Following Revenue Warning - RxSight  ( NASDAQ:RXST ) ', 'url': 'https://www.benzinga.com/markets/equities/25/07/46312500/rxsight-falls-34-after-hours-following-revenue-warning', 'time_published': '20250709T062344', 'authors': ['Mohd Haider'], 'summary': "RxSight Inc. RXST plummeted by 34.32% in after-hours trading on Tuesday. The drop followed the company's decision to revise its 2025 revenue forecast. What Happened: The stock of RxSight Inc. experienced a sharp decline in after-hours trading, closing at $8.40, a 34.32% decrease from the day's ...", 'banner_image': 'https://cdn.benzinga.com/files/images/story/2025/07/09/Eye-Exam--Vision-Or-Laser-Test-For-An-Ol.jpeg?width=1200&height=800&fit=crop', 'source': 'Benzinga', 'category_within_source': 'Markets', 'source_domain': 'www.benzinga.com', 'topics': [{'topic': 'Life Sciences', 'relevance_score': '0.5'}, {'topic': 'Financial Markets', 'relevance_score': '0.503496'}, {'topic': 'Earnings', 'relevance_score': '0.316726'}, {'topic': 'Finance', 'relevance_score': '0.5'}], 'overall_sentiment_score': 0.100486, 'overall_sentiment_label': 'Neutral', 'ticker_sentiment': [{'ticker': 'RXST', 'relevance_score': '0.868812', 'ticker_sentiment_score': '0.120734', 'ticker_sentiment_label': 'Neutral'}, {'ticker': 'WFC', 'relevance_score': '0.149656', 'ticker_sentiment_score': '0.230274', 'ticker_sentiment_label': 'Somewhat-Bullish'}]}, {'title': 'FMS vs. RXST: Which Stock Is the Better Value Option?', 'url': 'https://www.zacks.com/stock/news/2563500/fms-vs-rxst-which-stock-is-the-better-value-option', 'time_published': '20250704T154003', 'authors': ['Zacks Equity Research'], 'summary': "Investors looking for stocks in the Medical - Instruments sector might want to consider either Fresenius ( FMS Quick QuoteFMS - ) or RxSight, Inc. ( RXST Quick QuoteRXST - ) . But which of these two companies is the best option for those looking for undervalued stocks? Let's take a closer look.", 'banner_image': 'https://staticx-tuner.zacks.com/images/default_article_images/default5.jpg', 'source': 'Zacks Commentary', 'category_within_source': 'n/a', 'source_domain': 'www.zacks.com', 'topics': [{'topic': 'Earnings', 'relevance_score': '0.890401'}, {'topic': 'Life Sciences', 'relevance_score': '1.0'}], 'overall_sentiment_score': 0.500457, 'overall_sentiment_label': 'Bullish', 'ticker_sentiment': [{'ticker': 'RXST', 'relevance_score': '0.682689', 'ticker_sentiment_score': '0.579621', 'ticker_sentiment_label': 'Bullish'}, {'ticker': 'FSNUF', 'relevance_score': '0.197413', 'ticker_sentiment_score': '0.29958', 'ticker_sentiment_label': 'Somewhat-Bullish'}]}, {'title': 'FMS or RXST: Which Is the Better Value Stock Right Now?', 'url': 'https://www.zacks.com/stock/news/2511134/fms-or-rxst-which-is-the-better-value-stock-right-now', 'time_published': '20250618T154006', 'authors': ['Zacks Equity Research'], 'summary': 'FMS vs. RXST: Which Stock Is the Better Value Option?', 'banner_image': 'https://staticx-tuner.zacks.com/images/default_article_images/default155.jpg', 'source': 'Zacks Commentary', 'category_within_source': 'n/a', 'source_domain': 'www.zacks.com', 'topics': [{'topic': 'Earnings', 'relevance_score': '0.795202'}, {'topic': 'Life Sciences', 'relevance_score': '1.0'}], 'overall_sentiment_score': 0.478187, 'overall_sentiment_label': 'Bullish', 'ticker_sentiment': [{'ticker': 'RXST', 'relevance_score': '0.674691', 'ticker_sentiment_score': '0.54368', 'ticker_sentiment_label': 'Bullish'}, {'ticker': 'FSNUF', 'relevance_score': '0.194242', 'ticker_sentiment_score': '0.256286', 'ticker_sentiment_label': 'Somewhat-Bullish'}]}, {'title': "Do Options Traders Know Something About RxSight Stock We Don't?", 'url': 'https://www.zacks.com/stock/news/2476558/do-options-traders-know-something-about-rxsight-stock-we-dont', 'time_published': '20250523T123200', 'authors': ['Zacks Equity Research'], 'summary': 'Investors need to pay close attention to RXST stock based on the movements in the options market lately.', 'banner_image': 'https://staticx-tuner.zacks.com/images/articles/main/08/595.jpg', 'source': 'Zacks Commentary', 'category_within_source': 'n/a', 'source_domain': 'www.zacks.com', 'topics': [{'topic': 'Earnings', 'relevance_score': '0.451494'}, {'topic': 'Life Sciences', 'relevance_score': '1.0'}, {'topic': 'Financial Markets', 'relevance_score': '0.214378'}], 'overall_sentiment_score': 0.050213, 'overall_sentiment_label': 'Neutral', 'ticker_sentiment': [{'ticker': 'RXST', 'relevance_score': '0.565345', 'ticker_sentiment_score': '0.072072', 'ticker_sentiment_label': 'Neutral'}]}, {'title': 'RxSight, Inc. to Participate in the Stifel 2025 Virtual Ophthalmology Forum', 'url': 'https://www.globenewswire.com/news-release/2025/05/20/3085294/0/en/RxSight-Inc-to-Participate-in-the-Stifel-2025-Virtual-Ophthalmology-Forum.html', 'time_published': '20250520T201000', 'authors': ['Inc.', 'RxSight'], 'summary': 'ALISO VIEJO, Calif., May 20, 2025 ( GLOBE NEWSWIRE ) -- ( NASDAQ: RXST ) -- RxSight, Inc., an ophthalmic medical device company dedicated to providing high-quality customized vision to patients following cataract surgery, today announced plans to participate in the upcoming Stifel Virtual ...', 'banner_image': 'https://ml.globenewswire.com/Resource/Download/48441335-c938-45ff-9355-ba8e331354e9', 'source': 'GlobeNewswire', 'category_within_source': 'n/a', 'source_domain': 'www.globenewswire.com', 'topics': [{'topic': 'Life Sciences', 'relevance_score': '1.0'}], 'overall_sentiment_score': 0.345564, 'overall_sentiment_label': 'Somewhat-Bullish', 'ticker_sentiment': [{'ticker': 'RXST', 'relevance_score': '0.885652', 'ticker_sentiment_score': '0.654379', 'ticker_sentiment_label': 'Bullish'}]}, {'title': 'RxSight, Inc. to Participate in the Stifel 2025 Virtual Ophthalmology Forum - RxSight  ( NASDAQ:RXST ) ', 'url': 'https://www.benzinga.com/pressreleases/25/05/g45529505/rxsight-inc-to-participate-in-the-stifel-2025-virtual-ophthalmology-forum', 'time_published': '20250520T201000', 'authors': ['Globe Newswire'], 'summary': 'ALISO VIEJO, Calif., May 20, 2025 ( GLOBE NEWSWIRE ) -- RXST -- RxSight, Inc., an ophthalmic medical device company dedicated to providing high-quality customized vision to patients following cataract surgery, today announced plans to participate in the upcoming Stifel Virtual Ophthalmology ...', 'banner_image': 'https://www.benzinga.com/next-assets/images/schema-image-default.png', 'source': 'Benzinga', 'category_within_source': 'News', 'source_domain': 'www.benzinga.com', 'topics': [{'topic': 'Life Sciences', 'relevance_score': '1.0'}, {'topic': 'Financial Markets', 'relevance_score': '0.108179'}], 'overall_sentiment_score': 0.306004, 'overall_sentiment_label': 'Somewhat-Bullish', 'ticker_sentiment': [{'ticker': 'RXST', 'relevance_score': '0.745397', 'ticker_sentiment_score': '0.600661', 'ticker_sentiment_label': 'Bullish'}]}, {'title': 'Top 3 Health Care Stocks That Are Preparing To Pump This Quarter - RxSight  ( NASDAQ:RXST ) , Prothena Corp  ( NASDAQ:PRTA ) ', 'url': 'https://www.benzinga.com/trading-ideas/long-ideas/25/05/45314240/top-3-health-care-stocks-that-are-preparing-to-pump-this-quarter', 'time_published': '20250509T111656', 'authors': ['Avi Kapoor'], 'summary': "The most oversold stocks in the health care sector presents an opportunity to buy into undervalued companies. The RSI is a momentum indicator, which compares a stock's strength on days when prices go up to its strength on days when prices go down.", 'banner_image': 'https://cdn.benzinga.com/files/images/story/2025/05/09/Doctor-Healthcare.jpeg?width=1200&height=800&fit=crop', 'source': 'Benzinga', 'category_within_source': 'Trading', 'source_domain': 'www.benzinga.com', 'topics': [{'topic': 'Life Sciences', 'relevance_score': '1.0'}, {'topic': 'Financial Markets', 'relevance_score': '0.503496'}], 'overall_sentiment_score': 0.203128, 'overall_sentiment_label': 'Somewhat-Bullish', 'ticker_sentiment': [{'ticker': 'RXST', 'relevance_score': '0.33628', 'ticker_sentiment_score': '0.22795', 'ticker_sentiment_label': 'Somewhat-Bullish'}, {'ticker': 'PRTA', 'relevance_score': '0.33628', 'ticker_sentiment_score': '0.034004', 'ticker_sentiment_label': 'Neutral'}, {'ticker': 'SRPT', 'relevance_score': '0.33628', 'ticker_sentiment_score': '0.071625', 'ticker_sentiment_label': 'Neutral'}, {'ticker': 'PLSQF', 'relevance_score': '0.069294', 'ticker_sentiment_score': '0.144908', 'ticker_sentiment_label': 'Neutral'}]}, {'title': 'RxSight, Inc.  ( RXST )  Reports Q1 Loss, Tops Revenue Estimates', 'url': 'https://www.zacks.com/stock/news/2464742/rxsight-inc-rxst-reports-q1-loss-tops-revenue-estimates', 'time_published': '20250507T235507', 'authors': ['Zacks Equity Research'], 'summary': 'RxSight (RXST) delivered earnings and revenue surprises of 25% and 0.01%, respectively, for the quarter ended March 2025. Do the numbers hold clues to what lies ahead for the stock?', 'banner_image': 'https://staticx-tuner.zacks.com/images/default_article_images/default53.jpg', 'source': 'Zacks Commentary', 'category_within_source': 'n/a', 'source_domain': 'www.zacks.com', 'topics': [{'topic': 'Earnings', 'relevance_score': '0.999981'}, {'topic': 'Life Sciences', 'relevance_score': '1.0'}, {'topic': 'Financial Markets', 'relevance_score': '0.266143'}], 'overall_sentiment_score': 0.102949, 'overall_sentiment_label': 'Neutral', 'ticker_sentiment': [{'ticker': 'GMED', 'relevance_score': '0.140485', 'ticker_sentiment_score': '0.0', 'ticker_sentiment_label': 'Neutral'}, {'ticker': 'RXST', 'relevance_score': '0.404563', 'ticker_sentiment_score': '-0.041501', 'ticker_sentiment_label': 'Neutral'}]}, {'title': "CVRx  ( CVRX )  May Report Negative Earnings: Know the Trend Ahead of Next Week's Release", 'url': 'https://www.zacks.com/stock/news/2460252/cvrx-cvrx-may-report-negative-earnings-know-the-trend-ahead-of-next-weeks-release', 'time_published': '20250501T140131', 'authors': ['Zacks Equity Research'], 'summary': "CVRx (CVRX) doesn't possess the right combination of the two key ingredients for a likely earnings beat in its upcoming report. Get prepared with the key expectations.", 'banner_image': 'https://staticx-tuner.zacks.com/images/default_article_images/default182.jpg', 'source': 'Zacks Commentary', 'category_within_source': 'n/a', 'source_domain': 'www.zacks.com', 'topics': [{'topic': 'Life Sciences', 'relevance_score': '0.5'}, {'topic': 'Financial Markets', 'relevance_score': '0.365926'}, {'topic': 'Earnings', 'relevance_score': '1.0'}, {'topic': 'Technology', 'relevance_score': '0.5'}], 'overall_sentiment_score': 0.121747, 'overall_sentiment_label': 'Neutral', 'ticker_sentiment': [{'ticker': 'RXST', 'relevance_score': '0.175221', 'ticker_sentiment_score': '-0.001426', 'ticker_sentiment_label': 'Neutral'}, {'ticker': 'CVRX', 'relevance_score': '0.260189', 'ticker_sentiment_score': '0.01002', 'ticker_sentiment_label': 'Neutral'}]}, {'title': "RxSight, Inc.  ( RXST )  May Report Negative Earnings: Know the Trend Ahead of Next Week's Release", 'url': 'https://www.zacks.com/stock/news/2458999/rxsight-inc-rxst-may-report-negative-earnings-know-the-trend-ahead-of-next-weeks-release', 'time_published': '20250430T140138', 'authors': ['Zacks Equity Research'], 'summary': "RxSight (RXST) doesn't possess the right combination of the two key ingredients for a likely earnings beat in its upcoming report. Get prepared with the key expectations.", 'banner_image': 'https://staticx-tuner.zacks.com/images/default_article_images/default27.jpg', 'source': 'Zacks Commentary', 'category_within_source': 'n/a', 'source_domain': 'www.zacks.com', 'topics': [{'topic': 'Earnings', 'relevance_score': '1.0'}, {'topic': 'Life Sciences', 'relevance_score': '1.0'}, {'topic': 'Financial Markets', 'relevance_score': '0.365926'}], 'overall_sentiment_score': 0.128788, 'overall_sentiment_label': 'Neutral', 'ticker_sentiment': [{'ticker': 'RXST', 'relevance_score': '0.260652', 'ticker_sentiment_score': '0.053512', 'ticker_sentiment_label': 'Neutral'}, {'ticker': 'IQV', 'relevance_score': '0.175539', 'ticker_sentiment_score': '-0.002855', 'ticker_sentiment_label': 'Neutral'}]}, {'title': 'This Aurora Innovation Analyst Begins Coverage On A Bullish Note; Here Are Top 3 Initiations For Tuesday - Expand Energy  ( NASDAQ:EXE ) , Aurora Innovation  ( NASDAQ:AUR ) ', 'url': 'https://www.benzinga.com/25/04/44813204/this-aurora-innovation-analyst-begins-coverage-on-a-bullish-note-here-are-top-5-initiations-for-tuesday', 'time_published': '20250415T133620', 'authors': ['Avi Kapoor'], 'summary': 'Top Wall Street analysts changed their outlook on these top names. For a complete view of all analyst rating changes, including upgrades, downgrades and initiations, please see our analyst ratings page. Needham analyst Chris Pierce initiated coverage on Aurora Innovation, Inc.', 'banner_image': 'https://editorial-assets.benzinga.com/wp-content/uploads/2025/04/15083302/image-114-1024x580.png', 'source': 'Benzinga', 'category_within_source': 'Trading', 'source_domain': 'www.benzinga.com', 'topics': [{'topic': 'Life Sciences', 'relevance_score': '0.333333'}, {'topic': 'Financial Markets', 'relevance_score': '0.316726'}, {'topic': 'Technology', 'relevance_score': '0.333333'}, {'topic': 'Finance', 'relevance_score': '0.333333'}], 'overall_sentiment_score': 0.293679, 'overall_sentiment_label': 'Somewhat-Bullish', 'ticker_sentiment': [{'ticker': 'RXST', 'relevance_score': '0.47672', 'ticker_sentiment_score': '0.182447', 'ticker_sentiment_label': 'Somewhat-Bullish'}, {'ticker': 'SPNT', 'relevance_score': '0.47672', 'ticker_sentiment_score': '0.1854', 'ticker_sentiment_label': 'Somewhat-Bullish'}, {'ticker': 'AUR', 'relevance_score': '0.605266', 'ticker_sentiment_score': '0.320029', 'ticker_sentiment_label': 'Somewhat-Bullish'}]}, {'title': 'RxSight Analyst Flags Growth Slowdown As Revised Outlook Misses Expectations - RxSight  ( NASDAQ:RXST ) ', 'url': 'https://www.benzinga.com/general/health-care/25/04/44634017/rxsight-analyst-flags-growth-slowdown-as-revised-outlook-misses-expectations', 'time_published': '20250403T183727', 'authors': ['Vandana Singh'], 'summary': 'RxSight lowered 2025 revenue outlook to $160 million-$175 million, below the $188.9 million estimate. BofA downgrades RxSight to Underperform, citing slowing growth. Price target cut from $36 to $22.', 'banner_image': 'https://cdn.benzinga.com/files/images/story/2025/04/03/Medicine-Development-Laboratory-Caucasia.jpeg?width=1200&height=800&fit=crop', 'source': 'Benzinga', 'category_within_source': 'General', 'source_domain': 'www.benzinga.com', 'topics': [{'topic': 'Earnings', 'relevance_score': '0.161647'}, {'topic': 'Life Sciences', 'relevance_score': '1.0'}, {'topic': 'Financial Markets', 'relevance_score': '0.87644'}], 'overall_sentiment_score': 0.192628, 'overall_sentiment_label': 'Somewhat-Bullish', 'ticker_sentiment': [{'ticker': 'RXST', 'relevance_score': '0.380012', 'ticker_sentiment_score': '0.03153', 'ticker_sentiment_label': 'Neutral'}]}, {'title': 'Gold Tops Bitcoin As Inflation Hedge; Metals Exempt From Trump Tariffs As White House Eyes Industry Boost; Chinese Tech Giants Order $16B In Nvidia Chips Amid AI Boom - Top Headlines While The US Slept', 'url': 'https://www.benzinga.com/25/04/44629405/metals-exempt-from-trump-tariffs-as-white-house-eyes-industry-boost-jpmorgan-gold-tops-bitcoin-as-inflation-hedge', 'time_published': '20250403T143643', 'authors': ['Akanksha Bakshi'], 'summary': "Trump's 'Reign Of Tariffs' Unleashes 'D-Day On Wall Street,' Analyst Warns Of Stagflation Risk US Stocks Likely To Open Lower Following Trump's Tariffs: 'Worse Than The Worst Case Scenario,' Says Analyst Dow Jumps Over 200 Points As Tesla Surges Over 5%: Investor Sentiment Improves, But Greed ...", 'banner_image': 'https://cdn.benzinga.com/files/images/story/2025/04/03/Bitcoin-gold.jpeg?width=1200&height=800&fit=crop', 'source': 'Benzinga', 'category_within_source': 'News', 'source_domain': 'www.benzinga.com', 'topics': [{'topic': 'Life Sciences', 'relevance_score': '0.2'}, {'topic': 'Technology', 'relevance_score': '0.2'}, {'topic': 'Finance', 'relevance_score': '0.2'}, {'topic': 'Blockchain', 'relevance_score': '0.158519'}, {'topic': 'Economy - Monetary', 'relevance_score': '0.310843'}, {'topic': 'Retail & Wholesale', 'relevance_score': '0.2'}, {'topic': 'Financial Markets', 'relevance_score': '0.266143'}, {'topic': 'Manufacturing', 'relevance_score': '0.2'}, {'topic': 'Earnings', 'relevance_score': '0.684621'}], 'overall_sentiment_score': -0.02759, 'overall_sentiment_label': 'Neutral', 'ticker_sentiment': [{'ticker': 'BABA', 'relevance_score': '0.085782', 'ticker_sentiment_score': '0.248602', 'ticker_sentiment_label': 'Somewhat-Bullish'}, {'ticker': 'NFLX', 'relevance_score': '0.042953', 'ticker_sentiment_score': '0.247248', 'ticker_sentiment_label': 'Somewhat-Bullish'}, {'ticker': 'CVS', 'relevance_score': '0.042953', 'ticker_sentiment_score': '-0.299463', 'ticker_sentiment_label': 'Somewhat-Bearish'}, {'ticker': 'GOOG', 'relevance_score': '0.042953', 'ticker_sentiment_score': '0.0', 'ticker_sentiment_label': 'Neutral'}, {'ticker': 'RXST', 'relevance_score': '0.042953', 'ticker_sentiment_score': '-0.101777', 'ticker_sentiment_label': 'Neutral'}, {'ticker': 'AVGO', 'relevance_score': '0.042953', 'ticker_sentiment_score': '-0.117601', 'ticker_sentiment_label': 'Neutral'}, {'ticker': 'BAC', 'relevance_score': '0.085782', 'ticker_sentiment_score': '0.276987', 'ticker_sentiment_label': 'Somewhat-Bullish'}, {'ticker': 'TCTZF', 'relevance_score': '0.042953', 'ticker_sentiment_score': '0.10242', 'ticker_sentiment_label': 'Neutral'}, {'ticker': 'PONY', 'relevance_score': '0.042953', 'ticker_sentiment_score': '0.130484', 'ticker_sentiment_label': 'Neutral'}, {'ticker': 'MSFT', 'relevance_score': '0.042953', 'ticker_sentiment_score': '-0.073818', 'ticker_sentiment_label': 'Neutral'}, {'ticker': 'AYI', 'relevance_score': '0.042953', 'ticker_sentiment_score': '0.252401', 'ticker_sentiment_label': 'Somewhat-Bullish'}, {'ticker': 'CRWV', 'relevance_score': '0.042953', 'ticker_sentiment_score': '0.0', 'ticker_sentiment_label': 'Neutral'}, {'ticker': 'TSLA', 'relevance_score': '0.170576', 'ticker_sentiment_score': '0.01249', 'ticker_sentiment_label': 'Neutral'}, {'ticker': 'VSAT', 'relevance_score': '0.042953', 'ticker_sentiment_score': '0.200194', 'ticker_sentiment_label': 'Somewhat-Bullish'}, {'ticker': 'CRYPTO:BTC', 'relevance_score': '0.085782', 'ticker_sentiment_score': '-0.191247', 'ticker_sentiment_label': 'Somewhat-Bearish'}, {'ticker': 'CRYPTO:DOGE', 'relevance_score': '0.042953', 'ticker_sentiment_score': '0.0', 'ticker_sentiment_label': 'Neutral'}, {'ticker': 'CRYPTO:HBAR', 'relevance_score': '0.042953', 'ticker_sentiment_score': '0.0', 'ticker_sentiment_label': 'Neutral'}, {'ticker': 'CRYPTO:FTC', 'relevance_score': '0.042953', 'ticker_sentiment_score': '-0.299463', 'ticker_sentiment_label': 'Somewhat-Bearish'}]}, {'title': 'Dow Tumbles Over 1,100 Points; US Initial Jobless Claims Fall - American Rebel Holdings  ( NASDAQ:AREB ) , Aldeyra Therapeutics  ( NASDAQ:ALDX ) ', 'url': 'https://www.benzinga.com/25/04/44628099/dow-tumbles-over-1100-points-us-initial-jobless-claims-fall', 'time_published': '20250403T134247', 'authors': ['Avi Kapoor'], 'summary': 'U.S. stocks traded lower this morning, with the Nasdaq Composite dipping more than 100 points on Thursday. Following the market opening Thursday, the Dow traded down 2.64% to 41,110.44 while the NASDAQ fell 4.15% to 16,870.74. The S&P 500 also fell, dropping, 3.14% to 5,492.92.', 'banner_image': 'https://cdn.benzinga.com/files/images/story/2025/04/03/Wall-Street-Dow.jpeg?width=1200&height=800&fit=crop', 'source': 'Benzinga', 'category_within_source': 'Trading', 'source_domain': 'www.benzinga.com', 'topics': [{'topic': 'Life Sciences', 'relevance_score': '0.5'}, {'topic': 'Technology', 'relevance_score': '0.5'}, {'topic': 'Financial Markets', 'relevance_score': '0.161647'}], 'overall_sentiment_score': -0.02705, 'overall_sentiment_label': 'Neutral', 'ticker_sentiment': [{'ticker': 'AREB', 'relevance_score': '0.199037', 'ticker_sentiment_score': '-0.284898', 'ticker_sentiment_label': 'Somewhat-Bearish'}, {'ticker': 'ALDX', 'relevance_score': '0.199037', 'ticker_sentiment_score': '0.009559', 'ticker_sentiment_label': 'Neutral'}, {'ticker': 'RXST', 'relevance_score': '0.199037', 'ticker_sentiment_score': '0.317664', 'ticker_sentiment_label': 'Somewhat-Bullish'}, {'ticker': 'TIVC', 'relevance_score': '0.199037', 'ticker_sentiment_score': '0.561381', 'ticker_sentiment_label': 'Bullish'}, {'ticker': 'PTIX', 'relevance_score': '0.199037', 'ticker_sentiment_score': '0.363113', 'ticker_sentiment_label': 'Bullish'}, {'ticker': 'NIVF', 'relevance_score': '0.100308', 'ticker_sentiment_score': '0.205252', 'ticker_sentiment_label': 'Somewhat-Bullish'}]}, {'title': "RH Posts Downbeat Earnings, Joins Apple, Tesla, Nvidia And Other Big Stocks Moving Lower In Thursday's Pre-Market Session - Apple  ( NASDAQ:AAPL ) , AdvanSix  ( NYSE:ASIX ) ", 'url': 'https://www.benzinga.com/25/04/44626074/rh-posts-downbeat-earnings-joins-apple-tesla-nvidia-and-other-big-stocks-moving-lower-in-thursdays-pre-market-ses', 'time_published': '20250403T122440', 'authors': ['Avi Kapoor'], 'summary': "U.S. stock futures were lower this morning, with the Dow futures falling more than 1,000 points on Thursday. Shares of RH RH fell sharply in today's pre-market trading after the company reported weaker-than-expected fourth-quarter financial results.", 'banner_image': 'https://cdn.benzinga.com/files/images/story/2025/04/03/Apple-TVLosing-Over-1-Billion-Yearly--Re.jpeg?width=1200&height=800&fit=crop', 'source': 'Benzinga', 'category_within_source': 'Trading', 'source_domain': 'www.benzinga.com', 'topics': [{'topic': 'Life Sciences', 'relevance_score': '0.2'}, {'topic': 'Technology', 'relevance_score': '0.2'}, {'topic': 'Finance', 'relevance_score': '0.2'}, {'topic': 'IPO', 'relevance_score': '0.158519'}, {'topic': 'Retail & Wholesale', 'relevance_score': '0.2'}, {'topic': 'Financial Markets', 'relevance_score': '0.82617'}, {'topic': 'Manufacturing', 'relevance_score': '0.2'}, {'topic': 'Earnings', 'relevance_score': '0.744043'}], 'overall_sentiment_score': -0.08803, 'overall_sentiment_label': 'Neutral', 'ticker_sentiment': [{'ticker': 'NVDA', 'relevance_score': '0.205807', 'ticker_sentiment_score': '0.0', 'ticker_sentiment_label': 'Neutral'}, {'ticker': 'RXST', 'relevance_score': '0.205807', 'ticker_sentiment_score': '0.076914', 'ticker_sentiment_label': 'Neutral'}, {'ticker': 'AAPL', 'relevance_score': '0.304428', 'ticker_sentiment_score': '0.0', 'ticker_sentiment_label': 'Neutral'}, {'ticker': 'CCNE', 'relevance_score': '0.205807', 'ticker_sentiment_score': '-0.421065', 'ticker_sentiment_label': 'Bearish'}, {'ticker': 'HBB', 'relevance_score': '0.205807', 'ticker_sentiment_score': '-0.421065', 'ticker_sentiment_label': 'Bearish'}, {'ticker': 'NKE', 'relevance_score': '0.205807', 'ticker_sentiment_score': '0.0', 'ticker_sentiment_label': 'Neutral'}, {'ticker': 'LULU', 'relevance_score': '0.205807', 'ticker_sentiment_score': '-0.421065', 'ticker_sentiment_label': 'Bearish'}, {'ticker': 'TSLA', 'relevance_score': '0.205807', 'ticker_sentiment_score': '-0.019208', 'ticker_sentiment_label': 'Neutral'}, {'ticker': 'BV', 'relevance_score': '0.205807', 'ticker_sentiment_score': '0.0', 'ticker_sentiment_label': 'Neutral'}, {'ticker': 'RH', 'relevance_score': '0.398148', 'ticker_sentiment_score': '0.157985', 'ticker_sentiment_label': 'Somewhat-Bullish'}, {'ticker': 'GAP', 'relevance_score': '0.205807', 'ticker_sentiment_score': '-0.387748', 'ticker_sentiment_label': 'Bearish'}, {'ticker': 'THRY', 'relevance_score': '0.205807', 'ticker_sentiment_score': '0.0', 'ticker_sentiment_label': 'Neutral'}, {'ticker': 'FC', 'relevance_score': '0.205807', 'ticker_sentiment_score': '-0.327459', 'ticker_sentiment_label': 'Somewhat-Bearish'}, {'ticker': 'ASIX', 'relevance_score': '0.205807', 'ticker_sentiment_score': '0.0', 'ticker_sentiment_label': 'Neutral'}]}, {'title': 'RxSight Warns On FY25 Revenue As Premium Cataract Market Faces Headwinds, Stock Plunges - RxSight  ( NASDAQ:RXST ) ', 'url': 'https://www.benzinga.com/news/guidance/25/04/44624912/rxsight-warns-on-fy25-revenue-as-premium-cataract-market-faces-headwinds-stock-plunges', 'time_published': '20250403T113217', 'authors': ['Lekha Gupta'], 'summary': 'RxSight sees Q1 revenue up 28% YoY to $37.9M, but misses consensus of $40.14M. FY25 outlook lowered with revenue forecast cut to $160M-$175M, below consensus of $188.9M.', 'banner_image': 'https://cdn.benzinga.com/files/images/story/2025/04/03/Tired-Teen-Girl-Rubbing-Dry-Irritable-Ey.jpeg?width=1200&height=800&fit=crop', 'source': 'Benzinga', 'category_within_source': 'News', 'source_domain': 'www.benzinga.com', 'topics': [{'topic': 'Earnings', 'relevance_score': '0.266143'}, {'topic': 'Life Sciences', 'relevance_score': '1.0'}, {'topic': 'Financial Markets', 'relevance_score': '0.161647'}], 'overall_sentiment_score': 0.201847, 'overall_sentiment_label': 'Somewhat-Bullish', 'ticker_sentiment': [{'ticker': 'RXST', 'relevance_score': '0.644033', 'ticker_sentiment_score': '0.21226', 'ticker_sentiment_label': 'Somewhat-Bullish'}]}, {'title': 'Why Penguin Solutions Shares Are Trading Higher; Here Are 20 Stocks Moving Premarket - American Rebel Holdings  ( NASDAQ:AREB ) , Aptevo Therapeutics  ( NASDAQ:APVO ) ', 'url': 'https://www.benzinga.com/25/04/44623142/why-penguin-solutions-shares-are-trading-higher-here-are-20-stocks-moving-premarket', 'time_published': '20250403T092737', 'authors': ['Avi Kapoor'], 'summary': "Shares of Penguin Solutions, Inc. PENG rose sharply in today's pre-market trading after the company posted better-than-expected results for its second quarter on Wednesday. The company said it sees FY25 net sales growth of 17% year-over-year +/-3% and adjusted EPS of $1.60 +/- $0.10.", 'banner_image': 'https://cdn.benzinga.com/files/images/story/2025/04/03/Gamestop--Lululemon--Uber--Ulta-Beauty-A.jpeg?width=1200&height=800&fit=crop', 'source': 'Benzinga', 'category_within_source': 'Trading', 'source_domain': 'www.benzinga.com', 'topics': [{'topic': 'Life Sciences', 'relevance_score': '0.25'}, {'topic': 'Technology', 'relevance_score': '0.25'}, {'topic': 'IPO', 'relevance_score': '0.310843'}, {'topic': 'Retail & Wholesale', 'relevance_score': '0.25'}, {'topic': 'Financial Markets', 'relevance_score': '0.882182'}, {'topic': 'Manufacturing', 'relevance_score': '0.25'}, {'topic': 'Earnings', 'relevance_score': '0.538269'}], 'overall_sentiment_score': 0.085327, 'overall_sentiment_label': 'Neutral', 'ticker_sentiment': [{'ticker': 'RXST', 'relevance_score': '0.159043', 'ticker_sentiment_score': '0.06383', 'ticker_sentiment_label': 'Neutral'}, {'ticker': 'KGEI', 'relevance_score': '0.159043', 'ticker_sentiment_score': '-0.252401', 'ticker_sentiment_label': 'Somewhat-Bearish'}, {'ticker': 'TIVC', 'relevance_score': '0.159043', 'ticker_sentiment_score': '0.219999', 'ticker_sentiment_label': 'Somewhat-Bullish'}, {'ticker': 'HRYU', 'relevance_score': '0.079921', 'ticker_sentiment_score': '0.0', 'ticker_sentiment_label': 'Neutral'}, {'ticker': 'HBB', 'relevance_score': '0.159043', 'ticker_sentiment_score': '-0.357724', 'ticker_sentiment_label': 'Bearish'}, {'ticker': 'PENG', 'relevance_score': '0.236588', 'ticker_sentiment_score': '0.310323', 'ticker_sentiment_label': 'Somewhat-Bullish'}, {'ticker': 'GNPX', 'relevance_score': '0.159043', 'ticker_sentiment_score': '0.0', 'ticker_sentiment_label': 'Neutral'}, {'ticker': 'IBG', 'relevance_score': '0.236588', 'ticker_sentiment_score': '0.110372', 'ticker_sentiment_label': 'Neutral'}, {'ticker': 'AREB', 'relevance_score': '0.159043', 'ticker_sentiment_score': '-0.24758', 'ticker_sentiment_label': 'Somewhat-Bearish'}, {'ticker': 'PMAX', 'relevance_score': '0.159043', 'ticker_sentiment_score': '-0.156686', 'ticker_sentiment_label': 'Somewhat-Bearish'}, {'ticker': 'BIAF', 'relevance_score': '0.236588', 'ticker_sentiment_score': '-0.048495', 'ticker_sentiment_label': 'Neutral'}, {'ticker': 'TYRA', 'relevance_score': '0.159043', 'ticker_sentiment_score': '0.321774', 'ticker_sentiment_label': 'Somewhat-Bullish'}, {'ticker': 'APVO', 'relevance_score': '0.159043', 'ticker_sentiment_score': '0.0', 'ticker_sentiment_label': 'Neutral'}, {'ticker': 'PTIX', 'relevance_score': '0.159043', 'ticker_sentiment_score': '0.081117', 'ticker_sentiment_label': 'Neutral'}, {'ticker': 'RH', 'relevance_score': '0.159043', 'ticker_sentiment_score': '-0.197608', 'ticker_sentiment_label': 'Somewhat-Bearish'}, {'ticker': 'NL', 'relevance_score': '0.159043', 'ticker_sentiment_score': '0.321774', 'ticker_sentiment_label': 'Somewhat-Bullish'}, {'ticker': 'ASIX', 'relevance_score': '0.159043', 'ticker_sentiment_score': '0.0', 'ticker_sentiment_label': 'Neutral'}]}, {'title': 'RxSight, Inc. Announces Preliminary First Quarter 2025 Revenue and Revised 2025 Guidance', 'url': 'https://www.globenewswire.com/news-release/2025/04/03/3054779/0/en/RxSight-Inc-Announces-Preliminary-First-Quarter-2025-Revenue-and-Revised-2025-Guidance.html', 'time_published': '20250403T000000', 'authors': ['RxSight', 'Inc.'], 'summary': 'ALISO VIEJO, Calif., April 02, 2025 ( GLOBE NEWSWIRE ) -- ( NASDAQ: RXST ) - RxSight, Inc., an ophthalmic medical device company dedicated to providing high-quality customized vision to patients following cataract surgery, today announced select preliminary revenue results for the first quarter ...', 'banner_image': 'https://ml.globenewswire.com/Resource/Download/48441335-c938-45ff-9355-ba8e331354e9', 'source': 'GlobeNewswire', 'category_within_source': 'n/a', 'source_domain': 'www.globenewswire.com', 'topics': [{'topic': 'Life Sciences', 'relevance_score': '1.0'}, {'topic': 'Financial Markets', 'relevance_score': '0.360215'}, {'topic': 'Earnings', 'relevance_score': '0.929393'}, {'topic': 'Mergers & Acquisitions', 'relevance_score': '0.158519'}], 'overall_sentiment_score': 0.140059, 'overall_sentiment_label': 'Neutral', 'ticker_sentiment': [{'ticker': 'RXST', 'relevance_score': '0.276648', 'ticker_sentiment_score': '0.19903', 'ticker_sentiment_label': 'Somewhat-Bullish'}]}, {'title': 'RxSight, Inc. to Participate in the 24th Annual Needham Virtual Healthcare Conference', 'url': 'https://www.globenewswire.com/news-release/2025/03/25/3049151/0/en/RxSight-Inc-to-Participate-in-the-24th-Annual-Needham-Virtual-Healthcare-Conference.html', 'time_published': '20250325T200500', 'authors': ['Inc.', 'RxSight'], 'summary': 'ALISO VIEJO, Calif., March 25, 2025 ( GLOBE NEWSWIRE ) -- ( NASDAQ: RXST ) -- RxSight, Inc., an ophthalmic medical device company dedicated to providing high-quality customized vision to patients following cataract surgery, today announced plans to participate in the upcoming 24th Annual Needham ...', 'banner_image': 'https://ml.globenewswire.com/Resource/Download/48441335-c938-45ff-9355-ba8e331354e9', 'source': 'GlobeNewswire', 'category_within_source': 'n/a', 'source_domain': 'www.globenewswire.com', 'topics': [{'topic': 'Life Sciences', 'relevance_score': '1.0'}], 'overall_sentiment_score': 0.341359, 'overall_sentiment_label': 'Somewhat-Bullish', 'ticker_sentiment': [{'ticker': 'RXST', 'relevance_score': '0.879272', 'ticker_sentiment_score': '0.643596', 'ticker_sentiment_label': 'Bullish'}]}, {'title': 'RxSight, Inc. to Participate in the 24th Annual Needham Virtual Healthcare Conference - RxSight  ( NASDAQ:RXST ) ', 'url': 'https://www.benzinga.com/pressreleases/25/03/g44481229/rxsight-inc-to-participate-in-the-24th-annual-needham-virtual-healthcare-conference', 'time_published': '20250325T200500', 'authors': ['Globe Newswire'], 'summary': 'ALISO VIEJO, Calif., March 25, 2025 ( GLOBE NEWSWIRE ) -- RXST -- RxSight, Inc., an ophthalmic medical device company dedicated to providing high-quality customized vision to patients following cataract surgery, today announced plans to participate in the upcoming 24th Annual Needham Virtual ...', 'banner_image': 'https://ml.globenewswire.com/media/48441335-c938-45ff-9355-ba8e331354e9/small/rxsight-globe-png.png', 'source': 'Benzinga', 'category_within_source': 'News', 'source_domain': 'www.benzinga.com', 'topics': [{'topic': 'Life Sciences', 'relevance_score': '1.0'}, {'topic': 'Financial Markets', 'relevance_score': '0.108179'}], 'overall_sentiment_score': 0.30378, 'overall_sentiment_label': 'Somewhat-Bullish', 'ticker_sentiment': [{'ticker': 'RXST', 'relevance_score': '0.739411', 'ticker_sentiment_score': '0.589023', 'ticker_sentiment_label': 'Bullish'}]}, {'title': 'RxSight, Inc.  ( RXST )  Misses Q4 Earnings Estimates', 'url': 'https://www.zacks.com/stock/news/2421539/rxsight-inc-rxst-misses-q4-earnings-estimates', 'time_published': '20250225T225508', 'authors': ['Zacks Equity Research'], 'summary': 'RxSight (RXST) delivered earnings and revenue surprises of -70% and 0.07%, respectively, for the quarter ended December 2024. Do the numbers hold clues to what lies ahead for the stock?', 'banner_image': 'https://staticx-tuner.zacks.com/images/default_article_images/default226.jpg', 'source': 'Zacks Commentary', 'category_within_source': 'n/a', 'source_domain': 'www.zacks.com', 'topics': [{'topic': 'Earnings', 'relevance_score': '0.999981'}, {'topic': 'Life Sciences', 'relevance_score': '1.0'}, {'topic': 'Financial Markets', 'relevance_score': '0.266143'}], 'overall_sentiment_score': 0.135175, 'overall_sentiment_label': 'Neutral', 'ticker_sentiment': [{'ticker': 'RXST', 'relevance_score': '0.405651', 'ticker_sentiment_score': '0.093756', 'ticker_sentiment_label': 'Neutral'}, {'ticker': 'KIDS', 'relevance_score': '0.20997', 'ticker_sentiment_score': '0.0', 'ticker_sentiment_label': 'Neutral'}]}, {'title': 'RxSight, Inc. to Report Fourth Quarter Financial Results on February 25, 2025', 'url': 'https://www.globenewswire.com/news-release/2025/02/11/3024604/0/en/RxSight-Inc-to-Report-Fourth-Quarter-Financial-Results-on-February-25-2025.html', 'time_published': '20250211T211000', 'authors': ['Inc.', 'RxSight'], 'summary': 'ALISO VIEJO, Calif., Feb. 11, 2025 ( GLOBE NEWSWIRE ) -- RxSight, Inc., an ophthalmic medical device company dedicated to providing high-quality customized vision to patients following cataract surgery, today announced that it will report financial results for the fourth quarter of 2024 after ...', 'banner_image': 'https://ml.globenewswire.com/Resource/Download/48441335-c938-45ff-9355-ba8e331354e9', 'source': 'GlobeNewswire', 'category_within_source': 'n/a', 'source_domain': 'www.globenewswire.com', 'topics': [{'topic': 'Life Sciences', 'relevance_score': '1.0'}], 'overall_sentiment_score': 0.303015, 'overall_sentiment_label': 'Somewhat-Bullish', 'ticker_sentiment': [{'ticker': 'RXST', 'relevance_score': '0.747807', 'ticker_sentiment_score': '0.534935', 'ticker_sentiment_label': 'Bullish'}]}, {'title': 'RxSight, Inc. to Report Fourth Quarter Financial Results on February 25, 2025 - RxSight  ( NASDAQ:RXST ) ', 'url': 'https://www.benzinga.com/pressreleases/25/02/g43640337/rxsight-inc-to-report-fourth-quarter-financial-results-on-february-25-2025', 'time_published': '20250211T211000', 'authors': ['Globe Newswire'], 'summary': 'ALISO VIEJO, Calif., Feb. 11, 2025 ( GLOBE NEWSWIRE ) -- RxSight, Inc., an ophthalmic medical device company dedicated to providing high-quality customized vision to patients following cataract surgery, today announced that it will report financial results for the fourth quarter of 2024 after ...', 'banner_image': 'https://ml.globenewswire.com/media/48441335-c938-45ff-9355-ba8e331354e9/small/rxsight-globe-png.png', 'source': 'Benzinga', 'category_within_source': 'News', 'source_domain': 'www.benzinga.com', 'topics': [{'topic': 'Life Sciences', 'relevance_score': '1.0'}], 'overall_sentiment_score': 0.270548, 'overall_sentiment_label': 'Somewhat-Bullish', 'ticker_sentiment': [{'ticker': 'RXST', 'relevance_score': '0.62523', 'ticker_sentiment_score': '0.480771', 'ticker_sentiment_label': 'Bullish'}]}, {'title': 'RxSight, Inc. Announces Preliminary Unaudited Fourth Quarter and Full-Year 2024 Financial and Operational Results and 2025 Guidance - RxSight  ( NASDAQ:RXST ) ', 'url': 'https://www.benzinga.com/pressreleases/25/01/g42934976/rxsight-inc-announces-preliminary-unaudited-fourth-quarter-and-full-year-2024-financial-and-operat', 'time_published': '20250112T143000', 'authors': ['Globe Newswire'], 'summary': 'ALISO VIEJO, Calif., Jan. 12, 2025 ( GLOBE NEWSWIRE ) -- RXST - RxSight, Inc., an ophthalmic medical device company dedicated to providing high-quality customized vision to patients following cataract surgery, today announced certain preliminary unaudited financial and operational results for ...', 'banner_image': 'https://ml.globenewswire.com/media/48441335-c938-45ff-9355-ba8e331354e9/small/rxsight-globe-png.png', 'source': 'Benzinga', 'category_within_source': 'News', 'source_domain': 'www.benzinga.com', 'topics': [{'topic': 'Life Sciences', 'relevance_score': '1.0'}, {'topic': 'Financial Markets', 'relevance_score': '0.538269'}, {'topic': 'Earnings', 'relevance_score': '0.839681'}, {'topic': 'Mergers & Acquisitions', 'relevance_score': '0.158519'}], 'overall_sentiment_score': 0.158372, 'overall_sentiment_label': 'Somewhat-Bullish', 'ticker_sentiment': [{'ticker': 'RXST', 'relevance_score': '0.421485', 'ticker_sentiment_score': '0.205683', 'ticker_sentiment_label': 'Somewhat-Bullish'}]}, {'title': 'RxSight, Inc. Announces Preliminary Unaudited Fourth Quarter and Full-Year 2024 Financial and Operational Results and 2025 Guidance', 'url': 'https://www.globenewswire.com/news-release/2025/01/12/3008051/0/en/RxSight-Inc-Announces-Preliminary-Unaudited-Fourth-Quarter-and-Full-Year-2024-Financial-and-Operational-Results-and-2025-Guidance.html', 'time_published': '20250112T143000', 'authors': ['Inc.', 'RxSight'], 'summary': 'ALISO VIEJO, Calif., Jan. 12, 2025 ( GLOBE NEWSWIRE ) -- ( NASDAQ: RXST ) - RxSight, Inc., an ophthalmic medical device company dedicated to providing high-quality customized vision to patients following cataract surgery, today announced certain preliminary unaudited financial and operational ...', 'banner_image': 'https://ml.globenewswire.com/Resource/Download/48441335-c938-45ff-9355-ba8e331354e9', 'source': 'GlobeNewswire', 'category_within_source': 'n/a', 'source_domain': 'www.globenewswire.com', 'topics': [{'topic': 'Life Sciences', 'relevance_score': '1.0'}, {'topic': 'Financial Markets', 'relevance_score': '0.538269'}, {'topic': 'Earnings', 'relevance_score': '0.94762'}, {'topic': 'Mergers & Acquisitions', 'relevance_score': '0.158519'}], 'overall_sentiment_score': 0.15339, 'overall_sentiment_label': 'Somewhat-Bullish', 'ticker_sentiment': [{'ticker': 'RXST', 'relevance_score': '0.417995', 'ticker_sentiment_score': '0.206866', 'ticker_sentiment_label': 'Somewhat-Bullish'}]}, {'title': 'RxSight, Inc. to Present at the J.P. Morgan Healthcare Conference', 'url': 'https://www.globenewswire.com/news-release/2025/01/02/3003725/0/en/RxSight-Inc-to-Present-at-the-J-P-Morgan-Healthcare-Conference.html', 'time_published': '20250102T210500', 'authors': ['Inc.', 'RxSight'], 'summary': 'ALISO VIEJO, Calif., Jan. 02, 2025 ( GLOBE NEWSWIRE ) -- ( NASDAQ: RXST ) - RxSight, Inc., an ophthalmic medical device company dedicated to providing high-quality customized vision to patients following cataract surgery, today announced plans to participate in the upcoming J.P.', 'banner_image': 'https://ml.globenewswire.com/Resource/Download/48441335-c938-45ff-9355-ba8e331354e9', 'source': 'GlobeNewswire', 'category_within_source': 'n/a', 'source_domain': 'www.globenewswire.com', 'topics': [{'topic': 'Life Sciences', 'relevance_score': '1.0'}], 'overall_sentiment_score': 0.395081, 'overall_sentiment_label': 'Bullish', 'ticker_sentiment': [{'ticker': 'RXST', 'relevance_score': '0.895116', 'ticker_sentiment_score': '0.653562', 'ticker_sentiment_label': 'Bullish'}]}, {'title': 'This Nike Analyst Is No Longer Bullish; Here Are Top 5 Downgrades For Friday - Lazard  ( NYSE:LAZ ) , Biogen  ( NASDAQ:BIIB ) ', 'url': 'https://www.benzinga.com/24/12/42618959/this-nike-analyst-is-no-longer-bullish-here-are-top-5-downgrades-for-friday', 'time_published': '20241220T145923', 'authors': ['Avi Kapoor'], 'summary': 'Top Wall Street analysts changed their outlook on these top names. For a complete view of all analyst rating changes, including upgrades and downgrades, please see our analyst ratings page. BMO Capital analyst Evan Seigerman downgraded the rating for Biogen Inc.', 'banner_image': 'https://editorial-assets.benzinga.com/wp-content/uploads/2024/12/20095825/image-184-1024x568.png', 'source': 'Benzinga', 'category_within_source': 'Markets', 'source_domain': 'www.benzinga.com', 'topics': [{'topic': 'Life Sciences', 'relevance_score': '0.333333'}, {'topic': 'Financial Markets', 'relevance_score': '0.365926'}, {'topic': 'Manufacturing', 'relevance_score': '0.333333'}, {'topic': 'Finance', 'relevance_score': '0.333333'}], 'overall_sentiment_score': 0.242, 'overall_sentiment_label': 'Somewhat-Bullish', 'ticker_sentiment': [{'ticker': 'NKE', 'relevance_score': '0.490323', 'ticker_sentiment_score': '0.321751', 'ticker_sentiment_label': 'Somewhat-Bullish'}, {'ticker': 'RXST', 'relevance_score': '0.379051', 'ticker_sentiment_score': '0.047175', 'ticker_sentiment_label': 'Neutral'}, {'ticker': 'C', 'relevance_score': '0.130926', 'ticker_sentiment_score': '0.024021', 'ticker_sentiment_label': 'Neutral'}, {'ticker': 'LW', 'relevance_score': '0.379051', 'ticker_sentiment_score': '0.052508', 'ticker_sentiment_label': 'Neutral'}, {'ticker': 'LAZ', 'relevance_score': '0.379051', 'ticker_sentiment_score': '0.188526', 'ticker_sentiment_label': 'Somewhat-Bullish'}, {'ticker': 'BIIB', 'relevance_score': '0.379051', 'ticker_sentiment_score': '0.225297', 'ticker_sentiment_label': 'Somewhat-Bullish'}]}, {'title': 'Visa To Rally Over 20%? Here Are 10 Top Analyst Forecasts For Wednesday - Columbia Sportswear  ( NASDAQ:COLM ) , Intuitive Surgical  ( NASDAQ:ISRG ) ', 'url': 'https://www.benzinga.com/24/12/42440817/visa-to-rally-over-20-here-are-10-top-analyst-forecasts-for-wednesday', 'time_published': '20241211T154449', 'authors': ['Avi Kapoor'], 'summary': 'Top Wall Street analysts changed their outlook on these top names. For a complete view of all analyst rating changes, including upgrades and downgrades, please see our analyst ratings page. Keybanc raised the price target for Walmart Inc. WMT from $96 to $100.', 'banner_image': 'https://cdn.benzinga.com/files/images/story/2024/12/11/credit-card-networks-5.jpeg?width=1200&height=800&fit=crop', 'source': 'Benzinga', 'category_within_source': 'Trading', 'source_domain': 'www.benzinga.com', 'topics': [{'topic': 'Life Sciences', 'relevance_score': '0.2'}, {'topic': 'Retail & Wholesale', 'relevance_score': '0.2'}, {'topic': 'Financial Markets', 'relevance_score': '0.999897'}, {'topic': 'Manufacturing', 'relevance_score': '0.2'}, {'topic': 'Energy & Transportation', 'relevance_score': '0.2'}, {'topic': 'Finance', 'relevance_score': '0.2'}], 'overall_sentiment_score': 0.218341, 'overall_sentiment_label': 'Somewhat-Bullish', 'ticker_sentiment': [{'ticker': 'RXST', 'relevance_score': '0.234307', 'ticker_sentiment_score': '-0.112745', 'ticker_sentiment_label': 'Neutral'}, {'ticker': 'UAL', 'relevance_score': '0.234307', 'ticker_sentiment_score': '0.111858', 'ticker_sentiment_label': 'Neutral'}, {'ticker': 'COLM', 'relevance_score': '0.234307', 'ticker_sentiment_score': '0.115491', 'ticker_sentiment_label': 'Neutral'}, {'ticker': 'TRMB', 'relevance_score': '0.234307', 'ticker_sentiment_score': '0.34585', 'ticker_sentiment_label': 'Somewhat-Bullish'}, {'ticker': 'WFC', 'relevance_score': '0.308891', 'ticker_sentiment_score': '-0.018426', 'ticker_sentiment_label': 'Neutral'}, {'ticker': 'MS', 'relevance_score': '0.308891', 'ticker_sentiment_score': '-0.006952', 'ticker_sentiment_label': 'Neutral'}, {'ticker': 'V', 'relevance_score': '0.234307', 'ticker_sentiment_score': '0.354009', 'ticker_sentiment_label': 'Bullish'}, {'ticker': 'ZBIO', 'relevance_score': '0.234307', 'ticker_sentiment_score': '-0.122226', 'ticker_sentiment_label': 'Neutral'}, {'ticker': 'SNV', 'relevance_score': '0.234307', 'ticker_sentiment_score': '-0.014513', 'ticker_sentiment_label': 'Neutral'}, {'ticker': 'PHR', 'relevance_score': '0.234307', 'ticker_sentiment_score': '0.378257', 'ticker_sentiment_label': 'Bullish'}, {'ticker': 'ISRG', 'relevance_score': '0.234307', 'ticker_sentiment_score': '0.087839', 'ticker_sentiment_label': 'Neutral'}, {'ticker': 'WMT', 'relevance_score': '0.234307', 'ticker_sentiment_score': '-0.014545', 'ticker_sentiment_label': 'Neutral'}]}, {'title': "RxSight  ( RXST )  Upgraded to Buy: Here's What You Should Know", 'url': 'https://www.zacks.com/stock/news/2372971/rxsight-rxst-upgraded-to-buy-heres-what-you-should-know', 'time_published': '20241120T170009', 'authors': ['Zacks Equity Research'], 'summary': "RxSight (RXST) has been upgraded to a Zacks Rank #2 (Buy), reflecting growing optimism about the company's earnings prospects. This might drive the stock higher in the near term.", 'banner_image': 'https://staticx-tuner.zacks.com/images/default_article_images/default275.jpg', 'source': 'Zacks Commentary', 'category_within_source': 'n/a', 'source_domain': 'www.zacks.com', 'topics': [{'topic': 'Earnings', 'relevance_score': '0.997845'}, {'topic': 'Life Sciences', 'relevance_score': '1.0'}, {'topic': 'Financial Markets', 'relevance_score': '0.692272'}], 'overall_sentiment_score': 0.303631, 'overall_sentiment_label': 'Somewhat-Bullish', 'ticker_sentiment': [{'ticker': 'RXST', 'relevance_score': '0.368773', 'ticker_sentiment_score': '0.335006', 'ticker_sentiment_label': 'Somewhat-Bullish'}]}, {'title': 'RxSight, Inc.  ( RXST )  Reports Break-Even Earnings for Q3', 'url': 'https://www.zacks.com/stock/news/2367007/rxsight-inc-rxst-reports-break-even-earnings-for-q3', 'time_published': '20241108T000011', 'authors': ['Zacks Equity Research'], 'summary': 'RxSight (RXST) delivered earnings and revenue surprises of -100% and 0.47%, respectively, for the quarter ended September 2024. Do the numbers hold clues to what lies ahead for the stock?', 'banner_image': 'https://staticx-tuner.zacks.com/images/default_article_images/default170.jpg', 'source': 'Zacks Commentary', 'category_within_source': 'n/a', 'source_domain': 'www.zacks.com', 'topics': [{'topic': 'Life Sciences', 'relevance_score': '0.5'}, {'topic': 'Financial Markets', 'relevance_score': '0.266143'}, {'topic': 'Earnings', 'relevance_score': '0.999981'}, {'topic': 'Technology', 'relevance_score': '0.5'}], 'overall_sentiment_score': 0.15985, 'overall_sentiment_label': 'Somewhat-Bullish', 'ticker_sentiment': [{'ticker': 'LUCD', 'relevance_score': '0.211191', 'ticker_sentiment_score': '0.0', 'ticker_sentiment_label': 'Neutral'}, {'ticker': 'RXST', 'relevance_score': '0.407844', 'ticker_sentiment_score': '0.197254', 'ticker_sentiment_label': 'Somewhat-Bullish'}]}, {'title': 'This Six Flags Entertainment Analyst Begins Coverage On A Bullish Note; Here Are Top 5 Initiations For Tuesday - Six Flags Entertainment  ( NYSE:FUN ) ', 'url': 'https://www.benzinga.com/news/24/10/41597170/this-six-flags-entertainment-analyst-begins-coverage-on-a-bullish-note-here-are-top-5-initiations-fo', 'time_published': '20241029T121121', 'authors': ['Avi Kapoor'], 'summary': 'Top Wall Street analysts changed their outlook on these top names. For a complete view of all analyst rating changes, including upgrades and downgrades, please see our analyst ratings page. Jefferies analyst Young Li initiated coverage on RxSight, Inc. RXST with a Buy rating and announced a price ...', 'banner_image': 'https://editorial-assets.benzinga.com/wp-content/uploads/2024/10/29081035/image-295-1024x498.png', 'source': 'Benzinga', 'category_within_source': 'Trading', 'source_domain': 'www.benzinga.com', 'topics': [{'topic': 'Life Sciences', 'relevance_score': '0.25'}, {'topic': 'Financial Markets', 'relevance_score': '0.365926'}, {'topic': 'Manufacturing', 'relevance_score': '0.25'}, {'topic': 'Energy & Transportation', 'relevance_score': '0.25'}, {'topic': 'Finance', 'relevance_score': '0.25'}], 'overall_sentiment_score': 0.324977, 'overall_sentiment_label': 'Somewhat-Bullish', 'ticker_sentiment': [{'ticker': 'CRH', 'relevance_score': '0.382925', 'ticker_sentiment_score': '-0.021358', 'ticker_sentiment_label': 'Neutral'}, {'ticker': 'RXST', 'relevance_score': '0.382925', 'ticker_sentiment_score': '0.159702', 'ticker_sentiment_label': 'Somewhat-Bullish'}, {'ticker': 'BCS', 'relevance_score': '0.132368', 'ticker_sentiment_score': '-0.009759', 'ticker_sentiment_label': 'Neutral'}, {'ticker': 'EVRG', 'relevance_score': '0.382925', 'ticker_sentiment_score': '0.351013', 'ticker_sentiment_label': 'Bullish'}, {'ticker': 'QNCX', 'relevance_score': '0.382925', 'ticker_sentiment_score': '0.152039', 'ticker_sentiment_label': 'Somewhat-Bullish'}]}, {'title': 'RxSight, Inc. to Participate in Upcoming Morgan Stanley and Wells Fargo Healthcare Conferences', 'url': 'https://www.globenewswire.com/news-release/2024/08/22/2934589/0/en/RxSight-Inc-to-Participate-in-Upcoming-Morgan-Stanley-and-Wells-Fargo-Healthcare-Conferences.html', 'time_published': '20240822T200500', 'authors': ['Inc.', 'RxSight'], 'summary': 'ALISO VIEJO, Calif., Aug. 22, 2024 ( GLOBE NEWSWIRE ) -- ( NASDAQ: RXST ) - RxSight, Inc., an ophthalmic medical device company dedicated to providing high-quality customized vision to patients following cataract surgery, today announced its plans to participate in two upcoming healthcare ...', 'banner_image': 'https://ml.globenewswire.com/Resource/Download/48441335-c938-45ff-9355-ba8e331354e9', 'source': 'GlobeNewswire', 'category_within_source': 'n/a', 'source_domain': 'www.globenewswire.com', 'topics': [{'topic': 'Life Sciences', 'relevance_score': '0.5'}, {'topic': 'Finance', 'relevance_score': '0.5'}], 'overall_sentiment_score': 0.358109, 'overall_sentiment_label': 'Bullish', 'ticker_sentiment': [{'ticker': 'RXST', 'relevance_score': '0.84035', 'ticker_sentiment_score': '0.619049', 'ticker_sentiment_label': 'Bullish'}, {'ticker': 'WFC', 'relevance_score': '0.185306', 'ticker_sentiment_score': '0.0', 'ticker_sentiment_label': 'Neutral'}, {'ticker': 'MS', 'relevance_score': '0.185306', 'ticker_sentiment_score': '0.220384', 'ticker_sentiment_label': 'Somewhat-Bullish'}]}, {'title': 'Does RxSight  ( RXST )  Have the Potential to Rally 27.64% as Wall Street Analysts Expect?', 'url': 'https://www.zacks.com/stock/news/2320711/does-rxsight-rxst-have-the-potential-to-rally-2764-as-wall-street-analysts-expect', 'time_published': '20240812T135512', 'authors': ['Zacks Equity Research'], 'summary': "The mean of analysts' price targets for RxSight (RXST) points to a 27.6% upside in the stock. While this highly sought-after metric has not proven reasonably effective, strong agreement among analysts in raising earnings estimates does indicate an upside in the stock.", 'banner_image': 'https://staticx-tuner.zacks.com/images/default_article_images/default215.jpg', 'source': 'Zacks Commentary', 'category_within_source': 'n/a', 'source_domain': 'www.zacks.com', 'topics': [{'topic': 'Earnings', 'relevance_score': '0.795202'}, {'topic': 'Life Sciences', 'relevance_score': '1.0'}, {'topic': 'Financial Markets', 'relevance_score': '0.5855'}], 'overall_sentiment_score': 0.217836, 'overall_sentiment_label': 'Somewhat-Bullish', 'ticker_sentiment': [{'ticker': 'RXST', 'relevance_score': '0.286864', 'ticker_sentiment_score': '0.292013', 'ticker_sentiment_label': 'Somewhat-Bullish'}]}, {'title': 'Lithia Motors To Rally Around 14%? Here Are 10 Top Analyst Forecasts For Tuesday - Lithia Motors  ( NYSE:LAD ) ', 'url': 'https://www.benzinga.com/news/24/08/40191574/lithia-motors-to-rally-around-14-here-are-10-top-analyst-forecasts-for-tuesday', 'time_published': '20240806T140632', 'authors': ['Avi Kapoor'], 'summary': 'Top Wall Street analysts changed their outlook on these top names. For a complete view of all analyst rating changes, including upgrades and downgrades, please see our analyst ratings page. Piper Sandler cut the price target for CrowdStrike Holdings, Inc. CRWD from $310 to $290.', 'banner_image': 'https://cdn.benzinga.com/files/images/story/2024/08/06/Le-ultime-operazioni-degli-insider-cosa-.png?width=1200&height=800&fit=crop', 'source': 'Benzinga', 'category_within_source': 'Trading', 'source_domain': 'www.benzinga.com', 'topics': [{'topic': 'Life Sciences', 'relevance_score': '0.2'}, {'topic': 'Retail & Wholesale', 'relevance_score': '0.2'}, {'topic': 'Financial Markets', 'relevance_score': '0.999995'}, {'topic': 'Manufacturing', 'relevance_score': '0.2'}, {'topic': 'Real Estate & Construction', 'relevance_score': '0.2'}, {'topic': 'Technology', 'relevance_score': '0.2'}], 'overall_sentiment_score': 0.134984, 'overall_sentiment_label': 'Neutral', 'ticker_sentiment': [{'ticker': 'FRPT', 'relevance_score': '0.237358', 'ticker_sentiment_score': '0.100429', 'ticker_sentiment_label': 'Neutral'}, {'ticker': 'RXST', 'relevance_score': '0.237358', 'ticker_sentiment_score': '-0.135859', 'ticker_sentiment_label': 'Neutral'}, {'ticker': 'CRWD', 'relevance_score': '0.237358', 'ticker_sentiment_score': '-0.015611', 'ticker_sentiment_label': 'Neutral'}, {'ticker': 'EBAY', 'relevance_score': '0.159569', 'ticker_sentiment_score': '0.117459', 'ticker_sentiment_label': 'Neutral'}, {'ticker': 'EVGO', 'relevance_score': '0.080188', 'ticker_sentiment_score': '0.08804', 'ticker_sentiment_label': 'Neutral'}, {'ticker': 'AN', 'relevance_score': '0.159569', 'ticker_sentiment_score': '0.232308', 'ticker_sentiment_label': 'Somewhat-Bullish'}, {'ticker': 'EVER', 'relevance_score': '0.237358', 'ticker_sentiment_score': '-0.036648', 'ticker_sentiment_label': 'Neutral'}, {'ticker': 'LAD', 'relevance_score': '0.237358', 'ticker_sentiment_score': '0.074884', 'ticker_sentiment_label': 'Neutral'}, {'ticker': 'TSN', 'relevance_score': '0.159569', 'ticker_sentiment_score': '0.151719', 'ticker_sentiment_label': 'Somewhat-Bullish'}, {'ticker': 'AXSM', 'relevance_score': '0.237358', 'ticker_sentiment_score': '0.039023', 'ticker_sentiment_label': 'Neutral'}, {'ticker': 'PLTR', 'relevance_score': '0.159569', 'ticker_sentiment_score': '-0.023032', 'ticker_sentiment_label': 'Neutral'}]}, {'title': 'RxSight Analysts Slash Their Forecasts After Q2 Results - RxSight  ( NASDAQ:RXST ) ', 'url': 'https://www.benzinga.com/news/earnings/24/08/40187064/rxsight-analysts-slash-their-forecasts-after-q2-results', 'time_published': '20240806T121237', 'authors': ['Avi Kapoor'], 'summary': 'Rxsight Inc RXST posted upbeat second-quarter sales and raised its FY24 revenue forecast on Monday. RxSight reported quarterly sales of $34.887 million which beat the analyst consensus estimate of $32.283 million by 8.07 percent, according to data from Benzinga Pro.', 'banner_image': 'https://cdn.benzinga.com/files/images/story/2024/08/06/Stock-market-analysts.png?width=1200&height=800&fit=crop', 'source': 'Benzinga', 'category_within_source': 'Markets', 'source_domain': 'www.benzinga.com', 'topics': [{'topic': 'Earnings', 'relevance_score': '0.538269'}, {'topic': 'Life Sciences', 'relevance_score': '1.0'}, {'topic': 'Financial Markets', 'relevance_score': '0.108179'}], 'overall_sentiment_score': 0.288789, 'overall_sentiment_label': 'Somewhat-Bullish', 'ticker_sentiment': [{'ticker': 'RXST', 'relevance_score': '0.879272', 'ticker_sentiment_score': '0.502501', 'ticker_sentiment_label': 'Bullish'}]}, {'title': 'Why Palantir Technologies Shares Are Trading Higher By Around 10%; Here Are 20 Stocks Moving Premarket - Palantir Technologies  ( NYSE:PLTR ) ', 'url': 'https://www.benzinga.com/news/24/08/40180935/why-palantir-technologies-shares-are-trading-higher-by-around-10-here-are-20-stocks-moving-premarket', 'time_published': '20240806T091605', 'authors': ['Avi Kapoor'], 'summary': "Shares of Palantir Technologies Inc PLTR rose sharply in today's pre-market trading after the company reported better-than-expected second-quarter results. Palantir reported second-quarter revenue of $678.13 million, beating the consensus estimate of $652.1 million, according to Benzinga Pro.", 'banner_image': 'https://cdn.benzinga.com/files/images/story/2024/08/06/movers-image.jpeg?width=1200&height=800&fit=crop', 'source': 'Benzinga', 'category_within_source': 'Trading', 'source_domain': 'www.benzinga.com', 'topics': [{'topic': 'Life Sciences', 'relevance_score': '0.2'}, {'topic': 'Technology', 'relevance_score': '0.2'}, {'topic': 'Finance', 'relevance_score': '0.2'}, {'topic': 'Financial Markets', 'relevance_score': '0.897321'}, {'topic': 'Manufacturing', 'relevance_score': '0.2'}, {'topic': 'Earnings', 'relevance_score': '0.875462'}, {'topic': 'Real Estate & Construction', 'relevance_score': '0.2'}], 'overall_sentiment_score': 0.167346, 'overall_sentiment_label': 'Somewhat-Bullish', 'ticker_sentiment': [{'ticker': 'RXST', 'relevance_score': '0.129516', 'ticker_sentiment_score': '0.330667', 'ticker_sentiment_label': 'Somewhat-Bullish'}, {'ticker': 'BJDX', 'relevance_score': '0.129516', 'ticker_sentiment_score': '-0.236054', 'ticker_sentiment_label': 'Somewhat-Bearish'}, {'ticker': 'LYT', 'relevance_score': '0.129516', 'ticker_sentiment_score': '0.0', 'ticker_sentiment_label': 'Neutral'}, {'ticker': 'CSLR', 'relevance_score': '0.064973', 'ticker_sentiment_score': '0.248717', 'ticker_sentiment_label': 'Somewhat-Bullish'}, {'ticker': 'LUMN', 'relevance_score': '0.129516', 'ticker_sentiment_score': '0.268413', 'ticker_sentiment_label': 'Somewhat-Bullish'}, {'ticker': 'TENK', 'relevance_score': '0.129516', 'ticker_sentiment_score': '0.083285', 'ticker_sentiment_label': 'Neutral'}, {'ticker': 'UPXI', 'relevance_score': '0.129516', 'ticker_sentiment_score': '-0.29431', 'ticker_sentiment_label': 'Somewhat-Bearish'}, {'ticker': 'ZI', 'relevance_score': '0.129516', 'ticker_sentiment_score': '0.145451', 'ticker_sentiment_label': 'Neutral'}, {'ticker': 'SERV', 'relevance_score': '0.129516', 'ticker_sentiment_score': '0.041879', 'ticker_sentiment_label': 'Neutral'}, {'ticker': 'LCID', 'relevance_score': '0.129516', 'ticker_sentiment_score': '0.388843', 'ticker_sentiment_label': 'Bullish'}, {'ticker': 'MITSF', 'relevance_score': '0.064973', 'ticker_sentiment_score': '-0.317213', 'ticker_sentiment_label': 'Somewhat-Bearish'}, {'ticker': 'SSUMF', 'relevance_score': '0.064973', 'ticker_sentiment_score': '-0.317213', 'ticker_sentiment_label': 'Somewhat-Bearish'}, {'ticker': 'CNSP', 'relevance_score': '0.129516', 'ticker_sentiment_score': '-0.026681', 'ticker_sentiment_label': 'Neutral'}, {'ticker': 'ATPC', 'relevance_score': '0.129516', 'ticker_sentiment_score': '0.317787', 'ticker_sentiment_label': 'Somewhat-Bullish'}, {'ticker': 'CHGG', 'relevance_score': '0.129516', 'ticker_sentiment_score': '-0.062249', 'ticker_sentiment_label': 'Neutral'}, {'ticker': 'SMFG', 'relevance_score': '0.129516', 'ticker_sentiment_score': '-0.371462', 'ticker_sentiment_label': 'Bearish'}, {'ticker': 'SPWR', 'relevance_score': '0.129516', 'ticker_sentiment_score': '0.291958', 'ticker_sentiment_label': 'Somewhat-Bullish'}, {'ticker': 'PLTR', 'relevance_score': '0.193207', 'ticker_sentiment_score': '0.307228', 'ticker_sentiment_label': 'Somewhat-Bullish'}, {'ticker': 'CRYPTO:PAY', 'relevance_score': '0.129516', 'ticker_sentiment_score': '0.083285', 'ticker_sentiment_label': 'Neutral'}]}, {'title': 'RxSight, Inc.  ( RXST )  Reports Break-Even Earnings for Q2', 'url': 'https://www.zacks.com/stock/news/2316500/rxsight-inc-rxst-reports-break-even-earnings-for-q2', 'time_published': '20240805T221005', 'authors': ['Zacks Equity Research'], 'summary': 'RxSight (RXST) delivered earnings and revenue surprises of 100% and 8.07%, respectively, for the quarter ended June 2024. Do the numbers hold clues to what lies ahead for the stock?', 'banner_image': 'https://staticx-tuner.zacks.com/images/default_article_images/default71.jpg', 'source': 'Zacks Commentary', 'category_within_source': 'n/a', 'source_domain': 'www.zacks.com', 'topics': [{'topic': 'Earnings', 'relevance_score': '0.999953'}, {'topic': 'Life Sciences', 'relevance_score': '1.0'}, {'topic': 'Financial Markets', 'relevance_score': '0.266143'}], 'overall_sentiment_score': 0.148964, 'overall_sentiment_label': 'Neutral', 'ticker_sentiment': [{'ticker': 'TMCI', 'relevance_score': '0.207571', 'ticker_sentiment_score': '0.0', 'ticker_sentiment_label': 'Neutral'}, {'ticker': 'RXST', 'relevance_score': '0.401331', 'ticker_sentiment_score': '0.203981', 'ticker_sentiment_label': 'Somewhat-Bullish'}]}, {'title': "Down -26.04% in 4 Weeks, Here's Why RxSight  ( RXST )  Looks Ripe for a Turnaround", 'url': 'https://www.zacks.com/stock/news/2310815/down--2604-in-4-weeks-heres-why-rxsight-rxst-looks-ripe-for-a-turnaround', 'time_published': '20240729T133504', 'authors': ['Zacks Equity Research'], 'summary': 'RxSight (RXST) has become technically an oversold stock now, which implies exhaustion of the heavy selling pressure on it. This, combined with strong agreement among Wall Street analysts in revising earnings estimates higher, indicates a potential trend reversal for the stock in the near term.', 'banner_image': 'https://staticx-tuner.zacks.com/images/default_article_images/default65.jpg', 'source': 'Zacks Commentary', 'category_within_source': 'n/a', 'source_domain': 'www.zacks.com', 'topics': [{'topic': 'Earnings', 'relevance_score': '0.818451'}, {'topic': 'Life Sciences', 'relevance_score': '1.0'}, {'topic': 'Financial Markets', 'relevance_score': '0.996023'}], 'overall_sentiment_score': 0.143072, 'overall_sentiment_label': 'Neutral', 'ticker_sentiment': [{'ticker': 'RXST', 'relevance_score': '0.495015', 'ticker_sentiment_score': '0.157638', 'ticker_sentiment_label': 'Somewhat-Bullish'}]}, {'title': 'Johnson & Johnson Q2 Earnings Preview: Can New Drugs Lift Sagging Stock? - Johnson & Johnson  ( NYSE:JNJ ) ', 'url': 'https://www.benzinga.com/analyst-ratings/analyst-color/24/07/39802572/johnson-johnson-q2-earnings-preview-can-new-drugs-lift-sagging-stock', 'time_published': '20240716T190710', 'authors': ['Chris Katje'], 'summary': 'Johnson & Johnson JNJ was one of the worst-performing Dow Jones Industrial Average stocks in the first half of 2024. Investors and analysts will be looking for the company to show progress from a mixed first quarter when second-quarter financial results are reported Wednesday, July 17.', 'banner_image': 'https://cdn.benzinga.com/files/images/story/2024/07/16/Johnson-JohnsonJohnson.jpeg?width=1200&height=800&fit=crop', 'source': 'Benzinga', 'category_within_source': 'Trading', 'source_domain': 'www.benzinga.com', 'topics': [{'topic': 'Life Sciences', 'relevance_score': '0.5'}, {'topic': 'Financial Markets', 'relevance_score': '0.161647'}, {'topic': 'Earnings', 'relevance_score': '0.999162'}, {'topic': 'Finance', 'relevance_score': '0.5'}], 'overall_sentiment_score': 0.177749, 'overall_sentiment_label': 'Somewhat-Bullish', 'ticker_sentiment': [{'ticker': 'ALC', 'relevance_score': '0.184834', 'ticker_sentiment_score': '0.199404', 'ticker_sentiment_label': 'Somewhat-Bullish'}, {'ticker': 'RXST', 'relevance_score': '0.123844', 'ticker_sentiment_score': '-0.005997', 'ticker_sentiment_label': 'Neutral'}, {'ticker': 'GS', 'relevance_score': '0.123844', 'ticker_sentiment_score': '0.222497', 'ticker_sentiment_label': 'Somewhat-Bullish'}, {'ticker': 'JNJ', 'relevance_score': '0.839263', 'ticker_sentiment_score': '0.179495', 'ticker_sentiment_label': 'Somewhat-Bullish'}]}, {'title': "RxSight  ( RXST )  Loses -16.11% in 4 Weeks, Here's Why a Trend Reversal May be Around the Corner", 'url': 'https://www.zacks.com/stock/news/2300709/rxsight-rxst-loses--1611-in-4-weeks-heres-why-a-trend-reversal-may-be-around-the-corner', 'time_published': '20240712T133504', 'authors': ['Zacks Equity Research'], 'summary': 'The heavy selling pressure might have exhausted for RxSight (RXST) as it is technically in oversold territory now. In addition to this technical measure, strong agreement among Wall Street analysts in revising earnings estimates higher indicates that the stock is ripe for a trend reversal.', 'banner_image': 'https://staticx-tuner.zacks.com/images/default_article_images/default240.jpg', 'source': 'Zacks Commentary', 'category_within_source': 'n/a', 'source_domain': 'www.zacks.com', 'topics': [{'topic': 'Earnings', 'relevance_score': '0.818451'}, {'topic': 'Life Sciences', 'relevance_score': '1.0'}, {'topic': 'Financial Markets', 'relevance_score': '0.998356'}], 'overall_sentiment_score': 0.177767, 'overall_sentiment_label': 'Somewhat-Bullish', 'ticker_sentiment': [{'ticker': 'RXST', 'relevance_score': '0.48028', 'ticker_sentiment_score': '0.220312', 'ticker_sentiment_label': 'Somewhat-Bullish'}]}, {'title': 'Oculis Publishes Results of 2024 Annual General Meeting and Announces Appointments to its Board of Directors and Scientific Advisory Board', 'url': 'https://www.globenewswire.com/news-release/2024/05/30/2890455/0/en/Oculis-Publishes-Results-of-2024-Annual-General-Meeting-and-Announces-Appointments-to-its-Board-of-Directors-and-Scientific-Advisory-Board.html', 'time_published': '20240530T080000', 'authors': ['Oculis Holding AG'], 'summary': 'ZUG, Switzerland, May 30, 2024 ( GLOBE NEWSWIRE ) -- Oculis Holding AG ( Nasdaq: OCS. XICE: OCS ) ( "Oculis" or the "Company" ) , a global biopharmaceutical company purposefully driven to save sight and improve eye care, today announced the results from its 2024 Annual General Meeting held on May ...', 'banner_image': 'https://ml-eu.globenewswire.com/Resource/Download/03befe16-ebb9-4294-bf14-721da54643ba', 'source': 'GlobeNewswire', 'category_within_source': 'n/a', 'source_domain': 'www.globenewswire.com', 'topics': [{'topic': 'Life Sciences', 'relevance_score': '0.5'}, {'topic': 'Finance', 'relevance_score': '0.5'}, {'topic': 'Financial Markets', 'relevance_score': '0.977154'}], 'overall_sentiment_score': 0.172127, 'overall_sentiment_label': 'Somewhat-Bullish', 'ticker_sentiment': [{'ticker': 'AON', 'relevance_score': '0.016987', 'ticker_sentiment_score': '0.088104', 'ticker_sentiment_label': 'Neutral'}, {'ticker': 'BLK', 'relevance_score': '0.033966', 'ticker_sentiment_score': '0.052548', 'ticker_sentiment_label': 'Neutral'}, {'ticker': 'HESG', 'relevance_score': '0.016987', 'ticker_sentiment_score': '0.117005', 'ticker_sentiment_label': 'Neutral'}, {'ticker': 'RXST', 'relevance_score': '0.033966', 'ticker_sentiment_score': '0.041325', 'ticker_sentiment_label': 'Neutral'}, {'ticker': 'ALC', 'relevance_score': '0.101653', 'ticker_sentiment_score': '0.100844', 'ticker_sentiment_label': 'Neutral'}, {'ticker': 'NARI', 'relevance_score': '0.033966', 'ticker_sentiment_score': '0.041325', 'ticker_sentiment_label': 'Neutral'}, {'ticker': 'NSRGF', 'relevance_score': '0.016987', 'ticker_sentiment_score': '0.03713', 'ticker_sentiment_label': 'Neutral'}, {'ticker': 'OCS', 'relevance_score': '0.201663', 'ticker_sentiment_score': '0.131386', 'ticker_sentiment_label': 'Neutral'}]}, {'title': 'Oculis Publishes Results of 2024 Annual General Meeting and Announces Appointments to its Board of Directors and Scientific Advisory Board', 'url': 'https://www.globenewswire.com/news-release/2024/05/30/2890456/0/en/Oculis-Publishes-Results-of-2024-Annual-General-Meeting-and-Announces-Appointments-to-its-Board-of-Directors-and-Scientific-Advisory-Board.html', 'time_published': '20240530T080000', 'authors': ['Oculis Holding AG'], 'summary': 'ZUG, Switzerland, May 30, 2024 ( GLOBE NEWSWIRE ) -- Oculis Holding AG ( Nasdaq: OCS. XICE: OCS ) ( "Oculis" or the "Company" ) , a global biopharmaceutical company purposefully driven to save sight and improve eye care, today announced the results from its 2024 Annual General Meeting held on May ...', 'banner_image': 'https://ml-eu.globenewswire.com/Resource/Download/03befe16-ebb9-4294-bf14-721da54643ba', 'source': 'GlobeNewswire', 'category_within_source': 'n/a', 'source_domain': 'www.globenewswire.com', 'topics': [{'topic': 'Life Sciences', 'relevance_score': '0.5'}, {'topic': 'Finance', 'relevance_score': '0.5'}, {'topic': 'Financial Markets', 'relevance_score': '0.977154'}], 'overall_sentiment_score': 0.174395, 'overall_sentiment_label': 'Somewhat-Bullish', 'ticker_sentiment': [{'ticker': 'AON', 'relevance_score': '0.016855', 'ticker_sentiment_score': '0.088037', 'ticker_sentiment_label': 'Neutral'}, {'ticker': 'BLK', 'relevance_score': '0.033703', 'ticker_sentiment_score': '0.052489', 'ticker_sentiment_label': 'Neutral'}, {'ticker': 'HESG', 'relevance_score': '0.016855', 'ticker_sentiment_score': '0.116903', 'ticker_sentiment_label': 'Neutral'}, {'ticker': 'RXST', 'relevance_score': '0.033703', 'ticker_sentiment_score': '0.041274', 'ticker_sentiment_label': 'Neutral'}, {'ticker': 'ALC', 'relevance_score': '0.117568', 'ticker_sentiment_score': '0.105041', 'ticker_sentiment_label': 'Neutral'}, {'ticker': 'NARI', 'relevance_score': '0.033703', 'ticker_sentiment_score': '0.041274', 'ticker_sentiment_label': 'Neutral'}, {'ticker': 'NSRGF', 'relevance_score': '0.016855', 'ticker_sentiment_score': '0.037091', 'ticker_sentiment_label': 'Neutral'}, {'ticker': 'OCS', 'relevance_score': '0.200134', 'ticker_sentiment_score': '0.130568', 'ticker_sentiment_label': 'Neutral'}]}, {'title': 'Oculis Publishes Results of 2024 Annual General Meeting and Announces Appointments to its Board of Directors and Scientific Advisory Board - Alcon  ( NYSE:ALC ) , Inari Medical  ( NASDAQ:NARI ) ', 'url': 'https://www.benzinga.com/pressreleases/24/05/g39078922/oculis-publishes-results-of-2024-annual-general-meeting-and-announces-appointments-to-its-board-of', 'time_published': '20240530T080000', 'authors': ['Globe Newswire'], 'summary': 'Shareholders approved all agenda items and proposals of the Board of Directors Robert K. Warner, M.B.A. and Arshad M. Khanani, M.D., M.A., FASRS elected as members of the Board of Directors Baruch D. Kuppermann, M.D., Ph.D. and Frank G. Holz, M.D., Ph.D. appointed as members of the Scientific ...', 'banner_image': 'https://www.benzinga.com/next-assets/images/schema-image-default.png', 'source': 'Benzinga', 'category_within_source': 'News', 'source_domain': 'www.benzinga.com', 'topics': [{'topic': 'Life Sciences', 'relevance_score': '0.5'}, {'topic': 'Finance', 'relevance_score': '0.5'}, {'topic': 'Financial Markets', 'relevance_score': '0.989041'}], 'overall_sentiment_score': 0.176702, 'overall_sentiment_label': 'Somewhat-Bullish', 'ticker_sentiment': [{'ticker': 'AON', 'relevance_score': '0.016773', 'ticker_sentiment_score': '0.086023', 'ticker_sentiment_label': 'Neutral'}, {'ticker': 'BLK', 'relevance_score': '0.033538', 'ticker_sentiment_score': '0.053823', 'ticker_sentiment_label': 'Neutral'}, {'ticker': 'HESG', 'relevance_score': '0.016773', 'ticker_sentiment_score': '0.114101', 'ticker_sentiment_label': 'Neutral'}, {'ticker': 'RXST', 'relevance_score': '0.033538', 'ticker_sentiment_score': '0.041241', 'ticker_sentiment_label': 'Neutral'}, {'ticker': 'ALC', 'relevance_score': '0.116996', 'ticker_sentiment_score': '0.102543', 'ticker_sentiment_label': 'Neutral'}, {'ticker': 'NARI', 'relevance_score': '0.033538', 'ticker_sentiment_score': '0.041241', 'ticker_sentiment_label': 'Neutral'}, {'ticker': 'NSRGF', 'relevance_score': '0.016773', 'ticker_sentiment_score': '0.037067', 'ticker_sentiment_label': 'Neutral'}, {'ticker': 'OCS', 'relevance_score': '0.133562', 'ticker_sentiment_score': '0.096285', 'ticker_sentiment_label': 'Neutral'}]}, {'title': 'What Makes RxSight, Inc.  ( RXST )  a Strong Momentum Stock: Buy Now?', 'url': 'https://www.zacks.com/stock/news/2280198/what-makes-rxsight-inc-rxst-a-strong-momentum-stock-buy-now', 'time_published': '20240528T160003', 'authors': ['Zacks Equity Research'], 'summary': "Does RxSight, Inc. (RXST) have what it takes to be a top stock pick for momentum investors? Let's find out.", 'banner_image': 'https://staticx-tuner.zacks.com/images/default_article_images/default257.jpg', 'source': 'Zacks Commentary', 'category_within_source': 'n/a', 'source_domain': 'www.zacks.com', 'topics': [{'topic': 'Earnings', 'relevance_score': '0.451494'}, {'topic': 'Life Sciences', 'relevance_score': '1.0'}, {'topic': 'Financial Markets', 'relevance_score': '0.990999'}], 'overall_sentiment_score': 0.291991, 'overall_sentiment_label': 'Somewhat-Bullish', 'ticker_sentiment': [{'ticker': 'RXST', 'relevance_score': '0.592742', 'ticker_sentiment_score': '0.353022', 'ticker_sentiment_label': 'Bullish'}]}, {'title': 'Why This Top 4% Biotech Just Catapulted To A Record High', 'url': 'https://www.investors.com/news/technology/merus-stock-petosemtamab-keytruda-head-and-neck-cancer/', 'time_published': '20240524T142600', 'authors': ["Investor's Business Daily", 'ALLISON GATLIN'], 'summary': "Merus Stock Catapults To Record High After Beating Expectations In Highly Anticipated Cancer Test Investor's Business Daily ...", 'banner_image': 'https://www.investors.com/wp-content/uploads/2024/05/Stock-Merus-01-shutt.jpg', 'source': 'Investors Business Daily', 'category_within_source': 'n/a', 'source_domain': 'www.investors.com', 'topics': [{'topic': 'Life Sciences', 'relevance_score': '1.0'}, {'topic': 'Financial Markets', 'relevance_score': '0.955357'}], 'overall_sentiment_score': 0.088389, 'overall_sentiment_label': 'Neutral', 'ticker_sentiment': [{'ticker': 'RXST', 'relevance_score': '0.108466', 'ticker_sentiment_score': '0.323755', 'ticker_sentiment_label': 'Somewhat-Bullish'}]}, {'title': 'Guardant Soars On A Key Colon Cancer Win; Exact Sciences Dives', 'url': 'https://www.investors.com/news/technology/guardant-health-stock-fda-advisory-committee-blood-based-colon-cancer-screening-test-shield/', 'time_published': '20240524T130300', 'authors': ["Investor's Business Daily", 'ALLISON GATLIN'], 'summary': "Guardant Health Stock Rockets After FDA Panel Recommends Approval For Blood-Based Colon Cancer Test Investor's Business Daily ...", 'banner_image': 'https://www.investors.com/wp-content/uploads/2017/09/Stock-drugResearch01-adobe-.jpg', 'source': 'Investors Business Daily', 'category_within_source': 'n/a', 'source_domain': 'www.investors.com', 'topics': [{'topic': 'Life Sciences', 'relevance_score': '1.0'}, {'topic': 'Financial Markets', 'relevance_score': '0.977154'}], 'overall_sentiment_score': 0.210001, 'overall_sentiment_label': 'Somewhat-Bullish', 'ticker_sentiment': [{'ticker': 'GH', 'relevance_score': '0.421485', 'ticker_sentiment_score': '-0.214224', 'ticker_sentiment_label': 'Somewhat-Bearish'}, {'ticker': 'RXST', 'relevance_score': '0.146916', 'ticker_sentiment_score': '0.369194', 'ticker_sentiment_label': 'Bullish'}, {'ticker': 'EXAS', 'relevance_score': '0.421485', 'ticker_sentiment_score': '-0.339', 'ticker_sentiment_label': 'Somewhat-Bearish'}, {'ticker': 'PFE', 'relevance_score': '0.146916', 'ticker_sentiment_score': '-0.11025', 'ticker_sentiment_label': 'Neutral'}]}]}
[DEBUG][AlphaVantage] Parsed 5 articles for RXST
✅ Got 5 Alpha Vantage news articles for RXST
[DEBUG][Reddit] Raw response for RXST: 200 {"kind": "Listing", "data": {"modhash": "", "dist": 2, "facets": {}, "after": null, "geo_filter": "", "children": [{"kind": "t3", "data": {"approved_at_utc": null, "subreddit": "stocks", "selftext": "New trader here but definitely enjoying the chasm of knowledge I'm falling into. Just a disclosure I've already bought 40 shares of RXST but wanted to get peoples thoughts on the company and medical stocks in general. As a myope I've definitely been considering their implantable lenses and I think t
[DEBUG][Reddit] Parsed 2 articles for RXST
✅ Got 2 Reddit posts for RXST
✅ Got 8 Finnhub news articles for RXST
[DEBUG][YahooFinance] Raw response for RXST: 429 Too Many Requests

2025-07-10 15:48:20,723 | ERROR    | ERROR | trading_errors:0 | get_yahoo_finance_news error for RXST: 429 Client Error: Too Many Requests for url: https://feeds.finance.yahoo.com/rss/2.0/headline?s=RXST&region=US&lang=en-US
ERROR:trading_errors:get_yahoo_finance_news error for RXST: 429 Client Error: Too Many Requests for url: https://feeds.finance.yahoo.com/rss/2.0/headline?s=RXST&region=US&lang=en-US
✅ Got 0 Yahoo Finance news articles for RXST
[DEBUG] Filtered 7 stock-specific news articles for RXST (from 15 total)
[DEBUG] News source counts: Reddit=2, Benzinga=1, Finnhub=1, Yahoo=3
✅ Added 3 news items for RXST from 4 sources
[DEBUG] Available gainers: ['SUGP', 'EVOK', 'CLDI', 'BMGL', 'SCAG', 'EEIQ', 'SHFS', 'CELZ', 'EGG']
[DEBUG] Available losers: ['PHH', 'BMNR', 'RXST', 'BGL', 'EVTL', 'PET', 'BTCS', 'BCTX']
🔍 Processing gainer SUGP (1/3)...
[DEBUG][AlphaVantage] Raw response for SUGP: {'items': '12', 'sentiment_score_definition': 'x <= -0.35: Bearish; -0.35 < x <= -0.15: Somewhat-Bearish; -0.15 < x < 0.15: Neutral; 0.15 <= x < 0.35: Somewhat_Bullish; x >= 0.35: Bullish', 'relevance_score_definition': '0 < x <= 1, with a higher score indicating higher relevance.', 'feed': [{'title': 'Crude Oil Moves Higher; RxSight Shares Plunge - BitMine Immersion Techs  ( AMEX:BMNR ) , Calidi Biotherapeutics  ( AMEX:CLDI ) ', 'url': 'https://www.benzinga.com/markets/market-summary/25/07/46327297/crude-oil-moves-higher-rxsight-shares-plunge', 'time_published': '20250709T173345', 'authors': ['Avi Kapoor'], 'summary': 'U.S. stocks traded higher midway through trading, with the Nasdaq Composite gaining more than 100 points on Wednesday. The Dow traded up 0.18% to 44,319.31 while the NASDAQ gained 0.62% to 20,545.29. The S&P 500 also rose, gaining, 0.31% to 6,245.11. Communication services shares jumped by 1.1% ...', 'banner_image': 'https://cdn.benzinga.com/files/images/story/2025/07/09/Oil-Tanker-Underway-Towards-Open-Sea--Cr.jpeg?width=1200&height=800&fit=crop', 'source': 'Benzinga', 'category_within_source': 'Trading', 'source_domain': 'www.benzinga.com', 'topics': [{'topic': 'Life Sciences', 'relevance_score': '0.5'}, {'topic': 'IPO', 'relevance_score': '0.158519'}, {'topic': 'Financial Markets', 'relevance_score': '0.214378'}, {'topic': 'Technology', 'relevance_score': '0.5'}], 'overall_sentiment_score': 0.134939, 'overall_sentiment_label': 'Neutral', 'ticker_sentiment': [{'ticker': 'BMNR', 'relevance_score': '0.29234', 'ticker_sentiment_score': '0.341889', 'ticker_sentiment_label': 'Somewhat-Bullish'}, {'ticker': 'EVTL', 'relevance_score': '0.197413', 'ticker_sentiment_score': '-0.094816', 'ticker_sentiment_label': 'Neutral'}, {'ticker': 'RXST', 'relevance_score': '0.197413', 'ticker_sentiment_score': '0.141361', 'ticker_sentiment_label': 'Neutral'}, {'ticker': 'SUGP', 'relevance_score': '0.197413', 'ticker_sentiment_score': '0.3287', 'ticker_sentiment_label': 'Somewhat-Bullish'}, {'ticker': 'EVOK', 'relevance_score': '0.197413', 'ticker_sentiment_score': '0.014821', 'ticker_sentiment_label': 'Neutral'}]}, {'title': 'Dow Jumps 200 Points; US Wholesale Inventories Fall 0.3% In May - Calidi Biotherapeutics  ( AMEX:CLDI ) , Blue Gold  ( NASDAQ:BGL ) ', 'url': 'https://www.benzinga.com/news/25/07/46321522/dow-jumps-200-points-us-wholesale-inventories-fall-0-3-in-may', 'time_published': '20250709T143655', 'authors': ['Avi Kapoor'], 'summary': 'U.S. stocks traded higher this morning, with the Dow Jones index gaining more than 200 points on Wednesday. Following the market opening Wednesday, the Dow traded up 0.46% to 44,442.42 while the NASDAQ gained 0.95% to 20,611.65. The S&P 500 also rose, gaining, 0.60% to 6,262.70.', 'banner_image': 'https://cdn.benzinga.com/files/images/story/2025/07/09/Portland--Or--Usa---Mar-12--2020-Dow-Jon.jpeg?width=1200&height=800&fit=crop', 'source': 'Benzinga', 'category_within_source': 'Trading', 'source_domain': 'www.benzinga.com', 'topics': [{'topic': 'Life Sciences', 'relevance_score': '0.5'}, {'topic': 'Technology', 'relevance_score': '0.5'}, {'topic': 'Financial Markets', 'relevance_score': '0.161647'}], 'overall_sentiment_score': 0.184795, 'overall_sentiment_label': 'Somewhat-Bullish', 'ticker_sentiment': [{'ticker': 'PHH', 'relevance_score': '0.207571', 'ticker_sentiment_score': '0.416259', 'ticker_sentiment_label': 'Bullish'}, {'ticker': 'RXST', 'relevance_score': '0.207571', 'ticker_sentiment_score': '0.146826', 'ticker_sentiment_label': 'Neutral'}, {'ticker': 'SUGP', 'relevance_score': '0.207571', 'ticker_sentiment_score': '0.34045', 'ticker_sentiment_label': 'Somewhat-Bullish'}, {'ticker': 'EVOK', 'relevance_score': '0.207571', 'ticker_sentiment_score': '0.015402', 'ticker_sentiment_label': 'Neutral'}]}, {'title': "SU Group Announces US$4.4 Million Win; Represents Largest Contract in Company's History - SU Group Holdings  ( NASDAQ:SUGP ) ", 'url': 'https://www.benzinga.com/pressreleases/24/11/n41896464/su-group-announces-us-4-4-million-win-represents-largest-contract-in-companys-history', 'time_published': '20241112T120000', 'authors': ['PRNewswire'], 'summary': 'HONG KONG, Nov. 12, 2024 /PRNewswire/ -- SU Group Holdings Limited SUGP ( "SU Group" or the "Company" ) , an integrated security-related engineering services company in Hong Kong, today announced a US$4.4 million win, representing the largest contract in the Company\'s history.', 'banner_image': 'https://mma.prnewswire.com/media/2327750/logo_Logo.jpg', 'source': 'Benzinga', 'category_within_source': 'News', 'source_domain': 'www.benzinga.com', 'topics': [{'topic': 'Earnings', 'relevance_score': '0.108179'}, {'topic': 'Technology', 'relevance_score': '1.0'}, {'topic': 'Financial Markets', 'relevance_score': '0.650727'}], 'overall_sentiment_score': 0.188623, 'overall_sentiment_label': 'Somewhat-Bullish', 'ticker_sentiment': [{'ticker': 'SUGP', 'relevance_score': '0.118064', 'ticker_sentiment_score': '0.01704', 'ticker_sentiment_label': 'Neutral'}, {'ticker': 'CURN', 'relevance_score': '0.039483', 'ticker_sentiment_score': '0.056258', 'ticker_sentiment_label': 'Neutral'}]}, {'title': "Hong Kong's Labour Department Certifies SU Group Under Good Employer Charter - SU Group Holdings  ( NASDAQ:SUGP ) ", 'url': 'https://www.benzinga.com/pressreleases/24/09/n41046364/hong-kongs-labour-department-certifies-su-group-under-good-employer-charter', 'time_published': '20240926T130000', 'authors': ['PRNewswire'], 'summary': 'HONG KONG, Sept. 26, 2024 /PRNewswire/ -- SU Group Holdings Limited SUGP ( "SU Group" or the "Company" ) , an integrated security-related engineering services company in Hong Kong, today announced Hong Kong\'s Labour Department certified its wholly owned unit, Shine Union Limited, under the Good ...', 'banner_image': 'https://mma.prnewswire.com/media/2327750/logo_Logo.jpg', 'source': 'Benzinga', 'category_within_source': 'News', 'source_domain': 'www.benzinga.com', 'topics': [{'topic': 'Technology', 'relevance_score': '1.0'}, {'topic': 'Financial Markets', 'relevance_score': '0.650727'}], 'overall_sentiment_score': 0.261875, 'overall_sentiment_label': 'Somewhat-Bullish', 'ticker_sentiment': [{'ticker': 'SUGP', 'relevance_score': '0.125898', 'ticker_sentiment_score': '0.020055', 'ticker_sentiment_label': 'Neutral'}, {'ticker': 'CURN', 'relevance_score': '0.042122', 'ticker_sentiment_score': '0.067441', 'ticker_sentiment_label': 'Neutral'}]}, {'title': 'SU Group to Ring Nasdaq Closing Bell on Tuesday, July 2, 2024', 'url': 'https://www.prnewswire.com/news-releases/su-group-to-ring-nasdaq-closing-bell-on-tuesday-july-2-2024-302186488.html', 'time_published': '20240701T120000', 'authors': ['SU Group Holdings Limited'], 'summary': 'HONG KONG, July 1, 2024 /PRNewswire/ -- SU Group Holdings Limited ( Nasdaq: SUGP ) ( "SU Group" or the "Company" ) , an integrated security-related engineering services company in Hong Kong, today announced that it will be ringing the Nasdaq closing bell on Tuesday, July 2, 2024.', 'banner_image': 'https://mma.prnewswire.com/media/2327750/logo_Logo.jpg?p=facebook', 'source': 'PR Newswire', 'category_within_source': 'n/a', 'source_domain': 'www.prnewswire.com', 'topics': [{'topic': 'IPO', 'relevance_score': '0.158519'}, {'topic': 'Technology', 'relevance_score': '1.0'}, {'topic': 'Financial Markets', 'relevance_score': '0.495866'}], 'overall_sentiment_score': 0.190887, 'overall_sentiment_label': 'Somewhat-Bullish', 'ticker_sentiment': [{'ticker': 'SUGP', 'relevance_score': '0.21961', 'ticker_sentiment_score': '0.035692', 'ticker_sentiment_label': 'Neutral'}, {'ticker': 'CURN', 'relevance_score': '0.044469', 'ticker_sentiment_score': '0.068673', 'ticker_sentiment_label': 'Neutral'}]}, {'title': 'SU Group Holdings Reports First Half Fiscal Year 2024 Results', 'url': 'https://www.prnewswire.com/news-releases/su-group-holdings-reports-first-half-fiscal-year-2024-results-302186494.html', 'time_published': '20240701T110000', 'authors': ['SU Group Holdings Limited'], 'summary': '- 11.7% YoY Increase in Security Guarding and Screening Services Segment Revenues- Cash and Cash Equivalents Increase Nearly 200% YoY', 'banner_image': 'https://mma.prnewswire.com/media/2327750/logo_Logo.jpg?p=facebook', 'source': 'PR Newswire', 'category_within_source': 'n/a', 'source_domain': 'www.prnewswire.com', 'topics': [{'topic': 'IPO', 'relevance_score': '0.310843'}, {'topic': 'Financial Markets', 'relevance_score': '0.650727'}, {'topic': 'Earnings', 'relevance_score': '0.972756'}, {'topic': 'Technology', 'relevance_score': '1.0'}, {'topic': 'Economy - Macro', 'relevance_score': '0.158519'}], 'overall_sentiment_score': 0.209925, 'overall_sentiment_label': 'Somewhat-Bullish', 'ticker_sentiment': [{'ticker': 'SUGP', 'relevance_score': '0.122269', 'ticker_sentiment_score': '-0.006918', 'ticker_sentiment_label': 'Neutral'}, {'ticker': 'CURN', 'relevance_score': '0.024546', 'ticker_sentiment_score': '0.06465', 'ticker_sentiment_label': 'Neutral'}, {'ticker': 'FOREX:USD', 'relevance_score': '0.024546', 'ticker_sentiment_score': '0.0009', 'ticker_sentiment_label': 'Neutral'}]}, {'title': 'SU Group Set to Expands Market Reach and Profit Margins with Exclusive Distribution Agreement - SU Group Holdings  ( NASDAQ:SUGP ) ', 'url': 'https://www.benzinga.com/pressreleases/24/06/n39378607/su-group-set-to-expands-market-reach-and-profit-margins-with-exclusive-distribution-agreement', 'time_published': '20240618T130000', 'authors': ['PRNewswire'], 'summary': 'HONG KONG, June 18, 2024 /PRNewswire/ -- SU Group Holdings Limited SUGP ( "SU Group" or the "Company" ) , an integrated security-related engineering services company in Hong Kong, today announced it has expanded its security products and solutions portfolio after agreeing to become the exclusive ...', 'banner_image': 'https://www.benzinga.com/next-assets/images/schema-image-default.png', 'source': 'Benzinga', 'category_within_source': 'News', 'source_domain': 'www.benzinga.com', 'topics': [{'topic': 'Earnings', 'relevance_score': '0.538269'}, {'topic': 'Technology', 'relevance_score': '1.0'}, {'topic': 'Financial Markets', 'relevance_score': '0.650727'}], 'overall_sentiment_score': 0.263689, 'overall_sentiment_label': 'Somewhat-Bullish', 'ticker_sentiment': [{'ticker': 'SUGP', 'relevance_score': '0.128592', 'ticker_sentiment_score': '0.092404', 'ticker_sentiment_label': 'Neutral'}, {'ticker': 'CURN', 'relevance_score': '0.04303', 'ticker_sentiment_score': '0.068536', 'ticker_sentiment_label': 'Neutral'}]}, {'title': 'Why NVIDIA Shares Are Trading Higher By Over 6%; Here Are 20 Stocks Moving Premarket - NVIDIA  ( NASDAQ:NVDA ) ', 'url': 'https://www.benzinga.com/news/24/05/38984489/why-nvidia-shares-are-trading-higher-by-over-6-here-are-20-stocks-moving-premarket', 'time_published': '20240523T123923', 'authors': ['Avi Kapoor'], 'summary': "Shares of NVIDIA Corporation NVDA rose sharply in today's pre-market trading after the company reported better-than-expected financial results for its first quarter and issued strong guidance for the second quarter. The company announced a 10-for-1 stock split and raised its quarterly dividend by ...", 'banner_image': 'https://cdn.benzinga.com/files/images/story/2024/05/23/Nvidia.jpeg?width=1200&height=800&fit=crop', 'source': 'Benzinga', 'category_within_source': 'Markets', 'source_domain': 'www.benzinga.com', 'topics': [{'topic': 'Life Sciences', 'relevance_score': '0.2'}, {'topic': 'Technology', 'relevance_score': '0.2'}, {'topic': 'IPO', 'relevance_score': '0.158519'}, {'topic': 'Retail & Wholesale', 'relevance_score': '0.2'}, {'topic': 'Financial Markets', 'relevance_score': '1.0'}, {'topic': 'Manufacturing', 'relevance_score': '0.2'}, {'topic': 'Earnings', 'relevance_score': '0.839681'}, {'topic': 'Real Estate & Construction', 'relevance_score': '0.2'}], 'overall_sentiment_score': 0.212861, 'overall_sentiment_label': 'Somewhat-Bullish', 'ticker_sentiment': [{'ticker': 'DMTK', 'relevance_score': '0.147818', 'ticker_sentiment_score': '-0.059779', 'ticker_sentiment_label': 'Neutral'}, {'ticker': 'RDZN', 'relevance_score': '0.147818', 'ticker_sentiment_score': '-0.055454', 'ticker_sentiment_label': 'Neutral'}, {'ticker': 'NVDA', 'relevance_score': '0.220141', 'ticker_sentiment_score': '0.394405', 'ticker_sentiment_label': 'Bullish'}, {'ticker': 'GWAV', 'relevance_score': '0.147818', 'ticker_sentiment_score': '0.210557', 'ticker_sentiment_label': 'Somewhat-Bullish'}, {'ticker': 'STSS', 'relevance_score': '0.147818', 'ticker_sentiment_score': '0.466869', 'ticker_sentiment_label': 'Bullish'}, {'ticker': 'AMV', 'relevance_score': '0.220141', 'ticker_sentiment_score': '0.085691', 'ticker_sentiment_label': 'Neutral'}, {'ticker': 'XELA', 'relevance_score': '0.220141', 'ticker_sentiment_score': '-0.065449', 'ticker_sentiment_label': 'Neutral'}, {'ticker': 'SUGP', 'relevance_score': '0.147818', 'ticker_sentiment_score': '0.077796', 'ticker_sentiment_label': 'Neutral'}, {'ticker': 'CYTK', 'relevance_score': '0.220141', 'ticker_sentiment_score': '0.093302', 'ticker_sentiment_label': 'Neutral'}, {'ticker': 'MGOL', 'relevance_score': '0.147818', 'ticker_sentiment_score': '-0.055454', 'ticker_sentiment_label': 'Neutral'}, {'ticker': 'BNED', 'relevance_score': '0.147818', 'ticker_sentiment_score': '-0.032718', 'ticker_sentiment_label': 'Neutral'}, {'ticker': 'RAMP', 'relevance_score': '0.147818', 'ticker_sentiment_score': '0.2973', 'ticker_sentiment_label': 'Somewhat-Bullish'}, {'ticker': 'NCPL', 'relevance_score': '0.147818', 'ticker_sentiment_score': '0.30853', 'ticker_sentiment_label': 'Somewhat-Bullish'}, {'ticker': 'ZUO', 'relevance_score': '0.147818', 'ticker_sentiment_score': '0.353174', 'ticker_sentiment_label': 'Bullish'}, {'ticker': 'AKTS', 'relevance_score': '0.147818', 'ticker_sentiment_score': '0.091698', 'ticker_sentiment_label': 'Neutral'}, {'ticker': 'MMV', 'relevance_score': '0.147818', 'ticker_sentiment_score': '-0.47277', 'ticker_sentiment_label': 'Bearish'}, {'ticker': 'ASTI', 'relevance_score': '0.147818', 'ticker_sentiment_score': '0.0', 'ticker_sentiment_label': 'Neutral'}, {'ticker': 'ISPC', 'relevance_score': '0.147818', 'ticker_sentiment_score': '0.320978', 'ticker_sentiment_label': 'Somewhat-Bullish'}, {'ticker': 'MBIO', 'relevance_score': '0.147818', 'ticker_sentiment_score': '0.045184', 'ticker_sentiment_label': 'Neutral'}]}, {'title': 'SU Group Successfully Implements Virtual Call Center to Support Growth', 'url': 'https://www.prnewswire.com/news-releases/su-group-successfully-implements-virtual-call-center-to-support-growth-302116679.html', 'time_published': '20240415T123000', 'authors': ['SU Group Holdings Limited'], 'summary': 'HONG KONG, April 15, 2024 /PRNewswire/ -- SU Group Holdings Limited ( Nasdaq: SUGP ) ( "SU Group" or the "Company" ) , an integrated security-related engineering services company in Hong Kong, today announced it has successfully implemented a Virtual Call Center ( "VCC" ) to support its business ...', 'banner_image': 'https://mma.prnewswire.com/media/2327750/logo_Logo.jpg?p=facebook', 'source': 'PR Newswire', 'category_within_source': 'n/a', 'source_domain': 'www.prnewswire.com', 'topics': [{'topic': 'Earnings', 'relevance_score': '0.360215'}, {'topic': 'Technology', 'relevance_score': '1.0'}, {'topic': 'Financial Markets', 'relevance_score': '0.495866'}], 'overall_sentiment_score': 0.212283, 'overall_sentiment_label': 'Somewhat-Bullish', 'ticker_sentiment': [{'ticker': 'SUGP', 'relevance_score': '0.224072', 'ticker_sentiment_score': '0.15329', 'ticker_sentiment_label': 'Somewhat-Bullish'}, {'ticker': 'CURN', 'relevance_score': '0.045396', 'ticker_sentiment_score': '0.029901', 'ticker_sentiment_label': 'Neutral'}]}, {'title': 'Why FedEx Shares Are Trading Higher By Around 12%; Here Are 20 Stocks Moving Premarket - FedEx  ( NYSE:FDX ) ', 'url': 'https://www.benzinga.com/news/24/03/37889416/why-fedex-shares-are-trading-higher-by-around-12-here-are-20-stocks-moving-premarket', 'time_published': '20240322T121057', 'authors': ['Avi Kapoor'], 'summary': "Shares of FedEx Corporation FDX rose sharply in today's pre-market trading after the company reported better-than-expected earnings for its third quarter and authorized a new $5 billion share repurchase program.", 'banner_image': 'https://cdn.benzinga.com/files/images/story/2024/03/22/image11.jpg?width=1200&height=800&fit=crop', 'source': 'Benzinga', 'category_within_source': 'Trading', 'source_domain': 'www.benzinga.com', 'topics': [{'topic': 'Life Sciences', 'relevance_score': '0.2'}, {'topic': 'Energy & Transportation', 'relevance_score': '0.2'}, {'topic': 'Technology', 'relevance_score': '0.2'}, {'topic': 'Retail & Wholesale', 'relevance_score': '0.2'}, {'topic': 'Financial Markets', 'relevance_score': '0.882182'}, {'topic': 'Manufacturing', 'relevance_score': '0.2'}, {'topic': 'Earnings', 'relevance_score': '0.9545'}], 'overall_sentiment_score': 0.154651, 'overall_sentiment_label': 'Somewhat-Bullish', 'ticker_sentiment': [{'ticker': 'PYXS', 'relevance_score': '0.151539', 'ticker_sentiment_score': '-0.230264', 'ticker_sentiment_label': 'Somewhat-Bearish'}, {'ticker': 'BEAT', 'relevance_score': '0.151539', 'ticker_sentiment_score': '0.154644', 'ticker_sentiment_label': 'Somewhat-Bullish'}, {'ticker': 'NKE', 'relevance_score': '0.151539', 'ticker_sentiment_score': '0.120233', 'ticker_sentiment_label': 'Neutral'}, {'ticker': 'SLNA', 'relevance_score': '0.151539', 'ticker_sentiment_score': '-0.240485', 'ticker_sentiment_label': 'Somewhat-Bearish'}, {'ticker': 'SUGP', 'relevance_score': '0.151539', 'ticker_sentiment_score': '-0.155731', 'ticker_sentiment_label': 'Somewhat-Bearish'}, {'ticker': 'ASST', 'relevance_score': '0.2256', 'ticker_sentiment_score': '0.129929', 'ticker_sentiment_label': 'Neutral'}, {'ticker': 'ISPR', 'relevance_score': '0.151539', 'ticker_sentiment_score': '-0.255791', 'ticker_sentiment_label': 'Somewhat-Bearish'}, {'ticker': 'JOAN', 'relevance_score': '0.151539', 'ticker_sentiment_score': '-0.060728', 'ticker_sentiment_label': 'Neutral'}, {'ticker': 'GRDI', 'relevance_score': '0.151539', 'ticker_sentiment_score': '0.0', 'ticker_sentiment_label': 'Neutral'}, {'ticker': 'LULU', 'relevance_score': '0.151539', 'ticker_sentiment_score': '-0.181582', 'ticker_sentiment_label': 'Somewhat-Bearish'}, {'ticker': 'BIOL', 'relevance_score': '0.151539', 'ticker_sentiment_score': '0.355506', 'ticker_sentiment_label': 'Bullish'}, {'ticker': 'FDX', 'relevance_score': '0.297661', 'ticker_sentiment_score': '0.301816', 'ticker_sentiment_label': 'Somewhat-Bullish'}, {'ticker': 'WS', 'relevance_score': '0.151539', 'ticker_sentiment_score': '0.146943', 'ticker_sentiment_label': 'Neutral'}, {'ticker': 'MTC', 'relevance_score': '0.151539', 'ticker_sentiment_score': '0.141226', 'ticker_sentiment_label': 'Neutral'}, {'ticker': 'ABTS', 'relevance_score': '0.151539', 'ticker_sentiment_score': '-0.22515', 'ticker_sentiment_label': 'Somewhat-Bearish'}, {'ticker': 'NVFY', 'relevance_score': '0.151539', 'ticker_sentiment_score': '0.213634', 'ticker_sentiment_label': 'Somewhat-Bullish'}, {'ticker': 'OCGN', 'relevance_score': '0.2256', 'ticker_sentiment_score': '0.318714', 'ticker_sentiment_label': 'Somewhat-Bullish'}]}, {'title': "One of the World's Top 5 Freight Services Company Selects SU Group for Enhanced Threat Detection", 'url': 'https://www.prnewswire.com/news-releases/one-of-the-worlds-top-5-freight-services-company-selects-su-group-for-enhanced-threat-detection-302065535.html', 'time_published': '20240220T130000', 'authors': ['SU Group Holdings Limited'], 'summary': 'HONG KONG, Feb. 20, 2024 /PRNewswire/ -- SU Group Holdings Limited ( Nasdaq: SUGP ) ( "SU Group" or the "Company" ) , an integrated security-related engineering services company in Hong Kong, today announced that one of the world\'s top 5 freight services company has selected SU Group for a ...', 'banner_image': 'https://mma.prnewswire.com/media/2327750/logo_Logo.jpg?p=facebook', 'source': 'PR Newswire', 'category_within_source': 'n/a', 'source_domain': 'www.prnewswire.com', 'topics': [{'topic': 'Technology', 'relevance_score': '1.0'}, {'topic': 'Financial Markets', 'relevance_score': '0.495866'}], 'overall_sentiment_score': 0.219658, 'overall_sentiment_label': 'Somewhat-Bullish', 'ticker_sentiment': [{'ticker': 'SUGP', 'relevance_score': '0.210457', 'ticker_sentiment_score': '0.039843', 'ticker_sentiment_label': 'Neutral'}, {'ticker': 'CURN', 'relevance_score': '0.042571', 'ticker_sentiment_score': '0.044664', 'ticker_sentiment_label': 'Neutral'}]}, {'title': 'SU Group Wins Major Customer Security Project', 'url': 'https://www.prnewswire.com/news-releases/su-group-wins-major-customer-security-project-302059313.html', 'time_published': '20240212T120000', 'authors': ['SU Group Holdings Limited'], 'summary': 'HONG KONG, Feb. 12, 2024 /PRNewswire/ -- SU Group Holdings Limited ( Nasdaq: SUGP ) ( "SU Group" or the "Company" ) , an integrated security-related engineering services company in Hong Kong, today announced it has won a major customer security project to provide security engineering services ...', 'banner_image': 'https://mma.prnewswire.com/media/2327750/logo_Logo.jpg?p=facebook', 'source': 'PR Newswire', 'category_within_source': 'n/a', 'source_domain': 'www.prnewswire.com', 'topics': [{'topic': 'Technology', 'relevance_score': '1.0'}, {'topic': 'Financial Markets', 'relevance_score': '0.310843'}], 'overall_sentiment_score': 0.200473, 'overall_sentiment_label': 'Somewhat-Bullish', 'ticker_sentiment': [{'ticker': 'SUGP', 'relevance_score': '0.16099', 'ticker_sentiment_score': '0.013589', 'ticker_sentiment_label': 'Neutral'}]}]}
[DEBUG][AlphaVantage] Parsed 5 articles for SUGP
✅ Got 5 Alpha Vantage news articles for SUGP
[DEBUG][Reddit] Raw response for SUGP: 200 {"kind": "Listing", "data": {"modhash": "", "dist": 0, "facets": {}, "after": null, "geo_filter": "", "children": [], "before": null}}
[DEBUG][Reddit] Parsed 0 articles for SUGP
✅ Got 0 Reddit posts for SUGP
✅ Got 2 Finnhub news articles for SUGP
[DEBUG][YahooFinance] Raw response for SUGP: 429 Too Many Requests

2025-07-10 15:48:25,155 | ERROR    | ERROR | trading_errors:0 | get_yahoo_finance_news error for SUGP: 429 Client Error: Too Many Requests for url: https://feeds.finance.yahoo.com/rss/2.0/headline?s=SUGP&region=US&lang=en-US
ERROR:trading_errors:get_yahoo_finance_news error for SUGP: 429 Client Error: Too Many Requests for url: https://feeds.finance.yahoo.com/rss/2.0/headline?s=SUGP&region=US&lang=en-US
✅ Got 0 Yahoo Finance news articles for SUGP
[DEBUG] Filtered 5 stock-specific news articles for SUGP (from 7 total)
[DEBUG] News source counts: PR Newswire=1, Benzinga=2, Yahoo=2
🔍 Using Ollama (local) for sentiment analysis...
📝 News content being analyzed:
   Stock-specific news: 5 articles
   General news: 0 articles
   Total weight: 15.0
   News text length: 5538 characters
🔍 Ollama response for sentiment analysis:
   Content: {
    "sentiment_score": -0.2,
    "confidence": 0.6,
    "summary": "SU Group announces multiple contract wins and achievements, with a record-breaking US$11.3 million hospital contract, but reports a loss in its first half of 2025 earnings."...
   Content length: 243
⚠️ Direct JSON parsing failed: Expecting ',' delimiter: line 4 column 190 (char 243)
[ERROR] Could not parse AI response: {
    "sentiment_score": -0.2,
    "confidence": 0.6,
    "summary": "SU Group announces multiple contract wins and achievements, with a record-breaking US$11.3 million hospital contract, but reports a loss in its first half of 2025 earnings."... Exception: No JSON brackets found in response: {
    "sentiment_score": -0.2,
    "confidence": 0.6,
    "summary": "SU Group announces multiple contract wins and achievements, with a record-breaking US$11.3 million hospital contract, but reports ...
✅ Saved gainer SUGP (1/3)
🔍 Processing gainer EVOK (2/3)...
[DEBUG][AlphaVantage] Raw response for EVOK: {'items': '50', 'sentiment_score_definition': 'x <= -0.35: Bearish; -0.35 < x <= -0.15: Somewhat-Bearish; -0.15 < x < 0.15: Neutral; 0.15 <= x < 0.35: Somewhat_Bullish; x >= 0.35: Bullish', 'relevance_score_definition': '0 < x <= 1, with a higher score indicating higher relevance.', 'feed': [{'title': 'Crude Oil Moves Higher; RxSight Shares Plunge - BitMine Immersion Techs  ( AMEX:BMNR ) , Calidi Biotherapeutics  ( AMEX:CLDI ) ', 'url': 'https://www.benzinga.com/markets/market-summary/25/07/46327297/crude-oil-moves-higher-rxsight-shares-plunge', 'time_published': '20250709T173345', 'authors': ['Avi Kapoor'], 'summary': 'U.S. stocks traded higher midway through trading, with the Nasdaq Composite gaining more than 100 points on Wednesday. The Dow traded up 0.18% to 44,319.31 while the NASDAQ gained 0.62% to 20,545.29. The S&P 500 also rose, gaining, 0.31% to 6,245.11. Communication services shares jumped by 1.1% ...', 'banner_image': 'https://cdn.benzinga.com/files/images/story/2025/07/09/Oil-Tanker-Underway-Towards-Open-Sea--Cr.jpeg?width=1200&height=800&fit=crop', 'source': 'Benzinga', 'category_within_source': 'Trading', 'source_domain': 'www.benzinga.com', 'topics': [{'topic': 'Life Sciences', 'relevance_score': '0.5'}, {'topic': 'IPO', 'relevance_score': '0.158519'}, {'topic': 'Financial Markets', 'relevance_score': '0.214378'}, {'topic': 'Technology', 'relevance_score': '0.5'}], 'overall_sentiment_score': 0.134939, 'overall_sentiment_label': 'Neutral', 'ticker_sentiment': [{'ticker': 'BMNR', 'relevance_score': '0.29234', 'ticker_sentiment_score': '0.341889', 'ticker_sentiment_label': 'Somewhat-Bullish'}, {'ticker': 'EVTL', 'relevance_score': '0.197413', 'ticker_sentiment_score': '-0.094816', 'ticker_sentiment_label': 'Neutral'}, {'ticker': 'RXST', 'relevance_score': '0.197413', 'ticker_sentiment_score': '0.141361', 'ticker_sentiment_label': 'Neutral'}, {'ticker': 'SUGP', 'relevance_score': '0.197413', 'ticker_sentiment_score': '0.3287', 'ticker_sentiment_label': 'Somewhat-Bullish'}, {'ticker': 'EVOK', 'relevance_score': '0.197413', 'ticker_sentiment_score': '0.014821', 'ticker_sentiment_label': 'Neutral'}]}, {'title': "Evoke Pharma  ( EVOK )  Shares Skyrocket On New Patent: What's Going On? - Evoke Pharma  ( NASDAQ:EVOK ) ", 'url': 'https://www.benzinga.com/trading-ideas/movers/25/07/46322915/evoke-pharma-evok-shares-skyrocket-on-new-patent-whats-going-on', 'time_published': '20250709T151502', 'authors': ['Henry Khederian'], 'summary': "Shares of Evoke Pharma are trading sharply higher Wednesday morning. The specialty pharma company received a U.S. Patent Office Notice of Allowance for a new patent on its lead product, GIMOTI. From tariffs to inflation, macro risks are rising-Matt Maley reveals how he's trading it all, live ...", 'banner_image': 'https://cdn.benzinga.com/files/images/story/2025/07/09/Lab-Pharma-Pharmeuticals.jpeg?width=1200&height=800&fit=crop', 'source': 'Benzinga', 'category_within_source': 'News', 'source_domain': 'www.benzinga.com', 'topics': [{'topic': 'Economy - Monetary', 'relevance_score': '0.158519'}, {'topic': 'Life Sciences', 'relevance_score': '1.0'}, {'topic': 'Financial Markets', 'relevance_score': '0.999822'}], 'overall_sentiment_score': 0.195993, 'overall_sentiment_label': 'Somewhat-Bullish', 'ticker_sentiment': [{'ticker': 'EVOK', 'relevance_score': '0.544869', 'ticker_sentiment_score': '0.267617', 'ticker_sentiment_label': 'Somewhat-Bullish'}]}, {'title': 'Dow Jumps 200 Points; US Wholesale Inventories Fall 0.3% In May - Calidi Biotherapeutics  ( AMEX:CLDI ) , Blue Gold  ( NASDAQ:BGL ) ', 'url': 'https://www.benzinga.com/news/25/07/46321522/dow-jumps-200-points-us-wholesale-inventories-fall-0-3-in-may', 'time_published': '20250709T143655', 'authors': ['Avi Kapoor'], 'summary': 'U.S. stocks traded higher this morning, with the Dow Jones index gaining more than 200 points on Wednesday. Following the market opening Wednesday, the Dow traded up 0.46% to 44,442.42 while the NASDAQ gained 0.95% to 20,611.65. The S&P 500 also rose, gaining, 0.60% to 6,262.70.', 'banner_image': 'https://cdn.benzinga.com/files/images/story/2025/07/09/Portland--Or--Usa---Mar-12--2020-Dow-Jon.jpeg?width=1200&height=800&fit=crop', 'source': 'Benzinga', 'category_within_source': 'Trading', 'source_domain': 'www.benzinga.com', 'topics': [{'topic': 'Life Sciences', 'relevance_score': '0.5'}, {'topic': 'Technology', 'relevance_score': '0.5'}, {'topic': 'Financial Markets', 'relevance_score': '0.161647'}], 'overall_sentiment_score': 0.184795, 'overall_sentiment_label': 'Somewhat-Bullish', 'ticker_sentiment': [{'ticker': 'PHH', 'relevance_score': '0.207571', 'ticker_sentiment_score': '0.416259', 'ticker_sentiment_label': 'Bullish'}, {'ticker': 'RXST', 'relevance_score': '0.207571', 'ticker_sentiment_score': '0.146826', 'ticker_sentiment_label': 'Neutral'}, {'ticker': 'SUGP', 'relevance_score': '0.207571', 'ticker_sentiment_score': '0.34045', 'ticker_sentiment_label': 'Somewhat-Bullish'}, {'ticker': 'EVOK', 'relevance_score': '0.207571', 'ticker_sentiment_score': '0.015402', 'ticker_sentiment_label': 'Neutral'}]}, {'title': 'Evoke Pharma Receives Notice of Allowance for U.S. Patent Application for GIMOTI Extending Orange Book listings to 2036 - Evoke Pharma  ( NASDAQ:EVOK ) ', 'url': 'https://www.benzinga.com/pressreleases/25/07/g46316671/evoke-pharma-receives-notice-of-allowance-for-u-s-patent-application-for-gimoti-extending-orange-b', 'time_published': '20250709T121638', 'authors': ['Globe Newswire'], 'summary': 'SOLANA BEACH, Calif., July 09, 2025 ( GLOBE NEWSWIRE ) -- Evoke Pharma, Inc.', 'banner_image': 'https://www.benzinga.com/next-assets/images/schema-image-default.png', 'source': 'Benzinga', 'category_within_source': 'General', 'source_domain': 'www.benzinga.com', 'topics': [{'topic': 'Life Sciences', 'relevance_score': '1.0'}, {'topic': 'Financial Markets', 'relevance_score': '0.650727'}], 'overall_sentiment_score': -0.034184, 'overall_sentiment_label': 'Neutral', 'ticker_sentiment': [{'ticker': 'EVOK', 'relevance_score': '0.186738', 'ticker_sentiment_score': '0.147229', 'ticker_sentiment_label': 'Neutral'}]}, {'title': 'Evoke Pharma Receives Notice of Allowance for U.S. Patent Application for GIMOTI Extending Orange Book listings to 2036', 'url': 'https://www.globenewswire.com/news-release/2025/07/09/3112538/28255/en/Evoke-Pharma-Receives-Notice-of-Allowance-for-U-S-Patent-Application-for-GIMOTI-Extending-Orange-Book-listings-to-2036.html', 'time_published': '20250709T121600', 'authors': ['Evoke Pharma', 'Inc.'], 'summary': 'Extends patent exclusivity period an additional 6 years once granted Extends patent exclusivity period an additional 6 years once granted ...', 'banner_image': 'https://ml.globenewswire.com/Resource/Download/a24f6aa8-4e46-4fb8-85fc-ef0ce4548722', 'source': 'GlobeNewswire', 'category_within_source': 'n/a', 'source_domain': 'www.globenewswire.com', 'topics': [{'topic': 'Life Sciences', 'relevance_score': '1.0'}, {'topic': 'Financial Markets', 'relevance_score': '0.310843'}], 'overall_sentiment_score': -0.036705, 'overall_sentiment_label': 'Neutral', 'ticker_sentiment': [{'ticker': 'EVOK', 'relevance_score': '0.130394', 'ticker_sentiment_score': '0.128551', 'ticker_sentiment_label': 'Neutral'}]}, {'title': 'Evoke Pharma Reports First Quarter 2025 Financial Results and Provides Business Update', 'url': 'https://www.globenewswire.com/news-release/2025/05/13/3080663/28255/en/Evoke-Pharma-Reports-First-Quarter-2025-Financial-Results-and-Provides-Business-Update.html', 'time_published': '20250513T200500', 'authors': ['Inc.', 'Evoke Pharma'], 'summary': 'Q1 2025 Net Product Sales Increased 77% Year-over-Year to $3.1 Million ...', 'banner_image': 'https://ml.globenewswire.com/Resource/Download/a24f6aa8-4e46-4fb8-85fc-ef0ce4548722', 'source': 'GlobeNewswire', 'category_within_source': 'n/a', 'source_domain': 'www.globenewswire.com', 'topics': [{'topic': 'Earnings', 'relevance_score': '0.839681'}, {'topic': 'Life Sciences', 'relevance_score': '1.0'}, {'topic': 'Financial Markets', 'relevance_score': '0.650727'}], 'overall_sentiment_score': 0.133165, 'overall_sentiment_label': 'Neutral', 'ticker_sentiment': [{'ticker': 'EVOK', 'relevance_score': '0.080819', 'ticker_sentiment_score': '0.221081', 'ticker_sentiment_label': 'Somewhat-Bullish'}]}, {'title': 'Evoke Pharma to Present New Data Comparing Tardive Dyskinesia Incidence in Continuous vs Intermittent Metoclopramide Use at DDW 2025 - Evoke Pharma  ( NASDAQ:EVOK ) ', 'url': 'https://www.benzinga.com/pressreleases/25/04/g45037188/evoke-pharma-to-present-new-data-comparing-tardive-dyskinesia-incidence-in-continuous-vs-intermitt', 'time_published': '20250428T123048', 'authors': ['Globe Newswire'], 'summary': 'SOLANA BEACH, Calif., April 28, 2025 ( GLOBE NEWSWIRE ) -- Evoke Pharma, Inc.', 'banner_image': 'https://www.benzinga.com/next-assets/images/schema-image-default.png', 'source': 'Benzinga', 'category_within_source': 'News', 'source_domain': 'www.benzinga.com', 'topics': [{'topic': 'Life Sciences', 'relevance_score': '1.0'}, {'topic': 'Financial Markets', 'relevance_score': '0.650727'}], 'overall_sentiment_score': 0.002436, 'overall_sentiment_label': 'Neutral', 'ticker_sentiment': [{'ticker': 'EVOK', 'relevance_score': '0.196725', 'ticker_sentiment_score': '0.139977', 'ticker_sentiment_label': 'Neutral'}]}, {'title': 'Evoke Pharma to Report Fourth Quarter and Full Year 2024 Results on March 13, 2025 - Evoke Pharma  ( NASDAQ:EVOK ) ', 'url': 'https://www.benzinga.com/pressreleases/25/03/g44164120/evoke-pharma-to-report-fourth-quarter-and-full-year-2024-results-on-march-13-2025', 'time_published': '20250306T133028', 'authors': ['Globe Newswire'], 'summary': 'SOLANA BEACH, Calif., March 06, 2025 ( GLOBE NEWSWIRE ) -- Evoke Pharma, Inc.', 'banner_image': 'https://www.benzinga.com/next-assets/images/schema-image-default.png', 'source': 'Benzinga', 'category_within_source': 'News', 'source_domain': 'www.benzinga.com', 'topics': [{'topic': 'Life Sciences', 'relevance_score': '1.0'}, {'topic': 'Financial Markets', 'relevance_score': '0.495866'}], 'overall_sentiment_score': 0.14226, 'overall_sentiment_label': 'Neutral', 'ticker_sentiment': [{'ticker': 'EVOK', 'relevance_score': '0.260559', 'ticker_sentiment_score': '0.136773', 'ticker_sentiment_label': 'Neutral'}]}, {'title': 'Evoke Pharma to Report Fourth Quarter and Full Year 2024 Results on March 13, 2025', 'url': 'https://www.globenewswire.com/news-release/2025/03/06/3038198/28255/en/Evoke-Pharma-to-Report-Fourth-Quarter-and-Full-Year-2024-Results-on-March-13-2025.html', 'time_published': '20250306T133000', 'authors': ['Evoke Pharma', 'Inc.'], 'summary': 'SOLANA BEACH, Calif., March 06, 2025 ( GLOBE NEWSWIRE ) -- Evoke Pharma, Inc. ( NASDAQ: EVOK ) , a specialty pharmaceutical company focused on treatments for gastrointestinal ( GI ) diseases with an emphasis on Gimoti® ( metoclopramide ) nasal spray, today announced that the Company is scheduled ...', 'banner_image': 'https://ml.globenewswire.com/Resource/Download/a24f6aa8-4e46-4fb8-85fc-ef0ce4548722', 'source': 'GlobeNewswire', 'category_within_source': 'n/a', 'source_domain': 'www.globenewswire.com', 'topics': [{'topic': 'Life Sciences', 'relevance_score': '1.0'}, {'topic': 'Financial Markets', 'relevance_score': '0.310843'}], 'overall_sentiment_score': 0.133058, 'overall_sentiment_label': 'Neutral', 'ticker_sentiment': [{'ticker': 'EVOK', 'relevance_score': '0.116914', 'ticker_sentiment_score': '0.050231', 'ticker_sentiment_label': 'Neutral'}]}, {'title': 'Evoke Pharma Announces the Appointment of Greg Pyszczymuka to the Board of Directors', 'url': 'https://www.globenewswire.com/news-release/2025/02/24/3031152/28255/en/Evoke-Pharma-Announces-the-Appointment-of-Greg-Pyszczymuka-to-the-Board-of-Directors.html', 'time_published': '20250224T133000', 'authors': ['Inc.', 'Evoke Pharma'], 'summary': 'SOLANA BEACH, Calif., Feb. 24, 2025 ( GLOBE NEWSWIRE ) -- Evoke Pharma, Inc. ( NASDAQ: EVOK ) , a specialty pharmaceutical company focused primarily on treatments for gastrointestinal ( GI ) diseases with an emphasis on GIMOTI® ( metoclopramide ) nasal spray, today announced the appointment of ...', 'banner_image': 'https://ml.globenewswire.com/Resource/Download/a24f6aa8-4e46-4fb8-85fc-ef0ce4548722', 'source': 'GlobeNewswire', 'category_within_source': 'n/a', 'source_domain': 'www.globenewswire.com', 'topics': [{'topic': 'Earnings', 'relevance_score': '0.77141'}, {'topic': 'Life Sciences', 'relevance_score': '1.0'}, {'topic': 'Financial Markets', 'relevance_score': '0.310843'}], 'overall_sentiment_score': 0.286365, 'overall_sentiment_label': 'Somewhat-Bullish', 'ticker_sentiment': [{'ticker': 'EVOK', 'relevance_score': '0.124378', 'ticker_sentiment_score': '0.298259', 'ticker_sentiment_label': 'Somewhat-Bullish'}, {'ticker': 'AYTU', 'relevance_score': '0.04161', 'ticker_sentiment_score': '0.208637', 'ticker_sentiment_label': 'Somewhat-Bullish'}, {'ticker': 'LBTSF', 'relevance_score': '0.04161', 'ticker_sentiment_score': '-0.048928', 'ticker_sentiment_label': 'Neutral'}]}, {'title': 'Evoke Pharma Highlights GIMOTI as a Leading Solution for Gastroparesis Treatment as Domperidone Supply Ends', 'url': 'https://www.globenewswire.com/news-release/2024/12/19/2999868/28255/en/Evoke-Pharma-Highlights-GIMOTI-as-a-Leading-Solution-for-Gastroparesis-Treatment-as-Domperidone-Supply-Ends.html', 'time_published': '20241219T133000', 'authors': ['Inc.', 'Evoke Pharma'], 'summary': 'FDA posts update as mechanism to obtain unapproved Domperidone expected to lose supply in early ...', 'banner_image': 'https://ml.globenewswire.com/Resource/Download/a24f6aa8-4e46-4fb8-85fc-ef0ce4548722', 'source': 'GlobeNewswire', 'category_within_source': 'n/a', 'source_domain': 'www.globenewswire.com', 'topics': [{'topic': 'Life Sciences', 'relevance_score': '1.0'}, {'topic': 'Financial Markets', 'relevance_score': '0.310843'}], 'overall_sentiment_score': 0.02715, 'overall_sentiment_label': 'Neutral', 'ticker_sentiment': [{'ticker': 'EVOK', 'relevance_score': '0.092479', 'ticker_sentiment_score': '0.113112', 'ticker_sentiment_label': 'Neutral'}]}, {'title': 'Evoke Pharma Receives Notices of Allowance for Two Additional US Patent Applications Protecting GIMOTI® - Evoke Pharma  ( NASDAQ:EVOK ) ', 'url': 'https://www.benzinga.com/pressreleases/24/12/g42289634/evoke-pharma-receives-notices-of-allowance-for-two-additional-us-patent-applications-protecting-gi', 'time_published': '20241203T133055', 'authors': ['Globe Newswire'], 'summary': 'SOLANA BEACH, Calif., Dec. 03, 2024 ( GLOBE NEWSWIRE ) -- Evoke Pharma, Inc.', 'banner_image': 'https://www.benzinga.com/next-assets/images/schema-image-default.png', 'source': 'Benzinga', 'category_within_source': 'News', 'source_domain': 'www.benzinga.com', 'topics': [{'topic': 'Life Sciences', 'relevance_score': '0.5'}, {'topic': 'Technology', 'relevance_score': '0.5'}, {'topic': 'Financial Markets', 'relevance_score': '0.495866'}], 'overall_sentiment_score': 0.063558, 'overall_sentiment_label': 'Neutral', 'ticker_sentiment': [{'ticker': 'EVOK', 'relevance_score': '0.150404', 'ticker_sentiment_score': '0.235587', 'ticker_sentiment_label': 'Somewhat-Bullish'}, {'ticker': 'META', 'relevance_score': '0.030254', 'ticker_sentiment_score': '0.0', 'ticker_sentiment_label': 'Neutral'}]}, {'title': 'Evoke Pharma Receives Notices of Allowance for Two Additional US Patent Applications Protecting GIMOTI®', 'url': 'https://www.globenewswire.com/news-release/2024/12/03/2990651/28255/en/Evoke-Pharma-Receives-Notices-of-Allowance-for-Two-Additional-US-Patent-Applications-Protecting-GIMOTI.html', 'time_published': '20241203T133000', 'authors': ['Evoke Pharma', 'Inc.'], 'summary': 'SOLANA BEACH, Calif., Dec. 03, 2024 ( GLOBE NEWSWIRE ) -- Evoke Pharma, Inc. ( NASDAQ: EVOK ) , a specialty pharmaceutical company focused primarily on treatments for gastrointestinal ( GI ) diseases with an emphasis on GIMOTI® ( metoclopramide ) nasal spray, today announced that it has received ...', 'banner_image': 'https://ml.globenewswire.com/Resource/Download/a24f6aa8-4e46-4fb8-85fc-ef0ce4548722', 'source': 'GlobeNewswire', 'category_within_source': 'n/a', 'source_domain': 'www.globenewswire.com', 'topics': [{'topic': 'Life Sciences', 'relevance_score': '1.0'}, {'topic': 'Financial Markets', 'relevance_score': '0.310843'}], 'overall_sentiment_score': 0.058728, 'overall_sentiment_label': 'Neutral', 'ticker_sentiment': [{'ticker': 'EVOK', 'relevance_score': '0.093897', 'ticker_sentiment_score': '0.211557', 'ticker_sentiment_label': 'Somewhat-Bullish'}]}, {'title': 'Why VF Corp Shares Are Trading Higher By Around 21%; Here Are 20 Stocks Moving Premarket - VF  ( NYSE:VFC ) ', 'url': 'https://www.benzinga.com/news/24/10/41594283/why-vf-corp-shares-are-trading-higher-by-around-21-here-are-20-stocks-moving-premarket', 'time_published': '20241029T101223', 'authors': ['Avi Kapoor'], 'summary': "Shares of V.F. Corporation VFC rose sharply in today's pre-market trading after the company reported better-than-expected second-quarter financial results. VF Corp, the parent company of Vans and The North Face, reported second-quarter revenue of $2.8 billion, beating the consensus estimate of ...", 'banner_image': 'https://cdn.benzinga.com/files/images/story/2024/10/29/VFCorp-Shutterstock.jpeg?width=1200&height=800&fit=crop', 'source': 'Benzinga', 'category_within_source': 'Trading', 'source_domain': 'www.benzinga.com', 'topics': [{'topic': 'Life Sciences', 'relevance_score': '0.2'}, {'topic': 'Energy & Transportation', 'relevance_score': '0.2'}, {'topic': 'Technology', 'relevance_score': '0.2'}, {'topic': 'IPO', 'relevance_score': '0.158519'}, {'topic': 'Retail & Wholesale', 'relevance_score': '0.2'}, {'topic': 'Financial Markets', 'relevance_score': '1.0'}, {'topic': 'Manufacturing', 'relevance_score': '0.2'}, {'topic': 'Earnings', 'relevance_score': '0.857896'}], 'overall_sentiment_score': 0.156681, 'overall_sentiment_label': 'Somewhat-Bullish', 'ticker_sentiment': [{'ticker': 'IMRN', 'relevance_score': '0.138863', 'ticker_sentiment_score': '0.03052', 'ticker_sentiment_label': 'Neutral'}, {'ticker': 'HRYU', 'relevance_score': '0.138863', 'ticker_sentiment_score': '0.165487', 'ticker_sentiment_label': 'Somewhat-Bullish'}, {'ticker': 'IVDA', 'relevance_score': '0.138863', 'ticker_sentiment_score': '-0.332253', 'ticker_sentiment_label': 'Somewhat-Bearish'}, {'ticker': 'TMDX', 'relevance_score': '0.138863', 'ticker_sentiment_score': '-0.257754', 'ticker_sentiment_label': 'Somewhat-Bearish'}, {'ticker': 'SHPH', 'relevance_score': '0.138863', 'ticker_sentiment_score': '0.155701', 'ticker_sentiment_label': 'Somewhat-Bullish'}, {'ticker': 'AMKR', 'relevance_score': '0.138863', 'ticker_sentiment_score': '-0.057554', 'ticker_sentiment_label': 'Neutral'}, {'ticker': 'DQ', 'relevance_score': '0.138863', 'ticker_sentiment_score': '-0.016038', 'ticker_sentiment_label': 'Neutral'}, {'ticker': 'EVOK', 'relevance_score': '0.20698', 'ticker_sentiment_score': '0.133472', 'ticker_sentiment_label': 'Neutral'}, {'ticker': 'FFIV', 'relevance_score': '0.138863', 'ticker_sentiment_score': '0.36346', 'ticker_sentiment_label': 'Bullish'}, {'ticker': 'HLIT', 'relevance_score': '0.138863', 'ticker_sentiment_score': '-0.060463', 'ticker_sentiment_label': 'Neutral'}, {'ticker': 'AREB', 'relevance_score': '0.138863', 'ticker_sentiment_score': '0.238825', 'ticker_sentiment_label': 'Somewhat-Bullish'}, {'ticker': 'QUBT', 'relevance_score': '0.138863', 'ticker_sentiment_score': '0.186282', 'ticker_sentiment_label': 'Somewhat-Bullish'}, {'ticker': 'GRDI', 'relevance_score': '0.138863', 'ticker_sentiment_score': '0.165487', 'ticker_sentiment_label': 'Somewhat-Bullish'}, {'ticker': 'VFC', 'relevance_score': '0.138863', 'ticker_sentiment_score': '0.077723', 'ticker_sentiment_label': 'Neutral'}, {'ticker': 'CVI', 'relevance_score': '0.138863', 'ticker_sentiment_score': '-0.090568', 'ticker_sentiment_label': 'Neutral'}, {'ticker': 'CDIO', 'relevance_score': '0.138863', 'ticker_sentiment_score': '-0.229061', 'ticker_sentiment_label': 'Somewhat-Bearish'}, {'ticker': 'LIXT', 'relevance_score': '0.138863', 'ticker_sentiment_score': '-0.133692', 'ticker_sentiment_label': 'Neutral'}, {'ticker': 'LTBR', 'relevance_score': '0.138863', 'ticker_sentiment_score': '0.0', 'ticker_sentiment_label': 'Neutral'}, {'ticker': 'DBGI', 'relevance_score': '0.138863', 'ticker_sentiment_score': '-0.125137', 'ticker_sentiment_label': 'Neutral'}]}, {'title': 'S&P 500 Moves Higher; Philips Shares Plunge After Q3 Earnings - Koninklijke Philips  ( NYSE:PHG ) ', 'url': 'https://www.benzinga.com/news/earnings/24/10/41584570/s-p-500-moves-higher-philips-shares-plunge-after-q3-earnings', 'time_published': '20241028T190011', 'authors': ['Avi Kapoor'], 'summary': 'U.S. stocks traded higher toward the end of trading, with the Dow Jones index gaining more than 300 points on Monday. The Dow traded up 0.77% to 42,440.12 while the NASDAQ rose 0.46% to 18,603.67. The S&P 500 also rose, gaining, 0.43% to 5,832.99. Financials shares rose by 1.2% on Monday.', 'banner_image': 'https://cdn.benzinga.com/files/images/story/2024/10/28/Crollo-del-Nasdaq-gli-insider-si-sbarazz.jpeg?width=1200&height=800&fit=crop', 'source': 'Benzinga', 'category_within_source': 'Markets', 'source_domain': 'www.benzinga.com', 'topics': [{'topic': 'Economy - Monetary', 'relevance_score': '0.310843'}, {'topic': 'Life Sciences', 'relevance_score': '0.333333'}, {'topic': 'Financial Markets', 'relevance_score': '0.214378'}, {'topic': 'Earnings', 'relevance_score': '0.650727'}, {'topic': 'Energy & Transportation', 'relevance_score': '0.333333'}, {'topic': 'Technology', 'relevance_score': '0.333333'}], 'overall_sentiment_score': 0.12694, 'overall_sentiment_label': 'Neutral', 'ticker_sentiment': [{'ticker': 'HCTI', 'relevance_score': '0.150122', 'ticker_sentiment_score': '0.072318', 'ticker_sentiment_label': 'Neutral'}, {'ticker': 'BORR', 'relevance_score': '0.150122', 'ticker_sentiment_score': '-0.116087', 'ticker_sentiment_label': 'Neutral'}, {'ticker': 'AMIX', 'relevance_score': '0.150122', 'ticker_sentiment_score': '0.046383', 'ticker_sentiment_label': 'Neutral'}, {'ticker': 'EVOK', 'relevance_score': '0.150122', 'ticker_sentiment_score': '0.319981', 'ticker_sentiment_label': 'Somewhat-Bullish'}]}, {'title': 'Crude Oil Tumbles Over 5%; Autonomix Medical Shares Spike Higher - Borr Drilling  ( NYSE:BORR ) ', 'url': 'https://www.benzinga.com/markets/equities/24/10/41580405/crude-oil-tumbles-over-5-autonomix-medical-shares-spike-higher', 'time_published': '20241028T160629', 'authors': ['Avi Kapoor'], 'summary': 'U.S. stocks traded higher midway through trading, with the Dow Jones index gaining more than 200 points on Monday. The Dow traded up 0.52% to 42,333.84 while the NASDAQ rose 0.43% to 18,598.02. The S&P 500 also rose, gaining, 0.31% to 5,826.12. Utilities shares rose by 1.1% on Monday.', 'banner_image': 'https://cdn.benzinga.com/files/images/story/2024/10/28/Oil.jpeg?width=1200&height=800&fit=crop', 'source': 'Benzinga', 'category_within_source': 'Trading', 'source_domain': 'www.benzinga.com', 'topics': [{'topic': 'Life Sciences', 'relevance_score': '0.25'}, {'topic': 'Energy & Transportation', 'relevance_score': '0.25'}, {'topic': 'Technology', 'relevance_score': '0.25'}, {'topic': 'Economy - Monetary', 'relevance_score': '0.310843'}, {'topic': 'Financial Markets', 'relevance_score': '0.214378'}, {'topic': 'Manufacturing', 'relevance_score': '0.25'}, {'topic': 'Earnings', 'relevance_score': '0.891286'}], 'overall_sentiment_score': 0.096568, 'overall_sentiment_label': 'Neutral', 'ticker_sentiment': [{'ticker': 'HCTI', 'relevance_score': '0.159043', 'ticker_sentiment_score': '0.075031', 'ticker_sentiment_label': 'Neutral'}, {'ticker': 'BORR', 'relevance_score': '0.159043', 'ticker_sentiment_score': '-0.12045', 'ticker_sentiment_label': 'Neutral'}, {'ticker': 'AMIX', 'relevance_score': '0.159043', 'ticker_sentiment_score': '0.048136', 'ticker_sentiment_label': 'Neutral'}, {'ticker': 'EVOK', 'relevance_score': '0.159043', 'ticker_sentiment_score': '0.330797', 'ticker_sentiment_label': 'Somewhat-Bullish'}, {'ticker': 'ON', 'relevance_score': '0.079921', 'ticker_sentiment_score': '0.292424', 'ticker_sentiment_label': 'Somewhat-Bullish'}]}, {'title': 'Dow Jumps Over 300 Points; ON Semiconductor Earnings Top Views - Healthcare Triangle  ( NASDAQ:HCTI ) ', 'url': 'https://www.benzinga.com/news/24/10/41576061/dow-jumps-over-300-points-on-semiconductor-earnings-top-views', 'time_published': '20241028T135955', 'authors': ['Avi Kapoor'], 'summary': 'U.S. stocks traded higher this morning, with the Dow Jones index gaining more than 300 points on Monday. Following the market opening Monday, the Dow traded up 0.81% to 42,454.94 while the NASDAQ rose 0.53% to 18,616.62. The S&P 500 also rose, gaining, 0.45% to 5,834.35.', 'banner_image': 'https://cdn.benzinga.com/files/images/story/2024/10/28/Wall-Street-dall.png?width=1200&height=800&fit=crop', 'source': 'Benzinga', 'category_within_source': 'Trading', 'source_domain': 'www.benzinga.com', 'topics': [{'topic': 'Life Sciences', 'relevance_score': '0.333333'}, {'topic': 'Financial Markets', 'relevance_score': '0.214378'}, {'topic': 'Manufacturing', 'relevance_score': '0.333333'}, {'topic': 'Earnings', 'relevance_score': '0.744043'}, {'topic': 'Technology', 'relevance_score': '0.333333'}], 'overall_sentiment_score': 0.190032, 'overall_sentiment_label': 'Somewhat-Bullish', 'ticker_sentiment': [{'ticker': 'HCTI', 'relevance_score': '0.156461', 'ticker_sentiment_score': '0.074236', 'ticker_sentiment_label': 'Neutral'}, {'ticker': 'AMIX', 'relevance_score': '0.156461', 'ticker_sentiment_score': '0.047622', 'ticker_sentiment_label': 'Neutral'}, {'ticker': 'SONN', 'relevance_score': '0.23281', 'ticker_sentiment_score': '0.210074', 'ticker_sentiment_label': 'Somewhat-Bullish'}, {'ticker': 'UPXI', 'relevance_score': '0.23281', 'ticker_sentiment_score': '-0.081647', 'ticker_sentiment_label': 'Neutral'}, {'ticker': 'EVOK', 'relevance_score': '0.156461', 'ticker_sentiment_score': '0.327632', 'ticker_sentiment_label': 'Somewhat-Bullish'}, {'ticker': 'ON', 'relevance_score': '0.078611', 'ticker_sentiment_score': '0.291769', 'ticker_sentiment_label': 'Somewhat-Bullish'}, {'ticker': 'SMX', 'relevance_score': '0.156461', 'ticker_sentiment_score': '0.130347', 'ticker_sentiment_label': 'Neutral'}]}, {'title': "Evoke Pharma Stock Is Soaring Monday: What's Going On? - Evoke Pharma  ( NASDAQ:EVOK ) ", 'url': 'https://www.benzinga.com/news/24/10/41574491/evoke-pharma-stock-is-soaring-monday-whats-going-on', 'time_published': '20241028T130358', 'authors': ['Adam Eckert'], 'summary': 'Evoke Pharma Inc EVOK shares are trading higher Monday after the company presented GLP-1 data for users with diabetic gastoparesis using GIMOTI showing statistically significant improvements.', 'banner_image': 'https://cdn.benzinga.com/files/images/story/2024/10/28/Stock-Market-Chart.jpeg?width=1200&height=800&fit=crop', 'source': 'Benzinga', 'category_within_source': 'News', 'source_domain': 'www.benzinga.com', 'topics': [{'topic': 'Life Sciences', 'relevance_score': '1.0'}, {'topic': 'Financial Markets', 'relevance_score': '0.266143'}], 'overall_sentiment_score': 0.178363, 'overall_sentiment_label': 'Somewhat-Bullish', 'ticker_sentiment': [{'ticker': 'EVOK', 'relevance_score': '0.493442', 'ticker_sentiment_score': '0.301626', 'ticker_sentiment_label': 'Somewhat-Bullish'}]}, {'title': 'Evoke Pharma & EVERSANA Announce Statistically Significant Improvement in Patient Outcomes for GLP-1 users with Diabetic Gastroparesis using GIMOTI® - Evoke Pharma  ( NASDAQ:EVOK ) ', 'url': 'https://www.benzinga.com/pressreleases/24/10/g41569704/evoke-pharma-eversana-announce-statistically-significant-improvement-in-patient-outcomes-for-glp-1', 'time_published': '20241028T110000', 'authors': ['Globe Newswire'], 'summary': 'Analysis of real-world data compared patients on GIMOTI ( n=51 ) to Oral Metoclopramide ( n=41 ) , both taking GLP-1s, showing significant statistical improvement for GIMOTI over Oral Metoclopramide in All Cause Emergency Department Visits ( -91%, p=0.001 ) , All Cause Office Visits ( -41%, ...', 'banner_image': 'https://ml.globenewswire.com/Resource/Download/cfc46127-a976-498b-8e19-d5c879171b81/comparison-of-healthcare-resource-utilization-in-glp-1-agonist-patients-with-dgp.png', 'source': 'Benzinga', 'category_within_source': 'General', 'source_domain': 'www.benzinga.com', 'topics': [{'topic': 'Life Sciences', 'relevance_score': '1.0'}, {'topic': 'Financial Markets', 'relevance_score': '0.650727'}], 'overall_sentiment_score': 0.036253, 'overall_sentiment_label': 'Neutral', 'ticker_sentiment': [{'ticker': 'EVOK', 'relevance_score': '0.121738', 'ticker_sentiment_score': '0.080428', 'ticker_sentiment_label': 'Neutral'}]}, {'title': 'Evoke Pharma to Showcase Award-Winning Research at the 2024 American College of Gastroenterology Annual Scientific Meeting - Evoke Pharma  ( NASDAQ:EVOK ) ', 'url': 'https://www.benzinga.com/pressreleases/24/10/g41486659/evoke-pharma-to-showcase-award-winning-research-at-the-2024-american-college-of-gastroenterology-a', 'time_published': '20241023T123058', 'authors': ['Globe Newswire'], 'summary': 'SOLANA BEACH, Calif., Oct. 23, 2024 ( GLOBE NEWSWIRE ) -- Evoke Pharma, Inc.', 'banner_image': 'https://www.benzinga.com/next-assets/images/schema-image-default.png', 'source': 'Benzinga', 'category_within_source': 'News', 'source_domain': 'www.benzinga.com', 'topics': [{'topic': 'Life Sciences', 'relevance_score': '1.0'}], 'overall_sentiment_score': 0.308514, 'overall_sentiment_label': 'Somewhat-Bullish', 'ticker_sentiment': [{'ticker': 'EVOK', 'relevance_score': '0.377142', 'ticker_sentiment_score': '0.094526', 'ticker_sentiment_label': 'Neutral'}]}, {'title': 'Evoke Pharma Announces the Appointment of Ben Smeal to the Board of Directors - Evoke Pharma  ( NASDAQ:EVOK ) ', 'url': 'https://www.benzinga.com/pressreleases/24/10/g41450453/evoke-pharma-announces-the-appointment-of-ben-smeal-to-the-board-of-directors', 'time_published': '20241022T123015', 'authors': ['Globe Newswire'], 'summary': 'SOLANA BEACH, Calif., Oct. 22, 2024 ( GLOBE NEWSWIRE ) -- Evoke Pharma, Inc. EVOK, a specialty pharmaceutical company focused primarily on treatments for gastrointestinal ( GI ) diseases with an emphasis on Gimoti® ( metoclopramide ) nasal spray, announced the appointment of Ben Smeal to serve on ...', 'banner_image': 'https://www.benzinga.com/next-assets/images/schema-image-default.png', 'source': 'Benzinga', 'category_within_source': 'News', 'source_domain': 'www.benzinga.com', 'topics': [{'topic': 'Life Sciences', 'relevance_score': '1.0'}, {'topic': 'Financial Markets', 'relevance_score': '0.94762'}], 'overall_sentiment_score': 0.257501, 'overall_sentiment_label': 'Somewhat-Bullish', 'ticker_sentiment': [{'ticker': 'EVOK', 'relevance_score': '0.241444', 'ticker_sentiment_score': '0.308081', 'ticker_sentiment_label': 'Somewhat-Bullish'}]}, {'title': 'Evoke Pharma Announces the Appointment of Ben Smeal to the Board of Directors', 'url': 'https://www.globenewswire.com/news-release/2024/10/22/2966954/28255/en/Evoke-Pharma-Announces-the-Appointment-of-Ben-Smeal-to-the-Board-of-Directors.html', 'time_published': '20241022T123000', 'authors': ['Inc.', 'Evoke Pharma'], 'summary': 'SOLANA BEACH, Calif., Oct. 22, 2024 ( GLOBE NEWSWIRE ) -- Evoke Pharma, Inc. ( NASDAQ: EVOK ) , a specialty pharmaceutical company focused primarily on treatments for gastrointestinal ( GI ) diseases with an emphasis on Gimoti® ( metoclopramide ) nasal spray, announced the appointment of Ben ...', 'banner_image': 'https://ml.globenewswire.com/Resource/Download/a24f6aa8-4e46-4fb8-85fc-ef0ce4548722', 'source': 'GlobeNewswire', 'category_within_source': 'n/a', 'source_domain': 'www.globenewswire.com', 'topics': [{'topic': 'Life Sciences', 'relevance_score': '1.0'}, {'topic': 'Financial Markets', 'relevance_score': '0.905476'}], 'overall_sentiment_score': 0.253089, 'overall_sentiment_label': 'Somewhat-Bullish', 'ticker_sentiment': [{'ticker': 'EVOK', 'relevance_score': '0.155451', 'ticker_sentiment_score': '0.249333', 'ticker_sentiment_label': 'Somewhat-Bullish'}]}, {'title': 'Evoke Pharma Announces Proceeds from Existing Warrants and Board Expansion - Evoke Pharma  ( NASDAQ:EVOK ) ', 'url': 'https://www.benzinga.com/pressreleases/24/10/g41116131/evoke-pharma-announces-proceeds-from-existing-warrants-and-board-expansion', 'time_published': '20241001T123018', 'authors': ['Globe Newswire'], 'summary': 'Portion of the proceeds received from warrants executed at $8.16/share SOLANA BEACH, Calif., Oct. 01, 2024 ( GLOBE NEWSWIRE ) -- Evoke Pharma, Inc.', 'banner_image': 'https://www.benzinga.com/next-assets/images/schema-image-default.png', 'source': 'Benzinga', 'category_within_source': 'News', 'source_domain': 'www.benzinga.com', 'topics': [{'topic': 'Life Sciences', 'relevance_score': '1.0'}, {'topic': 'Financial Markets', 'relevance_score': '0.650727'}], 'overall_sentiment_score': 0.173728, 'overall_sentiment_label': 'Somewhat-Bullish', 'ticker_sentiment': [{'ticker': 'EVOK', 'relevance_score': '0.254042', 'ticker_sentiment_score': '0.16112', 'ticker_sentiment_label': 'Somewhat-Bullish'}]}, {'title': 'Evoke Pharma Announces Proceeds from Existing Warrants and Board Expansion', 'url': 'https://www.globenewswire.com/news-release/2024/10/01/2956145/28255/en/Evoke-Pharma-Announces-Proceeds-from-Existing-Warrants-and-Board-Expansion.html', 'time_published': '20241001T123000', 'authors': ['Evoke Pharma', 'Inc.'], 'summary': 'Nantahala to nominate 2 board seats ...', 'banner_image': 'https://ml.globenewswire.com/Resource/Download/a24f6aa8-4e46-4fb8-85fc-ef0ce4548722', 'source': 'GlobeNewswire', 'category_within_source': 'n/a', 'source_domain': 'www.globenewswire.com', 'topics': [{'topic': 'Life Sciences', 'relevance_score': '1.0'}, {'topic': 'Financial Markets', 'relevance_score': '0.495866'}], 'overall_sentiment_score': 0.166887, 'overall_sentiment_label': 'Somewhat-Bullish', 'ticker_sentiment': [{'ticker': 'EVOK', 'relevance_score': '0.166169', 'ticker_sentiment_score': '0.132783', 'ticker_sentiment_label': 'Neutral'}]}, {'title': 'Evoke Pharma Reaffirms Its Commitment to Patients with Gastroparesis Amid Industry Developments', 'url': 'https://www.globenewswire.com/news-release/2024/09/19/2949365/28255/en/Evoke-Pharma-Reaffirms-Its-Commitment-to-Patients-with-Gastroparesis-Amid-Industry-Developments.html', 'time_published': '20240919T182000', 'authors': ['Inc.', 'Evoke Pharma'], 'summary': 'Gimoti remains the sole proprietary FDA approved treatment for symptoms of diabetic gastroparesis Gimoti remains the sole proprietary FDA approved treatment for symptoms of diabetic gastroparesis ...', 'banner_image': 'https://ml.globenewswire.com/Resource/Download/a24f6aa8-4e46-4fb8-85fc-ef0ce4548722', 'source': 'GlobeNewswire', 'category_within_source': 'n/a', 'source_domain': 'www.globenewswire.com', 'topics': [{'topic': 'Life Sciences', 'relevance_score': '1.0'}, {'topic': 'Financial Markets', 'relevance_score': '0.310843'}], 'overall_sentiment_score': 0.19135, 'overall_sentiment_label': 'Somewhat-Bullish', 'ticker_sentiment': [{'ticker': 'EVOK', 'relevance_score': '0.161494', 'ticker_sentiment_score': '0.150415', 'ticker_sentiment_label': 'Somewhat-Bullish'}, {'ticker': 'VNDA', 'relevance_score': '0.032513', 'ticker_sentiment_score': '0.022409', 'ticker_sentiment_label': 'Neutral'}]}, {'title': 'Evoke Pharma to Participate in Gastroenterology and Hepatology Advanced Practice Providers  ( GHAPP )  Annual Conference - Evoke Pharma  ( NASDAQ:EVOK ) ', 'url': 'https://www.benzinga.com/pressreleases/24/09/g40771869/evoke-pharma-to-participate-in-gastroenterology-and-hepatology-advanced-practice-providers-ghapp-a', 'time_published': '20240909T123008', 'authors': ['Globe Newswire'], 'summary': 'SOLANA BEACH, Calif., Sept. 09, 2024 ( GLOBE NEWSWIRE ) -- Evoke Pharma, Inc.', 'banner_image': 'https://www.benzinga.com/next-assets/images/schema-image-default.png', 'source': 'Benzinga', 'category_within_source': 'News', 'source_domain': 'www.benzinga.com', 'topics': [{'topic': 'Life Sciences', 'relevance_score': '1.0'}, {'topic': 'Financial Markets', 'relevance_score': '0.495866'}], 'overall_sentiment_score': 0.214714, 'overall_sentiment_label': 'Somewhat-Bullish', 'ticker_sentiment': [{'ticker': 'EVOK', 'relevance_score': '0.205458', 'ticker_sentiment_score': '0.143343', 'ticker_sentiment_label': 'Neutral'}]}, {'title': 'Evoke Pharma to Participate in Gastroenterology and Hepatology Advanced Practice Providers  ( GHAPP )  Annual Conference', 'url': 'https://www.globenewswire.com/news-release/2024/09/09/2942831/28255/en/Evoke-Pharma-to-Participate-in-Gastroenterology-and-Hepatology-Advanced-Practice-Providers-GHAPP-Annual-Conference.html', 'time_published': '20240909T123000', 'authors': ['Inc.', 'Evoke Pharma'], 'summary': 'SOLANA BEACH, Calif., Sept. 09, 2024 ( GLOBE NEWSWIRE ) -- Evoke Pharma, Inc. ( NASDAQ: EVOK ) , a specialty pharmaceutical company focused primarily on treatments for gastrointestinal ( GI ) diseases with an emphasis on GIMOTI® ( metoclopramide ) nasal spray, announced that management will ...', 'banner_image': 'https://ml.globenewswire.com/Resource/Download/a24f6aa8-4e46-4fb8-85fc-ef0ce4548722', 'source': 'GlobeNewswire', 'category_within_source': 'n/a', 'source_domain': 'www.globenewswire.com', 'topics': [{'topic': 'Life Sciences', 'relevance_score': '1.0'}, {'topic': 'Financial Markets', 'relevance_score': '0.310843'}], 'overall_sentiment_score': 0.207958, 'overall_sentiment_label': 'Somewhat-Bullish', 'ticker_sentiment': [{'ticker': 'EVOK', 'relevance_score': '0.130689', 'ticker_sentiment_score': '0.117639', 'ticker_sentiment_label': 'Neutral'}]}, {'title': "Evoke Pharma to Present at H.C. Wainwright's 26th Annual Global Investment Conference - Evoke Pharma  ( NASDAQ:EVOK ) ", 'url': 'https://www.benzinga.com/pressreleases/24/09/g40708185/evoke-pharma-to-present-at-h-c-wainwrights-26th-annual-global-investment-conference', 'time_published': '20240904T132055', 'authors': ['Globe Newswire'], 'summary': 'SOLANA BEACH, Calif., Sept. 04, 2024 ( GLOBE NEWSWIRE ) -- Evoke Pharma, Inc. EVOK, a specialty pharmaceutical company focused primarily on treatments for gastrointestinal ( GI ) diseases with an emphasis on GIMOTI® ( metoclopramide ) nasal spray, announced that management will participate in the ...', 'banner_image': 'https://www.benzinga.com/next-assets/images/schema-image-default.png', 'source': 'Benzinga', 'category_within_source': 'News', 'source_domain': 'www.benzinga.com', 'topics': [{'topic': 'Life Sciences', 'relevance_score': '1.0'}, {'topic': 'Financial Markets', 'relevance_score': '0.650727'}], 'overall_sentiment_score': 0.158963, 'overall_sentiment_label': 'Somewhat-Bullish', 'ticker_sentiment': [{'ticker': 'EVOK', 'relevance_score': '0.205807', 'ticker_sentiment_score': '0.050442', 'ticker_sentiment_label': 'Neutral'}]}, {'title': "Evoke Pharma to Present at H.C. Wainwright's 26th Annual Global Investment Conference", 'url': 'https://www.globenewswire.com/news-release/2024/09/04/2940626/28255/en/Evoke-Pharma-to-Present-at-H-C-Wainwright-s-26th-Annual-Global-Investment-Conference.html', 'time_published': '20240904T132000', 'authors': ['Inc.', 'Evoke Pharma'], 'summary': 'SOLANA BEACH, Calif., Sept. 04, 2024 ( GLOBE NEWSWIRE ) -- Evoke Pharma, Inc. ( NASDAQ: EVOK ) , a specialty pharmaceutical company focused primarily on treatments for gastrointestinal ( GI ) diseases with an emphasis on GIMOTI® ( metoclopramide ) nasal spray, announced that management will ...', 'banner_image': 'https://ml.globenewswire.com/Resource/Download/a24f6aa8-4e46-4fb8-85fc-ef0ce4548722', 'source': 'GlobeNewswire', 'category_within_source': 'n/a', 'source_domain': 'www.globenewswire.com', 'topics': [{'topic': 'Life Sciences', 'relevance_score': '1.0'}, {'topic': 'Financial Markets', 'relevance_score': '0.495866'}], 'overall_sentiment_score': 0.149741, 'overall_sentiment_label': 'Neutral', 'ticker_sentiment': [{'ticker': 'EVOK', 'relevance_score': '0.112797', 'ticker_sentiment_score': '0.042922', 'ticker_sentiment_label': 'Neutral'}]}, {'title': 'Evoke Pharma, Inc. Reports Second Quarter 2024 Financial Results', 'url': 'https://www.globenewswire.com/news-release/2024/08/13/2929167/28255/en/Evoke-Pharma-Inc-Reports-Second-Quarter-2024-Financial-Results.html', 'time_published': '20240813T120000', 'authors': ['Inc.', 'Evoke Pharma'], 'summary': 'GIMOTI second quarter net product sales grew 47% quarter-over-quarter and 126% year-over-year, indicating an annual run-rate in excess of $10 million ...', 'banner_image': 'https://ml.globenewswire.com/Resource/Download/a24f6aa8-4e46-4fb8-85fc-ef0ce4548722', 'source': 'GlobeNewswire', 'category_within_source': 'n/a', 'source_domain': 'www.globenewswire.com', 'topics': [{'topic': 'Earnings', 'relevance_score': '0.650727'}, {'topic': 'Life Sciences', 'relevance_score': '1.0'}, {'topic': 'Financial Markets', 'relevance_score': '0.905476'}], 'overall_sentiment_score': 0.070022, 'overall_sentiment_label': 'Neutral', 'ticker_sentiment': [{'ticker': 'EVOK', 'relevance_score': '0.087904', 'ticker_sentiment_score': '0.087063', 'ticker_sentiment_label': 'Neutral'}]}, {'title': 'Evoke Pharma, Inc. Supports Gastroparesis Awareness Month - Evoke Pharma  ( NASDAQ:EVOK ) ', 'url': 'https://www.benzinga.com/pressreleases/24/08/g40251342/evoke-pharma-inc-supports-gastroparesis-awareness-month', 'time_published': '20240808T123037', 'authors': ['Globe Newswire'], 'summary': 'Collaborating with advocacy groups to amplify gastroparesis awareness for millions of patients worldwide Call for action to improve health and access for patients SOLANA BEACH, Calif., Aug. 08, 2024 ( GLOBE NEWSWIRE ) -- Evoke Pharma, Inc.', 'banner_image': 'https://www.benzinga.com/next-assets/images/schema-image-default.png', 'source': 'Benzinga', 'category_within_source': 'News', 'source_domain': 'www.benzinga.com', 'topics': [{'topic': 'Life Sciences', 'relevance_score': '0.5'}, {'topic': 'Technology', 'relevance_score': '0.5'}, {'topic': 'Financial Markets', 'relevance_score': '0.495866'}], 'overall_sentiment_score': 0.014688, 'overall_sentiment_label': 'Neutral', 'ticker_sentiment': [{'ticker': 'EVOK', 'relevance_score': '0.169378', 'ticker_sentiment_score': '0.072545', 'ticker_sentiment_label': 'Neutral'}, {'ticker': 'META', 'relevance_score': '0.042647', 'ticker_sentiment_score': '0.0', 'ticker_sentiment_label': 'Neutral'}]}, {'title': 'Evoke Pharma, Inc. Supports Gastroparesis Awareness Month', 'url': 'https://www.globenewswire.com/news-release/2024/08/08/2926946/28255/en/Evoke-Pharma-Inc-Supports-Gastroparesis-Awareness-Month.html', 'time_published': '20240808T123000', 'authors': ['Inc.', 'Evoke Pharma'], 'summary': 'Collaborating with advocacy groups to amplify gastroparesis awareness for millions of patients worldwide ...', 'banner_image': 'https://ml.globenewswire.com/Resource/Download/a24f6aa8-4e46-4fb8-85fc-ef0ce4548722', 'source': 'GlobeNewswire', 'category_within_source': 'n/a', 'source_domain': 'www.globenewswire.com', 'topics': [{'topic': 'Life Sciences', 'relevance_score': '1.0'}, {'topic': 'Financial Markets', 'relevance_score': '0.310843'}], 'overall_sentiment_score': 0.014701, 'overall_sentiment_label': 'Neutral', 'ticker_sentiment': [{'ticker': 'EVOK', 'relevance_score': '0.104774', 'ticker_sentiment_score': '0.089637', 'ticker_sentiment_label': 'Neutral'}]}, {'title': 'Why Evoke Pharma  ( EVOK )  Stock Is Volatile - Evoke Pharma  ( NASDAQ:EVOK ) ', 'url': 'https://www.benzinga.com/news/24/07/40053546/why-evoke-pharma-evok-stock-is-volatile', 'time_published': '20240730T212208', 'authors': ['Henry Khederian'], 'summary': 'Evoke Pharma Inc EVOK shares ended Tuesday down 16.40% to 42 cents after the company announced a 1-for-12 reverse stock split of its common stock, set to take effect at 12:01 a.m. ET on August 1, 2024. After-hours trading has it up 12.44% at 47 cents.', 'banner_image': 'https://cdn.benzinga.com/files/images/story/2024/07/30/eye-6318412.jpeg?width=1200&height=800&fit=crop', 'source': 'Benzinga', 'category_within_source': 'News', 'source_domain': 'www.benzinga.com', 'topics': [{'topic': 'Life Sciences', 'relevance_score': '1.0'}, {'topic': 'Financial Markets', 'relevance_score': '0.999701'}], 'overall_sentiment_score': 0.232724, 'overall_sentiment_label': 'Somewhat-Bullish', 'ticker_sentiment': [{'ticker': 'EVOK', 'relevance_score': '0.736015', 'ticker_sentiment_score': '0.136135', 'ticker_sentiment_label': 'Neutral'}]}, {'title': 'Evoke Pharma  ( NASDAQ:EVOK )  Coverage Initiated by Analysts at StockNews.com', 'url': 'https://www.defenseworld.net/2024/07/15/evoke-pharma-nasdaqevok-coverage-initiated-by-analysts-at-stocknews-com.html', 'time_published': '20240715T053046', 'authors': ['Defense World Staff'], 'summary': 'Stock analysts at StockNews.com assumed coverage on shares of Evoke Pharma ( NASDAQ:EVOK - Get Free Report ) in a research note issued on Monday. The brokerage set a "sell" rating on the specialty pharmaceutical company\'s stock. EVOK stock opened at $0.58 on Monday.', 'banner_image': 'https://www.marketbeat.com/logos/evoke-pharma-inc-logo-1200x675.jpg', 'source': 'Stocknews.com', 'category_within_source': 'n/a', 'source_domain': 'www.defenseworld.net', 'topics': [{'topic': 'Earnings', 'relevance_score': '0.875462'}, {'topic': 'Life Sciences', 'relevance_score': '1.0'}, {'topic': 'Financial Markets', 'relevance_score': '0.266143'}], 'overall_sentiment_score': 0.143742, 'overall_sentiment_label': 'Neutral', 'ticker_sentiment': [{'ticker': 'EVOK', 'relevance_score': '0.92044', 'ticker_sentiment_score': '0.252122', 'ticker_sentiment_label': 'Somewhat-Bullish'}]}, {'title': 'Evoke Pharma  ( NASDAQ:EVOK )  Earns Sell Rating from Analysts at StockNews.com', 'url': 'https://www.defenseworld.net/2024/07/07/evoke-pharma-nasdaqevok-earns-sell-rating-from-analysts-at-stocknews-com.html', 'time_published': '20240707T052044', 'authors': ['Defense World Staff'], 'summary': 'Research analysts at StockNews.com assumed coverage on shares of Evoke Pharma ( NASDAQ:EVOK - Get Free Report ) in a research note issued to investors on Sunday. The brokerage set a "sell" rating on the specialty pharmaceutical company\'s stock. Shares of Evoke Pharma stock opened at $0.54 on ...', 'banner_image': 'https://www.marketbeat.com/logos/evoke-pharma-inc-logo-1200x675.jpg', 'source': 'Stocknews.com', 'category_within_source': 'n/a', 'source_domain': 'www.defenseworld.net', 'topics': [{'topic': 'Life Sciences', 'relevance_score': '0.5'}, {'topic': 'Financial Markets', 'relevance_score': '0.266143'}, {'topic': 'Manufacturing', 'relevance_score': '0.5'}, {'topic': 'Earnings', 'relevance_score': '0.744043'}], 'overall_sentiment_score': 0.069264, 'overall_sentiment_label': 'Neutral', 'ticker_sentiment': [{'ticker': 'EVOK', 'relevance_score': '0.916507', 'ticker_sentiment_score': '0.122336', 'ticker_sentiment_label': 'Neutral'}, {'ticker': 'QCOM', 'relevance_score': '0.152499', 'ticker_sentiment_score': '0.010847', 'ticker_sentiment_label': 'Neutral'}, {'ticker': 'AWON', 'relevance_score': '0.152499', 'ticker_sentiment_score': '0.002602', 'ticker_sentiment_label': 'Neutral'}]}, {'title': 'Evoke Pharma  ( NASDAQ:EVOK )  Receives New Coverage from Analysts at StockNews.com', 'url': 'https://www.defenseworld.net/2024/06/29/evoke-pharma-nasdaqevok-receives-new-coverage-from-analysts-at-stocknews-com.html', 'time_published': '20240629T052846', 'authors': ['Defense World Staff'], 'summary': 'Equities research analysts at StockNews.com started coverage on shares of Evoke Pharma ( NASDAQ:EVOK - Get Free Report ) in a report released on Saturday. The firm set a "sell" rating on the specialty pharmaceutical company\'s stock. NASDAQ EVOK opened at $0.53 on Friday.', 'banner_image': 'https://www.marketbeat.com/logos/evoke-pharma-inc-logo-1200x675.jpg', 'source': 'Stocknews.com', 'category_within_source': 'n/a', 'source_domain': 'www.defenseworld.net', 'topics': [{'topic': 'Earnings', 'relevance_score': '0.818451'}, {'topic': 'Life Sciences', 'relevance_score': '1.0'}, {'topic': 'Financial Markets', 'relevance_score': '0.316726'}], 'overall_sentiment_score': 0.099192, 'overall_sentiment_label': 'Neutral', 'ticker_sentiment': [{'ticker': 'EVOK', 'relevance_score': '0.92044', 'ticker_sentiment_score': '0.175446', 'ticker_sentiment_label': 'Somewhat-Bullish'}]}, {'title': 'Evoke Pharma  ( NASDAQ:EVOK )  Now Covered by StockNews.com', 'url': 'https://www.defenseworld.net/2024/06/21/evoke-pharma-nasdaqevok-now-covered-by-stocknews-com.html', 'time_published': '20240621T150910', 'authors': ['Defense World Staff'], 'summary': 'StockNews.com assumed coverage on shares of Evoke Pharma ( NASDAQ:EVOK - Get Free Report ) in a research report issued to clients and investors on Friday. The firm set a "sell" rating on the specialty pharmaceutical company\'s stock. Shares of EVOK opened at $0.52 on Friday.', 'banner_image': 'https://www.marketbeat.com/logos/evoke-pharma-inc-logo-1200x675.jpg', 'source': 'Stocknews.com', 'category_within_source': 'n/a', 'source_domain': 'www.defenseworld.net', 'topics': [{'topic': 'Earnings', 'relevance_score': '0.744043'}, {'topic': 'Life Sciences', 'relevance_score': '1.0'}, {'topic': 'Financial Markets', 'relevance_score': '0.918141'}], 'overall_sentiment_score': 0.136739, 'overall_sentiment_label': 'Neutral', 'ticker_sentiment': [{'ticker': 'EVOK', 'relevance_score': '0.933751', 'ticker_sentiment_score': '0.241232', 'ticker_sentiment_label': 'Somewhat-Bullish'}]}, {'title': 'Evoke Pharma Reports Commercial Strategy Progress & Positive Momentum for GIMOTI', 'url': 'https://www.globenewswire.com/news-release/2024/06/17/2899668/28255/en/Evoke-Pharma-Reports-Commercial-Strategy-Progress-Positive-Momentum-for-GIMOTI.html', 'time_published': '20240617T123000', 'authors': ['Inc.', 'Evoke Pharma'], 'summary': 'Expanded State Medicaid Access for ...', 'banner_image': 'https://ml.globenewswire.com/Resource/Download/a24f6aa8-4e46-4fb8-85fc-ef0ce4548722', 'source': 'GlobeNewswire', 'category_within_source': 'n/a', 'source_domain': 'www.globenewswire.com', 'topics': [{'topic': 'Earnings', 'relevance_score': '0.538269'}, {'topic': 'Life Sciences', 'relevance_score': '1.0'}, {'topic': 'Financial Markets', 'relevance_score': '0.744043'}], 'overall_sentiment_score': 0.14419, 'overall_sentiment_label': 'Neutral', 'ticker_sentiment': [{'ticker': 'EVOK', 'relevance_score': '0.114791', 'ticker_sentiment_score': '0.232522', 'ticker_sentiment_label': 'Somewhat-Bullish'}]}, {'title': 'StockNews.com Begins Coverage on Evoke Pharma  ( NASDAQ:EVOK ) ', 'url': 'https://www.defenseworld.net/2024/06/13/stocknews-com-begins-coverage-on-evoke-pharma-nasdaqevok-2.html', 'time_published': '20240613T081244', 'authors': ['Defense World Staff'], 'summary': 'Equities researchers at StockNews.com started coverage on shares of Evoke Pharma ( NASDAQ:EVOK - Get Free Report ) in a note issued to investors on Thursday. The firm set a "sell" rating on the specialty pharmaceutical company\'s stock. Shares of EVOK opened at $0.55 on Thursday.', 'banner_image': 'https://www.marketbeat.com/logos/evoke-pharma-inc-logo-1200x675.jpg', 'source': 'Stocknews.com', 'category_within_source': 'n/a', 'source_domain': 'www.defenseworld.net', 'topics': [{'topic': 'Earnings', 'relevance_score': '0.795202'}, {'topic': 'Life Sciences', 'relevance_score': '1.0'}, {'topic': 'Financial Markets', 'relevance_score': '0.214378'}], 'overall_sentiment_score': 0.136582, 'overall_sentiment_label': 'Neutral', 'ticker_sentiment': [{'ticker': 'EVOK', 'relevance_score': '0.902368', 'ticker_sentiment_score': '0.238572', 'ticker_sentiment_label': 'Somewhat-Bullish'}]}, {'title': 'StockNews.com Begins Coverage on Evoke Pharma  ( NASDAQ:EVOK ) ', 'url': 'https://www.defenseworld.net/2024/05/28/stocknews-com-begins-coverage-on-evoke-pharma-nasdaqevok.html', 'time_published': '20240528T052854', 'authors': ['Defense World Staff'], 'summary': 'Stock analysts at StockNews.com initiated coverage on shares of Evoke Pharma ( NASDAQ:EVOK - Get Free Report ) in a research note issued to investors on Tuesday. The firm set a "sell" rating on the specialty pharmaceutical company\'s stock. Shares of NASDAQ:EVOK opened at $0.43 on Tuesday.', 'banner_image': 'https://www.marketbeat.com/logos/evoke-pharma-inc-logo-1200x675.jpg', 'source': 'Stocknews.com', 'category_within_source': 'n/a', 'source_domain': 'www.defenseworld.net', 'topics': [{'topic': 'Earnings', 'relevance_score': '0.875462'}, {'topic': 'Life Sciences', 'relevance_score': '1.0'}, {'topic': 'Financial Markets', 'relevance_score': '0.316726'}], 'overall_sentiment_score': 0.157447, 'overall_sentiment_label': 'Somewhat-Bullish', 'ticker_sentiment': [{'ticker': 'EVOK', 'relevance_score': '0.854205', 'ticker_sentiment_score': '0.269037', 'ticker_sentiment_label': 'Somewhat-Bullish'}, {'ticker': 'FOREX:EUR', 'relevance_score': '0.144275', 'ticker_sentiment_score': '0.131991', 'ticker_sentiment_label': 'Neutral'}]}, {'title': 'Evoke Pharma  ( NASDAQ:EVOK )  Earns Sell Rating from Analysts at StockNews.com', 'url': 'https://www.defenseworld.net/2024/05/20/evoke-pharma-nasdaqevok-earns-sell-rating-from-analysts-at-stocknews-com.html', 'time_published': '20240520T072642', 'authors': ['Defense World Staff'], 'summary': 'Equities research analysts at StockNews.com started coverage on shares of Evoke Pharma ( NASDAQ:EVOK - Get Free Report ) in a note issued to investors on Monday. The firm set a "sell" rating on the specialty pharmaceutical company\'s stock. Shares of Evoke Pharma stock opened at $0.47 on Monday.', 'banner_image': 'https://www.marketbeat.com/logos/evoke-pharma-inc-logo-1200x675.jpg', 'source': 'Stocknews.com', 'category_within_source': 'n/a', 'source_domain': 'www.defenseworld.net', 'topics': [{'topic': 'Earnings', 'relevance_score': '0.917436'}, {'topic': 'Life Sciences', 'relevance_score': '1.0'}, {'topic': 'Financial Markets', 'relevance_score': '0.87644'}], 'overall_sentiment_score': 0.149284, 'overall_sentiment_label': 'Neutral', 'ticker_sentiment': [{'ticker': 'EVOK', 'relevance_score': '0.916507', 'ticker_sentiment_score': '0.260597', 'ticker_sentiment_label': 'Somewhat-Bullish'}, {'ticker': 'AWON', 'relevance_score': '0.152499', 'ticker_sentiment_score': '0.002604', 'ticker_sentiment_label': 'Neutral'}]}, {'title': 'Evoke Pharma Reports First Quarter 2024 Financial Results', 'url': 'https://www.globenewswire.com/news-release/2024/05/14/2881922/28255/en/Evoke-Pharma-Reports-First-Quarter-2024-Financial-Results.html', 'time_published': '20240514T201500', 'authors': ['Inc.', 'Evoke Pharma'], 'summary': "114% year-over-year increase in net product sales70% prescriber growth in Q1 2024 compared to Q4 2023Growing sales metrics reaffirms company's $14M net revenue guidance for ...", 'banner_image': 'https://ml.globenewswire.com/Resource/Download/a24f6aa8-4e46-4fb8-85fc-ef0ce4548722', 'source': 'GlobeNewswire', 'category_within_source': 'n/a', 'source_domain': 'www.globenewswire.com', 'topics': [{'topic': 'Life Sciences', 'relevance_score': '1.0'}, {'topic': 'IPO', 'relevance_score': '0.310843'}, {'topic': 'Financial Markets', 'relevance_score': '0.614606'}, {'topic': 'Earnings', 'relevance_score': '0.938793'}], 'overall_sentiment_score': 0.094261, 'overall_sentiment_label': 'Neutral', 'ticker_sentiment': [{'ticker': 'EVOK', 'relevance_score': '0.066475', 'ticker_sentiment_score': '0.144517', 'ticker_sentiment_label': 'Neutral'}]}, {'title': 'Evoke Pharma  ( NASDAQ:EVOK )  Research Coverage Started at StockNews.com', 'url': 'https://www.defenseworld.net/2024/05/12/evoke-pharma-nasdaqevok-research-coverage-started-at-stocknews-com.html', 'time_published': '20240512T071443', 'authors': ['Defense World Staff'], 'summary': 'Stock analysts at StockNews.com started coverage on shares of Evoke Pharma ( NASDAQ:EVOK - Get Free Report ) in a report released on Sunday. The brokerage set a "sell" rating on the specialty pharmaceutical company\'s stock. EVOK opened at $0.46 on Friday.', 'banner_image': 'https://www.marketbeat.com/logos/evoke-pharma-inc-logo-1200x675.jpg', 'source': 'Stocknews.com', 'category_within_source': 'n/a', 'source_domain': 'www.defenseworld.net', 'topics': [{'topic': 'Earnings', 'relevance_score': '0.744043'}, {'topic': 'Life Sciences', 'relevance_score': '1.0'}, {'topic': 'Financial Markets', 'relevance_score': '0.266143'}], 'overall_sentiment_score': 0.132566, 'overall_sentiment_label': 'Neutral', 'ticker_sentiment': [{'ticker': 'EVOK', 'relevance_score': '0.908493', 'ticker_sentiment_score': '0.231793', 'ticker_sentiment_label': 'Somewhat-Bullish'}]}, {'title': 'StockNews.com Begins Coverage on Evoke Pharma  ( NASDAQ:EVOK ) ', 'url': 'https://www.defenseworld.net/2024/05/04/stocknews-com-begins-coverage-on-evoke-pharma-nasdaqevok.html', 'time_published': '20240504T063855', 'authors': ['Defense World Staff'], 'summary': 'Equities researchers at StockNews.com assumed coverage on shares of Evoke Pharma ( NASDAQ:EVOK - Get Free Report ) in a note issued to investors on Saturday. The brokerage set a "sell" rating on the specialty pharmaceutical company\'s stock. NASDAQ EVOK opened at $0.49 on Friday.', 'banner_image': 'https://www.marketbeat.com/logos/evoke-pharma-inc-logo-1200x675.jpg', 'source': 'Stocknews.com', 'category_within_source': 'n/a', 'source_domain': 'www.defenseworld.net', 'topics': [{'topic': 'Earnings', 'relevance_score': '0.904684'}, {'topic': 'Life Sciences', 'relevance_score': '1.0'}, {'topic': 'Financial Markets', 'relevance_score': '0.214378'}], 'overall_sentiment_score': 0.195693, 'overall_sentiment_label': 'Somewhat-Bullish', 'ticker_sentiment': [{'ticker': 'EVOK', 'relevance_score': '0.904419', 'ticker_sentiment_score': '0.33638', 'ticker_sentiment_label': 'Somewhat-Bullish'}]}, {'title': 'StockNews.com Initiates Coverage on Evoke Pharma  ( NASDAQ:EVOK ) ', 'url': 'https://www.defenseworld.net/2024/04/26/stocknews-com-initiates-coverage-on-evoke-pharma-nasdaqevok-2.html', 'time_published': '20240426T112853', 'authors': ['Defense World Staff'], 'summary': 'Research analysts at StockNews.com initiated coverage on shares of Evoke Pharma ( NASDAQ:EVOK - Get Free Report ) in a research note issued to investors on Friday. The brokerage set a "sell" rating on the specialty pharmaceutical company\'s stock. Shares of EVOK stock opened at $0.44 on Friday.', 'banner_image': 'https://www.marketbeat.com/logos/evoke-pharma-inc-logo-1200x675.jpg', 'source': 'Stocknews.com', 'category_within_source': 'n/a', 'source_domain': 'www.defenseworld.net', 'topics': [{'topic': 'Earnings', 'relevance_score': '0.818451'}, {'topic': 'Life Sciences', 'relevance_score': '1.0'}, {'topic': 'Financial Markets', 'relevance_score': '0.266143'}], 'overall_sentiment_score': 0.109346, 'overall_sentiment_label': 'Neutral', 'ticker_sentiment': [{'ticker': 'EVOK', 'relevance_score': '0.891977', 'ticker_sentiment_score': '0.190681', 'ticker_sentiment_label': 'Somewhat-Bullish'}, {'ticker': 'AWON', 'relevance_score': '0.141726', 'ticker_sentiment_score': '0.001245', 'ticker_sentiment_label': 'Neutral'}]}, {'title': 'StockNews.com Initiates Coverage on Evoke Pharma  ( NASDAQ:EVOK ) ', 'url': 'https://www.defenseworld.net/2024/04/18/stocknews-com-initiates-coverage-on-evoke-pharma-nasdaqevok.html', 'time_published': '20240418T063041', 'authors': ['Defense World Staff'], 'summary': 'Equities researchers at StockNews.com initiated coverage on shares of Evoke Pharma ( NASDAQ:EVOK - Get Free Report ) in a research report issued on Thursday. The firm set a "sell" rating on the specialty pharmaceutical company\'s stock. Shares of EVOK opened at $0.55 on Thursday.', 'banner_image': 'https://www.marketbeat.com/logos/evoke-pharma-inc-logo-1200x675.jpg', 'source': 'Stocknews.com', 'category_within_source': 'n/a', 'source_domain': 'www.defenseworld.net', 'topics': [{'topic': 'Earnings', 'relevance_score': '0.875462'}, {'topic': 'Life Sciences', 'relevance_score': '1.0'}, {'topic': 'Financial Markets', 'relevance_score': '0.214378'}], 'overall_sentiment_score': 0.116917, 'overall_sentiment_label': 'Neutral', 'ticker_sentiment': [{'ticker': 'EVOK', 'relevance_score': '0.889875', 'ticker_sentiment_score': '0.203151', 'ticker_sentiment_label': 'Somewhat-Bullish'}]}, {'title': 'Evoke Pharma to Host Virtual Key Opinion Leader  ( KOL )  Webinar on the Evolving Landscape of Gastroparesis: GIMOTI, Hospitalizations, and GLP-1 Medications', 'url': 'https://www.globenewswire.com/news-release/2024/04/17/2864546/28255/en/Evoke-Pharma-to-Host-Virtual-Key-Opinion-Leader-KOL-Webinar-on-the-Evolving-Landscape-of-Gastroparesis-GIMOTI-Hospitalizations-and-GLP-1-Medications.html', 'time_published': '20240417T123000', 'authors': ['Inc.', 'Evoke Pharma'], 'summary': 'Michael Cline, DO., Medical Director Gastroparesis Clinic, Cleveland Clinic to present Michael Cline, DO., Medical Director Gastroparesis Clinic, Cleveland Clinic to present ...', 'banner_image': 'https://ml.globenewswire.com/Resource/Download/a24f6aa8-4e46-4fb8-85fc-ef0ce4548722', 'source': 'GlobeNewswire', 'category_within_source': 'n/a', 'source_domain': 'www.globenewswire.com', 'topics': [{'topic': 'Life Sciences', 'relevance_score': '1.0'}, {'topic': 'Financial Markets', 'relevance_score': '0.495866'}], 'overall_sentiment_score': -0.058552, 'overall_sentiment_label': 'Neutral', 'ticker_sentiment': [{'ticker': 'EVOK', 'relevance_score': '0.077218', 'ticker_sentiment_score': '0.05157', 'ticker_sentiment_label': 'Neutral'}]}, {'title': 'Evoke Pharma  ( NASDAQ:EVOK )  Coverage Initiated at StockNews.com', 'url': 'https://www.defenseworld.net/2024/04/10/evoke-pharma-nasdaqevok-coverage-initiated-at-stocknews-com.html', 'time_published': '20240410T061847', 'authors': ['Defense World Staff'], 'summary': 'Analysts at StockNews.com began coverage on shares of Evoke Pharma ( NASDAQ:EVOK - Get Free Report ) in a research report issued to clients and investors on Wednesday. The firm set a "sell" rating on the specialty pharmaceutical company\'s stock. Evoke Pharma stock opened at $0.53 on Wednesday.', 'banner_image': 'https://www.marketbeat.com/logos/evoke-pharma-inc-logo-1200x675.jpg', 'source': 'Stocknews.com', 'category_within_source': 'n/a', 'source_domain': 'www.defenseworld.net', 'topics': [{'topic': 'Earnings', 'relevance_score': '0.744043'}, {'topic': 'Life Sciences', 'relevance_score': '1.0'}, {'topic': 'Financial Markets', 'relevance_score': '0.87644'}], 'overall_sentiment_score': 0.07371, 'overall_sentiment_label': 'Neutral', 'ticker_sentiment': [{'ticker': 'EVOK', 'relevance_score': '0.926237', 'ticker_sentiment_score': '0.130776', 'ticker_sentiment_label': 'Neutral'}]}, {'title': 'StockNews.com Initiates Coverage on Evoke Pharma  ( NASDAQ:EVOK ) ', 'url': 'https://www.defenseworld.net/2024/04/02/stocknews-com-initiates-coverage-on-evoke-pharma-nasdaqevok-2.html', 'time_published': '20240402T061043', 'authors': ['Defense World Staff'], 'summary': 'Equities research analysts at StockNews.com started coverage on shares of Evoke Pharma ( NASDAQ:EVOK - Get Free Report ) in a note issued to investors on Tuesday. The firm set a "sell" rating on the specialty pharmaceutical company\'s stock. EVOK opened at $0.59 on Tuesday.', 'banner_image': 'https://www.marketbeat.com/logos/evoke-pharma-inc-logo-1200x675.jpg', 'source': 'Stocknews.com', 'category_within_source': 'n/a', 'source_domain': 'www.defenseworld.net', 'topics': [{'topic': 'Earnings', 'relevance_score': '0.818451'}, {'topic': 'Life Sciences', 'relevance_score': '1.0'}, {'topic': 'Financial Markets', 'relevance_score': '0.796627'}], 'overall_sentiment_score': 0.134565, 'overall_sentiment_label': 'Neutral', 'ticker_sentiment': [{'ticker': 'EVOK', 'relevance_score': '0.889875', 'ticker_sentiment_score': '0.233901', 'ticker_sentiment_label': 'Somewhat-Bullish'}]}, {'title': 'Evoke Pharma  ( NASDAQ:EVOK )  Coverage Initiated at StockNews.com', 'url': 'https://www.defenseworld.net/2024/03/25/evoke-pharma-nasdaqevok-coverage-initiated-at-stocknews-com-2.html', 'time_published': '20240325T061843', 'authors': ['Defense World Staff'], 'summary': 'StockNews.com assumed coverage on shares of Evoke Pharma ( NASDAQ:EVOK - Get Free Report ) in a report released on Monday. The brokerage set a "sell" rating on the specialty pharmaceutical company\'s stock. Shares of Evoke Pharma stock opened at $0.60 on Monday.', 'banner_image': 'https://www.marketbeat.com/logos/evoke-pharma-inc-logo-1200x675.jpg', 'source': 'Stocknews.com', 'category_within_source': 'n/a', 'source_domain': 'www.defenseworld.net', 'topics': [{'topic': 'Earnings', 'relevance_score': '0.818451'}, {'topic': 'Life Sciences', 'relevance_score': '1.0'}, {'topic': 'Financial Markets', 'relevance_score': '0.87644'}], 'overall_sentiment_score': 0.152769, 'overall_sentiment_label': 'Somewhat-Bullish', 'ticker_sentiment': [{'ticker': 'EVOK', 'relevance_score': '0.900307', 'ticker_sentiment_score': '0.265809', 'ticker_sentiment_label': 'Somewhat-Bullish'}]}]}
[DEBUG][AlphaVantage] Parsed 5 articles for EVOK
✅ Got 5 Alpha Vantage news articles for EVOK
[DEBUG][Reddit] Raw response for EVOK: 200 {"kind": "Listing", "data": {"modhash": "", "dist": 5, "facets": {}, "after": "t3_pqcjyr", "geo_filter": "", "children": [{"kind": "t3", "data": {"approved_at_utc": null, "subreddit": "stocks", "selftext": "Archived: [Sharp US bond selloff revives flashbacks of COVID-era 'dash-for-cash' | Reuters](https://archive.ph/E0X94)\n\n  \n\\---\n\n  \nNEW YORK, April 9 (Reuters) - A violent U.S. Treasury selloff, evoking the COVID-era \"dash for cash,\" has reignited fears of fragility in the world\u2019
[DEBUG][Reddit] Parsed 5 articles for EVOK
✅ Got 5 Reddit posts for EVOK
✅ Got 0 Finnhub news articles for EVOK
[DEBUG][YahooFinance] Raw response for EVOK: 429 Too Many Requests

2025-07-10 15:48:30,894 | ERROR    | ERROR | trading_errors:0 | get_yahoo_finance_news error for EVOK: 429 Client Error: Too Many Requests for url: https://feeds.finance.yahoo.com/rss/2.0/headline?s=EVOK&region=US&lang=en-US
ERROR:trading_errors:get_yahoo_finance_news error for EVOK: 429 Client Error: Too Many Requests for url: https://feeds.finance.yahoo.com/rss/2.0/headline?s=EVOK&region=US&lang=en-US
✅ Got 0 Yahoo Finance news articles for EVOK
[DEBUG] Filtered 8 stock-specific news articles for EVOK (from 10 total)
[DEBUG] News source counts: Reddit=5, GlobeNewswire=1, Benzinga=2
🔍 Using Ollama (local) for sentiment analysis...
📝 News content being analyzed:
   Stock-specific news: 8 articles
   General news: 0 articles
   Total weight: 24.0
   News text length: 234015 characters
🔍 Ollama response for sentiment analysis:
   Content: {
    "sentiment_score": -1.0,
    "confidence": 0.8,
    "summary": "A violent US Treasury selloff has reignited fears of fragility in the world's biggest bond market, evoking memories of the COVID-19 pandemic dash-for-cash. Investors, including hedge funds, have been selling liquid assets like US government bonds to meet margin calls due to portfolio losses across asset classes."
}...
   Content length: 386
✅ Parsed JSON directly: {'sentiment_score': -1.0, 'confidence': 0.8, 'summary': "A violent US Treasury selloff has reignited fears of fragility in the world's biggest bond market, evoking memories of the COVID-19 pandemic dash-for-cash. Investors, including hedge funds, have been selling liquid assets like US government bonds to meet margin calls due to portfolio losses across asset classes."}
✅ Saved gainer EVOK (2/3)
🔍 Processing gainer CLDI (3/3)...
[DEBUG][AlphaVantage] Raw response for CLDI: {'Information': 'Invalid inputs. Please refer to the API documentation https://www.alphavantage.co/documentation#newsapi and try again.'}
[DEBUG][AlphaVantage] No feed found in response for CLDI
✅ Got 1 Alpha Vantage news articles for CLDI
[DEBUG][Reddit] Raw response for CLDI: 200 {"kind": "Listing", "data": {"modhash": "", "dist": 0, "facets": {}, "after": null, "geo_filter": "", "children": [], "before": null}}
[DEBUG][Reddit] Parsed 0 articles for CLDI
✅ Got 0 Reddit posts for CLDI
✅ Got 4 Finnhub news articles for CLDI
[DEBUG][YahooFinance] Raw response for CLDI: 429 Too Many Requests

2025-07-10 15:48:38,954 | ERROR    | ERROR | trading_errors:0 | get_yahoo_finance_news error for CLDI: 429 Client Error: Too Many Requests for url: https://feeds.finance.yahoo.com/rss/2.0/headline?s=CLDI&region=US&lang=en-US
ERROR:trading_errors:get_yahoo_finance_news error for CLDI: 429 Client Error: Too Many Requests for url: https://feeds.finance.yahoo.com/rss/2.0/headline?s=CLDI&region=US&lang=en-US
INFO:trading_app:[FRONTEND] [session_1752176622874_ae2rdcmtf] User Action: Loading Started on loadingSpinner
INFO:werkzeug:127.0.0.1 - - [10/Jul/2025 15:48:42] "POST /api/frontend_logs HTTP/1.1" 200 -
INFO:werkzeug:127.0.0.1 - - [10/Jul/2025 15:48:42] "GET /api/crypto_analysis HTTP/1.1" 200 -
INFO:trading_app:[FRONTEND] [session_1752176622874_ae2rdcmtf] User Action: Loading Ended on loadingSpinner
INFO:werkzeug:127.0.0.1 - - [10/Jul/2025 15:48:42] "POST /api/frontend_logs HTTP/1.1" 200 -
✅ Got 0 Yahoo Finance news articles for CLDI
[DEBUG] Filtered 5 stock-specific news articles for CLDI (from 5 total)
[DEBUG] News source counts: Alpha Vantage=1, Yahoo=4
🔍 Using Ollama (local) for sentiment analysis...
📝 News content being analyzed:
   Stock-specific news: 5 articles
   General news: 0 articles
   Total weight: 15.0
   News text length: 6528 characters
🔍 Ollama response for sentiment analysis:
   Content: {
    "sentiment_score": -0.2,
    "confidence": 0.6,
    "summary": "Mixed sentiment, with positive news about Calidi Biotherapeutics' platform and funding, but also neutral/informative content"...
   Content length: 195
⚠️ Direct JSON parsing failed: Expecting ',' delimiter: line 4 column 142 (char 195)
[ERROR] Could not parse AI response: {
    "sentiment_score": -0.2,
    "confidence": 0.6,
    "summary": "Mixed sentiment, with positive news about Calidi Biotherapeutics' platform and funding, but also neutral/informative content"... Exception: No JSON brackets found in response: {
    "sentiment_score": -0.2,
    "confidence": 0.6,
    "summary": "Mixed sentiment, with positive news about Calidi Biotherapeutics' platform and funding, but also neutral/informative content"...
✅ Saved gainer CLDI (3/3)
🔍 Processing loser PHH (1/3)...
[DEBUG][AlphaVantage] Raw response for PHH: {'items': '4', 'sentiment_score_definition': 'x <= -0.35: Bearish; -0.35 < x <= -0.15: Somewhat-Bearish; -0.15 < x < 0.15: Neutral; 0.15 <= x < 0.35: Somewhat_Bullish; x >= 0.35: Bullish', 'relevance_score_definition': '0 < x <= 1, with a higher score indicating higher relevance.', 'feed': [{'title': 'Dow Jumps 200 Points; US Wholesale Inventories Fall 0.3% In May - Calidi Biotherapeutics  ( AMEX:CLDI ) , Blue Gold  ( NASDAQ:BGL ) ', 'url': 'https://www.benzinga.com/news/25/07/46321522/dow-jumps-200-points-us-wholesale-inventories-fall-0-3-in-may', 'time_published': '20250709T143655', 'authors': ['Avi Kapoor'], 'summary': 'U.S. stocks traded higher this morning, with the Dow Jones index gaining more than 200 points on Wednesday. Following the market opening Wednesday, the Dow traded up 0.46% to 44,442.42 while the NASDAQ gained 0.95% to 20,611.65. The S&P 500 also rose, gaining, 0.60% to 6,262.70.', 'banner_image': 'https://cdn.benzinga.com/files/images/story/2025/07/09/Portland--Or--Usa---Mar-12--2020-Dow-Jon.jpeg?width=1200&height=800&fit=crop', 'source': 'Benzinga', 'category_within_source': 'Trading', 'source_domain': 'www.benzinga.com', 'topics': [{'topic': 'Life Sciences', 'relevance_score': '0.5'}, {'topic': 'Technology', 'relevance_score': '0.5'}, {'topic': 'Financial Markets', 'relevance_score': '0.161647'}], 'overall_sentiment_score': 0.184795, 'overall_sentiment_label': 'Somewhat-Bullish', 'ticker_sentiment': [{'ticker': 'PHH', 'relevance_score': '0.207571', 'ticker_sentiment_score': '0.416259', 'ticker_sentiment_label': 'Bullish'}, {'ticker': 'RXST', 'relevance_score': '0.207571', 'ticker_sentiment_score': '0.146826', 'ticker_sentiment_label': 'Neutral'}, {'ticker': 'SUGP', 'relevance_score': '0.207571', 'ticker_sentiment_score': '0.34045', 'ticker_sentiment_label': 'Somewhat-Bullish'}, {'ticker': 'EVOK', 'relevance_score': '0.207571', 'ticker_sentiment_score': '0.015402', 'ticker_sentiment_label': 'Neutral'}]}, {'title': 'Mr. Cooper Group, Southern States Bancshares, Corcept Therapeutics And Other Big Stocks Moving Higher On Monday - Celsius Holdings  ( NASDAQ:CELH ) , B&G Foods  ( NYSE:BGS ) ', 'url': 'https://www.benzinga.com/25/03/44565369/mr-cooper-group-southern-states-bancshares-corcept-therapeutics-and-other-big-stocks-moving-higher-on-monday', 'time_published': '20250331T154110', 'authors': ['Avi Kapoor'], 'summary': "U.S. stocks were mixed, with the Nasdaq Composite falling over 1% on Monday. Shares of Mr. Cooper Group Inc. COOP rose sharply during Monday's session after the company announced it will be acquired by Rocket Companies in a $9.4 billion all-stock deal. Mr. Cooper Group shares jumped 16.3% to $ ...", 'banner_image': 'https://cdn.benzinga.com/files/images/story/2025/03/31/Recent-Gains.jpeg?width=1200&height=800&fit=crop', 'source': 'Benzinga', 'category_within_source': 'Trading', 'source_domain': 'www.benzinga.com', 'topics': [{'topic': 'Life Sciences', 'relevance_score': '0.25'}, {'topic': 'Financial Markets', 'relevance_score': '0.161647'}, {'topic': 'Manufacturing', 'relevance_score': '0.25'}, {'topic': 'Mergers & Acquisitions', 'relevance_score': '0.360215'}, {'topic': 'Technology', 'relevance_score': '0.25'}, {'topic': 'Finance', 'relevance_score': '0.25'}], 'overall_sentiment_score': 0.314875, 'overall_sentiment_label': 'Somewhat-Bullish', 'ticker_sentiment': [{'ticker': 'DFS', 'relevance_score': '0.371523', 'ticker_sentiment_score': '0.445239', 'ticker_sentiment_label': 'Bullish'}, {'ticker': 'CELH', 'relevance_score': '0.252987', 'ticker_sentiment_score': '0.0', 'ticker_sentiment_label': 'Neutral'}, {'ticker': 'CORT', 'relevance_score': '0.252987', 'ticker_sentiment_score': '0.16181', 'ticker_sentiment_label': 'Somewhat-Bullish'}, {'ticker': 'PHH', 'relevance_score': '0.252987', 'ticker_sentiment_score': '0.584954', 'ticker_sentiment_label': 'Bullish'}, {'ticker': 'CYRX', 'relevance_score': '0.252987', 'ticker_sentiment_score': '0.233336', 'ticker_sentiment_label': 'Somewhat-Bullish'}, {'ticker': 'NVTS', 'relevance_score': '0.252987', 'ticker_sentiment_score': '0.0', 'ticker_sentiment_label': 'Neutral'}, {'ticker': 'GRRR', 'relevance_score': '0.252987', 'ticker_sentiment_score': '0.584954', 'ticker_sentiment_label': 'Bullish'}, {'ticker': 'GT', 'relevance_score': '0.371523', 'ticker_sentiment_score': '0.480416', 'ticker_sentiment_label': 'Bullish'}, {'ticker': 'FBK', 'relevance_score': '0.128135', 'ticker_sentiment_score': '0.0', 'ticker_sentiment_label': 'Neutral'}, {'ticker': 'BGS', 'relevance_score': '0.252987', 'ticker_sentiment_score': '0.0', 'ticker_sentiment_label': 'Neutral'}, {'ticker': 'SSBK', 'relevance_score': '0.252987', 'ticker_sentiment_score': '0.0', 'ticker_sentiment_label': 'Neutral'}]}, {'title': 'D. Boral Capital Served as Underwriter to Park Ha Biological Technology Co., Ltd.  ( Nasdaq: PHH )  in connection with its $4.8 Million Initial Public Offering', 'url': 'https://www.benzinga.com/pressreleases/25/01/g42811553/d-boral-capital-served-as-underwriter-to-park-ha-biological-technology-co-ltd-nasdaq-phh-in-connec', 'time_published': '20250106T130000', 'authors': ['Globe Newswire'], 'summary': 'WUXI, China, Jan. 06, 2025 ( GLOBE NEWSWIRE ) -- Park Ha Biological Technology Co., Ltd. ( the "Company" ) , a company focused on developing private skincare labels, direct skincare product sales, and franchise alliance promotions, today announced the pricing of its initial public offering ( the ...', 'banner_image': 'https://www.benzinga.com/next-assets/images/schema-image-default.png', 'source': 'Benzinga', 'category_within_source': 'General', 'source_domain': 'www.benzinga.com', 'topics': [{'topic': 'IPO', 'relevance_score': '0.682689'}, {'topic': 'Technology', 'relevance_score': '1.0'}, {'topic': 'Financial Markets', 'relevance_score': '0.818451'}], 'overall_sentiment_score': 0.188573, 'overall_sentiment_label': 'Somewhat-Bullish', 'ticker_sentiment': [{'ticker': 'PHH', 'relevance_score': '0.1331', 'ticker_sentiment_score': '0.196543', 'ticker_sentiment_label': 'Somewhat-Bullish'}]}, {'title': 'Park Ha Biological Technology Co., Ltd. Announces Closing of $4.8 Million Initial Public Offering', 'url': 'https://www.globenewswire.com/news-release/2024/12/30/3002924/0/en/Park-Ha-Biological-Technology-Co-Ltd-Announces-Closing-of-4-8-Million-Initial-Public-Offering.html', 'time_published': '20241230T223000', 'authors': ['Park Ha Biological Technology Co.', 'Ltd.'], 'summary': 'Wuxi, China, Dec. 30, 2024 ( GLOBE NEWSWIRE ) -- Park Ha Biological Technology Co., Ltd. ( Nasdaq: PHH ) ( the "Company" ) , a company focused on developing private skincare labels, direct skincare product sales, and franchise alliance promotions, today announced the closing of its initial ...', 'banner_image': 'https://ml.globenewswire.com/Resource/Download/1faf526e-92a2-4cc9-a035-01b9b89d02b4', 'source': 'GlobeNewswire', 'category_within_source': 'n/a', 'source_domain': 'www.globenewswire.com', 'topics': [{'topic': 'IPO', 'relevance_score': '0.682689'}, {'topic': 'Technology', 'relevance_score': '1.0'}, {'topic': 'Financial Markets', 'relevance_score': '0.714479'}], 'overall_sentiment_score': 0.186504, 'overall_sentiment_label': 'Somewhat-Bullish', 'ticker_sentiment': [{'ticker': 'PHH', 'relevance_score': '0.22574', 'ticker_sentiment_score': '0.286971', 'ticker_sentiment_label': 'Somewhat-Bullish'}]}]}
[DEBUG][AlphaVantage] Parsed 4 articles for PHH
✅ Got 4 Alpha Vantage news articles for PHH
[DEBUG][Reddit] Raw response for PHH: 200 {"kind": "Listing", "data": {"modhash": "", "dist": 2, "facets": {}, "after": null, "geo_filter": "", "children": [{"kind": "t3", "data": {"approved_at_utc": null, "subreddit": "stocks", "selftext": "#Good morning traders of the r/stocks sub! Welcome to Friday, and the final trading day of September and Q3! Here are your stock movers &amp; news this morning-\n\n*****\n\n#[Frontrunning: September 28th](https://www.cnbc.com/2018/09/28/stocks-making-the-biggest-move-premarket-bb-low-mtn-tesla-ba--m
[DEBUG][Reddit] Parsed 2 articles for PHH
✅ Got 2 Reddit posts for PHH
📊 Returning cached crypto analysis results
✅ Got 1 Finnhub news articles for PHH
[DEBUG][YahooFinance] Raw response for PHH: 429 Too Many Requests

2025-07-10 15:48:44,425 | ERROR    | ERROR | trading_errors:0 | get_yahoo_finance_news error for PHH: 429 Client Error: Too Many Requests for url: https://feeds.finance.yahoo.com/rss/2.0/headline?s=PHH&region=US&lang=en-US
ERROR:trading_errors:get_yahoo_finance_news error for PHH: 429 Client Error: Too Many Requests for url: https://feeds.finance.yahoo.com/rss/2.0/headline?s=PHH&region=US&lang=en-US
✅ Got 0 Yahoo Finance news articles for PHH
[DEBUG] Filtered 4 stock-specific news articles for PHH (from 7 total)
[DEBUG] News source counts: Reddit=2, GlobeNewswire=1, Benzinga=1
🔍 Using Ollama (local) for sentiment analysis...
📝 News content being analyzed:
   Stock-specific news: 4 articles
   General news: 0 articles
   Total weight: 12.0
   News text length: 89862 characters
🔍 Ollama response for sentiment analysis:
   Content: It appears that the provided text is not a stock market news article or discussion, but rather a collection of unrelated news articles and announcements about companies, including Park Ha Biological Technology Co., Ltd.

There is no specific information about stocks, trading, or market trends in the provided text. However, I can provide some general information about the companies mentioned:

* Park Ha Biological Technology Co., Ltd. is a Chinese company that focuses on developing private skinca...
   Content length: 918
⚠️ Direct JSON parsing failed: Expecting value: line 1 column 1 (char 0)
[ERROR] Could not parse AI response: It appears that the provided text is not a stock market news article or discussion, but rather a collection of unrelated news articles and announcements about companies, including Park Ha Biological Technology Co., Ltd.

There is no specific information about stocks, trading, or market trends in the provided text. However, I can provide some general information about the companies mentioned:

* Park Ha Biological Technology Co., Ltd. is a Chinese company that focuses on developing private skinca... Exception: No JSON brackets found in response: It appears that the provided text is not a stock market news article or discussion, but rather a collection of unrelated news articles and announcements about companies, including Park Ha Biological T...
✅ Saved loser PHH (1/3)
🔍 Processing loser BMNR (2/3)...
[DEBUG][AlphaVantage] Raw response for BMNR: {'items': '44', 'sentiment_score_definition': 'x <= -0.35: Bearish; -0.35 < x <= -0.15: Somewhat-Bearish; -0.15 < x < 0.15: Neutral; 0.15 <= x < 0.35: Somewhat_Bullish; x >= 0.35: Bullish', 'relevance_score_definition': '0 < x <= 1, with a higher score indicating higher relevance.', 'feed': [{'title': "Methode Electronics, Ultragenyx Pharmaceutical And Other Big Stocks Moving Lower In Thursday's Pre-Market Session - BitMine Immersion Techs  ( AMEX:BMNR ) , Altimmune  ( NASDAQ:ALT ) ", 'url': 'https://www.benzinga.com/trading-ideas/movers/25/07/46340269/methode-electronics-ultragenyx-pharmaceutical-and-other-big-stocks-moving-lower-in-thursdays', 'time_published': '20250710T120022', 'authors': ['Avi Kapoor'], 'summary': "U.S. stock futures were lower this morning, with the Dow futures falling around 100 points on Thursday. Shares of Methode Electronics, Inc. MEI fell sharply in today's pre-market trading after the company reported a fourth-quarter adjusted EPS miss.", 'banner_image': 'https://cdn.benzinga.com/files/images/story/2025/07/10/Stuttgart--Germany---07-06-2023-Mobile-P.jpeg?width=1200&height=800&fit=crop', 'source': 'Benzinga', 'category_within_source': 'Trading', 'source_domain': 'www.benzinga.com', 'topics': [{'topic': 'Life Sciences', 'relevance_score': '0.5'}, {'topic': 'Financial Markets', 'relevance_score': '0.658903'}, {'topic': 'Manufacturing', 'relevance_score': '0.5'}, {'topic': 'Earnings', 'relevance_score': '0.495866'}], 'overall_sentiment_score': -0.00976, 'overall_sentiment_label': 'Neutral', 'ticker_sentiment': [{'ticker': 'BMNR', 'relevance_score': '0.353898', 'ticker_sentiment_score': '-0.079159', 'ticker_sentiment_label': 'Neutral'}, {'ticker': 'MEI', 'relevance_score': '0.459624', 'ticker_sentiment_score': '-0.012547', 'ticker_sentiment_label': 'Neutral'}, {'ticker': 'SCAG', 'relevance_score': '0.240489', 'ticker_sentiment_score': '0.186216', 'ticker_sentiment_label': 'Somewhat-Bullish'}, {'ticker': 'MTSR', 'relevance_score': '0.240489', 'ticker_sentiment_score': '-0.023778', 'ticker_sentiment_label': 'Neutral'}, {'ticker': 'RARE', 'relevance_score': '0.240489', 'ticker_sentiment_score': '0.0', 'ticker_sentiment_label': 'Neutral'}, {'ticker': 'ALT', 'relevance_score': '0.353898', 'ticker_sentiment_score': '0.433514', 'ticker_sentiment_label': 'Bullish'}, {'ticker': 'MREO', 'relevance_score': '0.459624', 'ticker_sentiment_score': '-0.041988', 'ticker_sentiment_label': 'Neutral'}, {'ticker': 'HBNB', 'relevance_score': '0.240489', 'ticker_sentiment_score': '0.0', 'ticker_sentiment_label': 'Neutral'}]}, {'title': "What's Going On With BitMine Stock Today? - BitMine Immersion Techs  ( AMEX:BMNR ) ", 'url': 'https://www.benzinga.com/trading-ideas/movers/25/07/46328447/whats-going-on-with-bitmine-stock-today', 'time_published': '20250709T181448', 'authors': ['Vaishali Prayag'], 'summary': 'BitMine shares are tumbling 40% on Wednesday. BitMine enters into a Controlled Equity Offering Sales Agreement and closes a $250 million private placement. Up Next: Get 5 Dark Horse Stocks Wall Street Is Quietly Loading Up On Shares of BitMine Immersion Technologies Inc.', 'banner_image': 'https://cdn.benzinga.com/files/images/story/2025/07/09/Tech-ETFs.jpeg?width=1200&height=800&fit=crop', 'source': 'Benzinga', 'category_within_source': 'News', 'source_domain': 'www.benzinga.com', 'topics': [{'topic': 'Blockchain', 'relevance_score': '0.310843'}, {'topic': 'Financial Markets', 'relevance_score': '0.929393'}], 'overall_sentiment_score': 0.195132, 'overall_sentiment_label': 'Somewhat-Bullish', 'ticker_sentiment': [{'ticker': 'BMNR', 'relevance_score': '0.375251', 'ticker_sentiment_score': '0.232692', 'ticker_sentiment_label': 'Somewhat-Bullish'}, {'ticker': 'CRYPTO:ETH', 'relevance_score': '0.807885', 'ticker_sentiment_score': '0.361379', 'ticker_sentiment_label': 'Bullish'}]}, {'title': 'Crude Oil Moves Higher; RxSight Shares Plunge - BitMine Immersion Techs  ( AMEX:BMNR ) , Calidi Biotherapeutics  ( AMEX:CLDI ) ', 'url': 'https://www.benzinga.com/markets/market-summary/25/07/46327297/crude-oil-moves-higher-rxsight-shares-plunge', 'time_published': '20250709T173345', 'authors': ['Avi Kapoor'], 'summary': 'U.S. stocks traded higher midway through trading, with the Nasdaq Composite gaining more than 100 points on Wednesday. The Dow traded up 0.18% to 44,319.31 while the NASDAQ gained 0.62% to 20,545.29. The S&P 500 also rose, gaining, 0.31% to 6,245.11. Communication services shares jumped by 1.1% ...', 'banner_image': 'https://cdn.benzinga.com/files/images/story/2025/07/09/Oil-Tanker-Underway-Towards-Open-Sea--Cr.jpeg?width=1200&height=800&fit=crop', 'source': 'Benzinga', 'category_within_source': 'Trading', 'source_domain': 'www.benzinga.com', 'topics': [{'topic': 'Life Sciences', 'relevance_score': '0.5'}, {'topic': 'IPO', 'relevance_score': '0.158519'}, {'topic': 'Financial Markets', 'relevance_score': '0.214378'}, {'topic': 'Technology', 'relevance_score': '0.5'}], 'overall_sentiment_score': 0.134939, 'overall_sentiment_label': 'Neutral', 'ticker_sentiment': [{'ticker': 'BMNR', 'relevance_score': '0.29234', 'ticker_sentiment_score': '0.341889', 'ticker_sentiment_label': 'Somewhat-Bullish'}, {'ticker': 'EVTL', 'relevance_score': '0.197413', 'ticker_sentiment_score': '-0.094816', 'ticker_sentiment_label': 'Neutral'}, {'ticker': 'RXST', 'relevance_score': '0.197413', 'ticker_sentiment_score': '0.141361', 'ticker_sentiment_label': 'Neutral'}, {'ticker': 'SUGP', 'relevance_score': '0.197413', 'ticker_sentiment_score': '0.3287', 'ticker_sentiment_label': 'Somewhat-Bullish'}, {'ticker': 'EVOK', 'relevance_score': '0.197413', 'ticker_sentiment_score': '0.014821', 'ticker_sentiment_label': 'Neutral'}]}, {'title': "GameSquare Stock Is Ripping Higher Wednesday: What's Driving The Momentum? - GameSquare Holdings  ( NASDAQ:GAME ) ", 'url': 'https://www.benzinga.com/trading-ideas/movers/25/07/46325967/gamesquare-stock-is-ripping-higher-wednesday-whats-driving-the-momentum', 'time_published': '20250709T165305', 'authors': ['Adam Eckert'], 'summary': 'GameSquare Holdings Inc GAME shares continue to move higher on Wednesday after the company announced plans to launch an Ethereum ETH/USD treasury strategy. What To Know: Micro-cap stock GameSquare rallied more than 58% on Tuesday after the company announced an offering and said it intends to use ...', 'banner_image': 'https://cdn.benzinga.com/files/images/story/2025/07/09/Closeup-Of-Golden-Ethereum-Cryptocurrenc.jpeg?width=1200&height=800&fit=crop', 'source': 'Benzinga', 'category_within_source': 'News', 'source_domain': 'www.benzinga.com', 'topics': [{'topic': 'Financial Markets', 'relevance_score': '0.214378'}, {'topic': 'Manufacturing', 'relevance_score': '0.333333'}, {'topic': 'Technology', 'relevance_score': '0.333333'}, {'topic': 'Finance', 'relevance_score': '0.333333'}, {'topic': 'Blockchain', 'relevance_score': '0.310843'}], 'overall_sentiment_score': 0.355383, 'overall_sentiment_label': 'Bullish', 'ticker_sentiment': [{'ticker': 'BMNR', 'relevance_score': '0.101154', 'ticker_sentiment_score': '0.30718', 'ticker_sentiment_label': 'Somewhat-Bullish'}, {'ticker': 'SBET', 'relevance_score': '0.101154', 'ticker_sentiment_score': '0.30718', 'ticker_sentiment_label': 'Somewhat-Bullish'}, {'ticker': 'BTBT', 'relevance_score': '0.101154', 'ticker_sentiment_score': '0.30718', 'ticker_sentiment_label': 'Somewhat-Bullish'}, {'ticker': 'GAME', 'relevance_score': '0.690822', 'ticker_sentiment_score': '0.484662', 'ticker_sentiment_label': 'Bullish'}, {'ticker': 'CRYPTO:ETH', 'relevance_score': '0.796338', 'ticker_sentiment_score': '0.579727', 'ticker_sentiment_label': 'Bullish'}]}, {'title': 'GameSquare Shares Spike 6% In After-Hours Trading After Company Approves $100 Million Investment In Ethereum - Grayscale Ethereum Mini Trust  ( ETH )  Common units of fractional undivided beneficial interest  ( ARCA:ETH ) ', 'url': 'https://www.benzinga.com/trading-ideas/movers/25/07/46312490/gamesquare-shares-spike-6-in-after-hours-trading-after-company-approves-100-million-investme', 'time_published': '20250709T062258', 'authors': ['Aniket Verma'], 'summary': 'GameSquare Holdings, Inc. GAME shares climbed higher after-hours after a $100 million Ethereum ETH/USD investment announcement spurred a 58% rally on Tuesday. What Happened: The firm disclosed the pricing details of its underwritten public offering for the sale of 8.42 million shares of common ...', 'banner_image': 'https://cdn.benzinga.com/files/images/story/2025/07/09/Eth-Coin-With-Blurred-Candlestick-Chart-.jpeg?width=1200&height=800&fit=crop', 'source': 'Benzinga', 'category_within_source': 'Trading', 'source_domain': 'www.benzinga.com', 'topics': [{'topic': 'IPO', 'relevance_score': '0.158519'}, {'topic': 'Financial Markets', 'relevance_score': '0.990999'}, {'topic': 'Technology', 'relevance_score': '0.5'}, {'topic': 'Finance', 'relevance_score': '0.5'}, {'topic': 'Blockchain', 'relevance_score': '0.158519'}], 'overall_sentiment_score': 0.25241, 'overall_sentiment_label': 'Somewhat-Bullish', 'ticker_sentiment': [{'ticker': 'BMNR', 'relevance_score': '0.236972', 'ticker_sentiment_score': '0.118312', 'ticker_sentiment_label': 'Neutral'}, {'ticker': 'BTBT', 'relevance_score': '0.236972', 'ticker_sentiment_score': '0.134186', 'ticker_sentiment_label': 'Neutral'}, {'ticker': 'GAME', 'relevance_score': '0.453501', 'ticker_sentiment_score': '0.146296', 'ticker_sentiment_label': 'Neutral'}, {'ticker': 'CRYPTO:BTC', 'relevance_score': '0.348919', 'ticker_sentiment_score': '0.293427', 'ticker_sentiment_label': 'Somewhat-Bullish'}, {'ticker': 'CRYPTO:ETH', 'relevance_score': '0.772194', 'ticker_sentiment_score': '0.396139', 'ticker_sentiment_label': 'Bullish'}]}, {'title': "Tom Lee Loves Ethereum, But Is Solana Quietly Taking Over? This Expert Says SOL Will 'Outperform' ETH - Here's More - Grayscale Ethereum Mini Trust  ( ETH )  Common units of fractional undivided beneficial interest  ( ARCA:ETH ) ", 'url': 'https://www.benzinga.com/crypto/cryptocurrency/25/07/46293440/tom-lee-loves-ethereum-but-is-solana-quietly-taking-over-this-expert-says-sol-will-outperfo', 'time_published': '20250708T120550', 'authors': ['Rishabh Mishra'], 'summary': 'As the CIO of Fundstrat Capital, Tom Lee doubles down on Ethereum ETH/USD; however, Fred Krueger challenges this Ethereum-centric narrative, noting Solana\'s SOL/USD "rising dominance."', 'banner_image': 'https://cdn.benzinga.com/files/images/story/2025/07/08/Close-Up-Of-Golden-Solana-Cryptocurrency.jpeg?width=1200&height=800&fit=crop', 'source': 'Benzinga', 'category_within_source': 'Markets', 'source_domain': 'www.benzinga.com', 'topics': [{'topic': 'Financial Markets', 'relevance_score': '0.858979'}, {'topic': 'Technology', 'relevance_score': '0.5'}, {'topic': 'Finance', 'relevance_score': '0.5'}, {'topic': 'Blockchain', 'relevance_score': '0.769861'}], 'overall_sentiment_score': 0.215162, 'overall_sentiment_label': 'Somewhat-Bullish', 'ticker_sentiment': [{'ticker': 'BMNR', 'relevance_score': '0.137278', 'ticker_sentiment_score': '0.083136', 'ticker_sentiment_label': 'Neutral'}, {'ticker': 'IVZ', 'relevance_score': '0.068896', 'ticker_sentiment_score': '0.229319', 'ticker_sentiment_label': 'Somewhat-Bullish'}, {'ticker': 'MSTR', 'relevance_score': '0.068896', 'ticker_sentiment_score': '0.069209', 'ticker_sentiment_label': 'Neutral'}, {'ticker': 'CRYPTO:BTC', 'relevance_score': '0.510838', 'ticker_sentiment_score': '0.100321', 'ticker_sentiment_label': 'Neutral'}, {'ticker': 'CRYPTO:ETH', 'relevance_score': '0.899545', 'ticker_sentiment_score': '0.312634', 'ticker_sentiment_label': 'Somewhat-Bullish'}]}, {'title': 'This Formerly High-Flying Cryptocurrency Has the Potential to Become the New Bitcoin, According to Tom Lee of Fundstrat', 'url': 'https://www.fool.com/investing/2025/07/08/high-flying-cryptocurrency-new-bitcoin/', 'time_published': '20250708T113000', 'authors': ['Dominic Basulto'], 'summary': 'The Bitcoin treasury company model pioneered by Strategy is going fully mainstream. In fact, Wall Street is now adapting this business model for other cryptocurrencies beyond just Bitcoin.On June 30, Tom Lee of Fundstrat announced that he was becoming the chairman of BitMine Immersion ...', 'banner_image': 'https://g.foolcdn.com/image/?url=https%3A%2F%2Fg.foolcdn.com%2Feditorial%2Fimages%2F823852%2Fshocked-investor-with-smartphone.jpg&op=resize&w=700', 'source': 'Motley Fool', 'category_within_source': 'n/a', 'source_domain': 'www.fool.com', 'topics': [{'topic': 'Finance', 'relevance_score': '1.0'}, {'topic': 'Blockchain', 'relevance_score': '1.0'}, {'topic': 'Financial Markets', 'relevance_score': '0.161647'}], 'overall_sentiment_score': 0.282477, 'overall_sentiment_label': 'Somewhat-Bullish', 'ticker_sentiment': [{'ticker': 'BMNR', 'relevance_score': '0.051886', 'ticker_sentiment_score': '-0.00399', 'ticker_sentiment_label': 'Neutral'}, {'ticker': 'COIN', 'relevance_score': '0.051886', 'ticker_sentiment_score': '0.158981', 'ticker_sentiment_label': 'Somewhat-Bullish'}, {'ticker': 'FOREX:USD', 'relevance_score': '0.103554', 'ticker_sentiment_score': '0.128454', 'ticker_sentiment_label': 'Neutral'}, {'ticker': 'CRYPTO:BTC', 'relevance_score': '0.565145', 'ticker_sentiment_score': '0.390602', 'ticker_sentiment_label': 'Bullish'}, {'ticker': 'CRYPTO:ETH', 'relevance_score': '0.921091', 'ticker_sentiment_score': '0.468745', 'ticker_sentiment_label': 'Bullish'}]}, {'title': "What's Going On With SharpLink Gaming  ( SBET )  Stock? - SharpLink Gaming  ( NASDAQ:SBET ) ", 'url': 'https://www.benzinga.com/trading-ideas/movers/25/07/46284263/whats-going-on-with-sharplink-gaming-sbet-stock', 'time_published': '20250707T195453', 'authors': ['Vaishali Prayag'], 'summary': 'SharpLink Gaming shares trade as high as $15.17 and as low as $12.50 in a volatile session on Monday. The company will ring the closing bell at the Nasdaq on Monday to celebrate its Ethereum treasury strategy.', 'banner_image': 'https://cdn.benzinga.com/files/images/story/2025/07/07/Golden-Ethereum-Is-An-Asset-Of-Choice-Fo.jpeg?width=1200&height=800&fit=crop', 'source': 'Benzinga', 'category_within_source': 'News', 'source_domain': 'www.benzinga.com', 'topics': [{'topic': 'Economy - Monetary', 'relevance_score': '0.158519'}, {'topic': 'Financial Markets', 'relevance_score': '0.459462'}, {'topic': 'Manufacturing', 'relevance_score': '0.5'}, {'topic': 'Finance', 'relevance_score': '0.5'}], 'overall_sentiment_score': 0.194131, 'overall_sentiment_label': 'Somewhat-Bullish', 'ticker_sentiment': [{'ticker': 'BMNR', 'relevance_score': '0.097854', 'ticker_sentiment_score': '0.0', 'ticker_sentiment_label': 'Neutral'}, {'ticker': 'SBET', 'relevance_score': '0.377142', 'ticker_sentiment_score': '0.079853', 'ticker_sentiment_label': 'Neutral'}, {'ticker': 'BTBT', 'relevance_score': '0.194242', 'ticker_sentiment_score': '0.172353', 'ticker_sentiment_label': 'Somewhat-Bullish'}, {'ticker': 'CRYPTO:ETH', 'relevance_score': '0.890037', 'ticker_sentiment_score': '0.467195', 'ticker_sentiment_label': 'Bullish'}]}, {'title': "Tesla, Quantum-Si And Other Big Stocks Moving Lower In Monday's Pre-Market Session - BitMine Immersion Techs  ( AMEX:BMNR ) , Aebi Schmidt Holding  ( NASDAQ:AEBI ) ", 'url': 'https://www.benzinga.com/trading-ideas/movers/25/07/46272198/tesla-quantum-si-and-other-big-stocks-moving-lower-in-mondays-pre-market-session', 'time_published': '20250707T121956', 'authors': ['Avi Kapoor'], 'summary': "U.S. stock futures were mixed this morning, with the Dow futures gaining around 0.1% on Monday. Shares of Tesla, Inc. TSLA fell sharply in today's pre-market trading in response to CEO Elon Musk's re-entry into the political landscape amid his ongoing dispute with President Donald Trump over the ...", 'banner_image': 'https://cdn.benzinga.com/files/images/story/2025/07/07/Tesla_4.jpeg?width=1200&height=800&fit=crop', 'source': 'Benzinga', 'category_within_source': 'Trading', 'source_domain': 'www.benzinga.com', 'topics': [{'topic': 'Financial Markets', 'relevance_score': '0.999922'}, {'topic': 'Manufacturing', 'relevance_score': '0.333333'}, {'topic': 'Real Estate & Construction', 'relevance_score': '0.333333'}, {'topic': 'Technology', 'relevance_score': '0.333333'}], 'overall_sentiment_score': 0.039604, 'overall_sentiment_label': 'Neutral', 'ticker_sentiment': [{'ticker': 'BMNR', 'relevance_score': '0.388879', 'ticker_sentiment_score': '0.218554', 'ticker_sentiment_label': 'Somewhat-Bullish'}, {'ticker': 'SCAG', 'relevance_score': '0.265378', 'ticker_sentiment_score': '-0.212021', 'ticker_sentiment_label': 'Somewhat-Bearish'}, {'ticker': 'TSLA', 'relevance_score': '0.502207', 'ticker_sentiment_score': '0.375818', 'ticker_sentiment_label': 'Bullish'}, {'ticker': 'SKM', 'relevance_score': '0.265378', 'ticker_sentiment_score': '-0.499045', 'ticker_sentiment_label': 'Bearish'}, {'ticker': 'AEBI', 'relevance_score': '0.265378', 'ticker_sentiment_score': '-0.025677', 'ticker_sentiment_label': 'Neutral'}, {'ticker': 'QSI', 'relevance_score': '0.265378', 'ticker_sentiment_score': '-0.221493', 'ticker_sentiment_label': 'Somewhat-Bearish'}, {'ticker': 'GDS', 'relevance_score': '0.265378', 'ticker_sentiment_score': '-0.500624', 'ticker_sentiment_label': 'Bearish'}, {'ticker': 'BULL', 'relevance_score': '0.265378', 'ticker_sentiment_score': '-0.499045', 'ticker_sentiment_label': 'Bearish'}, {'ticker': 'CRYPTO:ETH', 'relevance_score': '0.13459', 'ticker_sentiment_score': '0.101381', 'ticker_sentiment_label': 'Neutral'}]}, {'title': 'Why Apogee Therapeutics Shares Are Trading Higher By 50%; Here Are 20 Stocks Moving Premarket - Apogee Therapeutics  ( NASDAQ:APGE ) , Apogee Enterprises  ( NASDAQ:APOG ) ', 'url': 'https://www.benzinga.com/news/25/07/46270242/why-apogee-therapeutics-shares-are-trading-higher-by-50-here-are-20-stocks-moving-premarket', 'time_published': '20250707T102601', 'authors': ['Avi Kapoor'], 'summary': "Shares of Apogee Therapeutics, Inc. APGE rose sharply in today's pre-market trading after the company disclosed positive 16-week data from Phase 2 APEX clinical trial of APG777, its potentially best-in-class anti-IL-13 antibody, in moderate-to-severe atopic dermatitis.", 'banner_image': 'https://cdn.benzinga.com/files/images/story/2025/07/07/Section-Of-A-Financial-Newspaper-Titled-.jpeg?width=1200&height=800&fit=crop', 'source': 'Benzinga', 'category_within_source': 'Markets', 'source_domain': 'www.benzinga.com', 'topics': [{'topic': 'Life Sciences', 'relevance_score': '0.2'}, {'topic': 'Financial Markets', 'relevance_score': '1.0'}, {'topic': 'Manufacturing', 'relevance_score': '0.2'}, {'topic': 'Energy & Transportation', 'relevance_score': '0.2'}, {'topic': 'Real Estate & Construction', 'relevance_score': '0.2'}, {'topic': 'Technology', 'relevance_score': '0.2'}], 'overall_sentiment_score': 0.118966, 'overall_sentiment_label': 'Neutral', 'ticker_sentiment': [{'ticker': 'KWM', 'relevance_score': '0.165031', 'ticker_sentiment_score': '0.413197', 'ticker_sentiment_label': 'Bullish'}, {'ticker': 'INHD', 'relevance_score': '0.165031', 'ticker_sentiment_score': '0.0', 'ticker_sentiment_label': 'Neutral'}, {'ticker': 'CAPMF', 'relevance_score': '0.082963', 'ticker_sentiment_score': '0.144114', 'ticker_sentiment_label': 'Neutral'}, {'ticker': 'QSI', 'relevance_score': '0.165031', 'ticker_sentiment_score': '-0.155063', 'ticker_sentiment_label': 'Somewhat-Bearish'}, {'ticker': 'SY', 'relevance_score': '0.165031', 'ticker_sentiment_score': '0.453511', 'ticker_sentiment_label': 'Bullish'}, {'ticker': 'MDIA', 'relevance_score': '0.165031', 'ticker_sentiment_score': '-0.148301', 'ticker_sentiment_label': 'Neutral'}, {'ticker': 'BULL', 'relevance_score': '0.165031', 'ticker_sentiment_score': '-0.365626', 'ticker_sentiment_label': 'Bearish'}, {'ticker': 'MULN', 'relevance_score': '0.245339', 'ticker_sentiment_score': '0.361073', 'ticker_sentiment_label': 'Bullish'}, {'ticker': 'RGC', 'relevance_score': '0.165031', 'ticker_sentiment_score': '0.057904', 'ticker_sentiment_label': 'Neutral'}, {'ticker': 'BMNR', 'relevance_score': '0.245339', 'ticker_sentiment_score': '0.154687', 'ticker_sentiment_label': 'Somewhat-Bullish'}, {'ticker': 'PMAX', 'relevance_score': '0.165031', 'ticker_sentiment_score': '0.073827', 'ticker_sentiment_label': 'Neutral'}, {'ticker': 'YGMZ', 'relevance_score': '0.245339', 'ticker_sentiment_score': '0.039174', 'ticker_sentiment_label': 'Neutral'}, {'ticker': 'APGE', 'relevance_score': '0.245339', 'ticker_sentiment_score': '0.219064', 'ticker_sentiment_label': 'Somewhat-Bullish'}, {'ticker': 'TSLA', 'relevance_score': '0.165031', 'ticker_sentiment_score': '0.024085', 'ticker_sentiment_label': 'Neutral'}, {'ticker': 'XRTX', 'relevance_score': '0.165031', 'ticker_sentiment_score': '-0.420818', 'ticker_sentiment_label': 'Bearish'}, {'ticker': 'LIXT', 'relevance_score': '0.165031', 'ticker_sentiment_score': '0.238646', 'ticker_sentiment_label': 'Somewhat-Bullish'}, {'ticker': 'SONN', 'relevance_score': '0.165031', 'ticker_sentiment_score': '0.078564', 'ticker_sentiment_label': 'Neutral'}, {'ticker': 'WNS', 'relevance_score': '0.245339', 'ticker_sentiment_score': '0.258283', 'ticker_sentiment_label': 'Somewhat-Bullish'}, {'ticker': 'CRYPTO:BTC', 'relevance_score': '0.082963', 'ticker_sentiment_score': '0.208206', 'ticker_sentiment_label': 'Somewhat-Bullish'}, {'ticker': 'CRYPTO:ETH', 'relevance_score': '0.082963', 'ticker_sentiment_score': '0.084614', 'ticker_sentiment_label': 'Neutral'}]}, {'title': 'Why BitMine Immersion Technologies Stock Skyrocketed Today', 'url': 'https://www.fool.com/investing/2025/07/03/why-bitmine-immersion-technologies-stock-skyrocket/', 'time_published': '20250703T223405', 'authors': ['Keith Noonan'], 'summary': "BitMine Immersion Technologies ( NYSEMKT: BMNR ) stock posted another day of explosive gains in Thursday's trading -- ending the session up 130.8%. The company's share price is up roughly 2,450% over the last week. News that Wall Street strategist Tom Lee is joining Bitmine in a push to make ...", 'banner_image': 'https://g.foolcdn.com/image/?url=https%3A%2F%2Fg.foolcdn.com%2Feditorial%2Fimages%2F823910%2Fgettyimages-1352396871.jpg&op=resize&w=700', 'source': 'Motley Fool', 'category_within_source': 'n/a', 'source_domain': 'www.fool.com', 'topics': [{'topic': 'Blockchain', 'relevance_score': '0.451494'}, {'topic': 'Financial Markets', 'relevance_score': '0.996023'}], 'overall_sentiment_score': 0.262093, 'overall_sentiment_label': 'Somewhat-Bullish', 'ticker_sentiment': [{'ticker': 'BMNR', 'relevance_score': '0.220809', 'ticker_sentiment_score': '0.081459', 'ticker_sentiment_label': 'Neutral'}, {'ticker': 'BNXYF', 'relevance_score': '0.111488', 'ticker_sentiment_score': '0.19329', 'ticker_sentiment_label': 'Somewhat-Bullish'}, {'ticker': 'CRYPTO:BTC', 'relevance_score': '0.220809', 'ticker_sentiment_score': '0.305729', 'ticker_sentiment_label': 'Somewhat-Bullish'}, {'ticker': 'CRYPTO:ETH', 'relevance_score': '0.59972', 'ticker_sentiment_score': '0.338837', 'ticker_sentiment_label': 'Somewhat-Bullish'}]}, {'title': 'BitMine Trading Halted Twice as Ethereum Treasury Firm Soars', 'url': 'https://decrypt.co/328492/bitmine-trading-halted-twice-ethereum-treasury-firm-soars', 'time_published': '20250703T190445', 'authors': ['André Beganski'], 'summary': "Investors who participated in BitMine's private placement paid $4.50 per share, but they can't sell their shares yet.", 'banner_image': 'https://cdn.decrypt.co/resize/1024/height/512/wp-content/uploads/2025/05/Ethereum-decrypt-style-01-gID_7.png', 'source': 'Decrypt.co', 'category_within_source': 'n/a', 'source_domain': 'decrypt.co', 'topics': [{'topic': 'Finance', 'relevance_score': '1.0'}, {'topic': 'Blockchain', 'relevance_score': '0.451494'}, {'topic': 'Financial Markets', 'relevance_score': '0.796627'}], 'overall_sentiment_score': 0.295902, 'overall_sentiment_label': 'Somewhat-Bullish', 'ticker_sentiment': [{'ticker': 'BMNR', 'relevance_score': '0.08687', 'ticker_sentiment_score': '0.203605', 'ticker_sentiment_label': 'Somewhat-Bullish'}, {'ticker': 'GS', 'relevance_score': '0.08687', 'ticker_sentiment_score': '0.134017', 'ticker_sentiment_label': 'Neutral'}, {'ticker': 'CRYPTO:BTC', 'relevance_score': '0.256538', 'ticker_sentiment_score': '0.152017', 'ticker_sentiment_label': 'Somewhat-Bullish'}, {'ticker': 'CRYPTO:ETH', 'relevance_score': '0.337427', 'ticker_sentiment_score': '0.391839', 'ticker_sentiment_label': 'Bullish'}]}, {'title': 'ETH news update: Will expanding corporate Ether treasuries send price to $2.8K?', 'url': 'https://cointelegraph.com/news/eth-news-update-will-expanding-corporate-ether-treasuries-send-price-to-dollar2-8k', 'time_published': '20250703T173302', 'authors': ['Rakesh Upadhyay'], 'summary': 'Growth in companies adding to their ETH treasuries and the acceleration of Ethereum adoption in TradFi could send Ether price to $2,800.', 'banner_image': 'https://s3.cointelegraph.com/uploads/2025-07/0197d0f7-4bfc-7eb3-bf55-3517c12b08ce', 'source': 'Cointelegraph', 'category_within_source': 'n/a', 'source_domain': 'cointelegraph.com', 'topics': [{'topic': 'Finance', 'relevance_score': '0.5'}, {'topic': 'Manufacturing', 'relevance_score': '0.5'}], 'overall_sentiment_score': -0.045994, 'overall_sentiment_label': 'Neutral', 'ticker_sentiment': [{'ticker': 'BMNR', 'relevance_score': '0.136113', 'ticker_sentiment_score': '0.122607', 'ticker_sentiment_label': 'Neutral'}, {'ticker': 'SBET', 'relevance_score': '0.136113', 'ticker_sentiment_score': '0.122607', 'ticker_sentiment_label': 'Neutral'}, {'ticker': 'BTBT', 'relevance_score': '0.136113', 'ticker_sentiment_score': '0.122607', 'ticker_sentiment_label': 'Neutral'}, {'ticker': 'CRYPTO:ETH', 'relevance_score': '0.913524', 'ticker_sentiment_score': '0.076307', 'ticker_sentiment_label': 'Neutral'}]}, {'title': "SharpLink Gaming  ( SBET )  Stock Is Trending Today: What's Going On? - SharpLink Gaming  ( NASDAQ:SBET ) ", 'url': 'https://www.benzinga.com/trading-ideas/movers/25/07/46250801/sharplink-gaming-sbet-stock-is-trending-today-whats-going-on', 'time_published': '20250703T165044', 'authors': ['Adam Eckert'], 'summary': 'Companies adopting Ethereum treasury strategies are in the spotlight this week. SharpLink announces that it strategically increased its total ETH holdings to 198,167. Get ahead of Wall Street reactions-Benzinga Pro delivers signals, squawk, and news fast. Now 60% off this 4th of July.', 'banner_image': 'https://cdn.benzinga.com/files/images/story/2025/07/03/Golden-Ethereum-Is-An-Asset-Of-Choice-Fo.jpeg?width=1200&height=800&fit=crop', 'source': 'Benzinga', 'category_within_source': 'News', 'source_domain': 'www.benzinga.com', 'topics': [{'topic': 'Blockchain', 'relevance_score': '0.682689'}, {'topic': 'Financial Markets', 'relevance_score': '0.316726'}, {'topic': 'Manufacturing', 'relevance_score': '1.0'}], 'overall_sentiment_score': 0.313571, 'overall_sentiment_label': 'Somewhat-Bullish', 'ticker_sentiment': [{'ticker': 'BMNR', 'relevance_score': '0.171485', 'ticker_sentiment_score': '0.281605', 'ticker_sentiment_label': 'Somewhat-Bullish'}, {'ticker': 'SBET', 'relevance_score': '0.33514', 'ticker_sentiment_score': '0.279235', 'ticker_sentiment_label': 'Somewhat-Bullish'}, {'ticker': 'CRYPTO:ETH', 'relevance_score': '0.969694', 'ticker_sentiment_score': '0.535489', 'ticker_sentiment_label': 'Bullish'}]}, {'title': 'Olo, Tripadvisor, Aebi Schmidt Holding And Other Big Stocks Moving Higher On Thursday - BitMine Immersion Techs  ( AMEX:BMNR ) , Aebi Schmidt Holding  ( NASDAQ:AEBI ) ', 'url': 'https://www.benzinga.com/trading-ideas/movers/25/07/46247476/olo-tripadvisor-aebi-schmidt-holding-and-other-big-stocks-moving-higher-on-thursday', 'time_published': '20250703T143938', 'authors': ['Avi Kapoor'], 'summary': "U.S. stocks were higher, with the Dow Jones index gaining over 200 points on Thursday. Shares of Olo Inc. OLO rose sharply during Thursday's session after the company announced that it entered into a definitive agreement to be acquired by Thoma Bravo. Olo shares jumped 13.5% to $10.11 on Thursday.", 'banner_image': 'https://cdn.benzinga.com/files/images/story/2025/07/03/Display-Of-Stock-Market-Quotes.jpeg?width=1200&height=800&fit=crop', 'source': 'Benzinga', 'category_within_source': 'Trading', 'source_domain': 'www.benzinga.com', 'topics': [{'topic': 'Life Sciences', 'relevance_score': '0.25'}, {'topic': 'Technology', 'relevance_score': '0.25'}, {'topic': 'Financial Markets', 'relevance_score': '0.108179'}, {'topic': 'Manufacturing', 'relevance_score': '0.25'}, {'topic': 'Earnings', 'relevance_score': '0.158519'}, {'topic': 'Mergers & Acquisitions', 'relevance_score': '0.108179'}, {'topic': 'Real Estate & Construction', 'relevance_score': '0.25'}], 'overall_sentiment_score': 0.311279, 'overall_sentiment_label': 'Somewhat-Bullish', 'ticker_sentiment': [{'ticker': 'TRIP', 'relevance_score': '0.301315', 'ticker_sentiment_score': '0.263117', 'ticker_sentiment_label': 'Somewhat-Bullish'}, {'ticker': 'SHYF', 'relevance_score': '0.15347', 'ticker_sentiment_score': '0.1623', 'ticker_sentiment_label': 'Somewhat-Bullish'}, {'ticker': 'SY', 'relevance_score': '0.43852', 'ticker_sentiment_score': '0.424518', 'ticker_sentiment_label': 'Bullish'}, {'ticker': 'DDOG', 'relevance_score': '0.301315', 'ticker_sentiment_score': '0.449696', 'ticker_sentiment_label': 'Bullish'}, {'ticker': 'DFDV', 'relevance_score': '0.43852', 'ticker_sentiment_score': '0.0', 'ticker_sentiment_label': 'Neutral'}, {'ticker': 'TMC', 'relevance_score': '0.301315', 'ticker_sentiment_score': '0.0', 'ticker_sentiment_label': 'Neutral'}, {'ticker': 'RGC', 'relevance_score': '0.301315', 'ticker_sentiment_score': '0.072101', 'ticker_sentiment_label': 'Neutral'}, {'ticker': 'BMNR', 'relevance_score': '0.301315', 'ticker_sentiment_score': '0.645521', 'ticker_sentiment_label': 'Bullish'}, {'ticker': 'LCID', 'relevance_score': '0.301315', 'ticker_sentiment_score': '0.0', 'ticker_sentiment_label': 'Neutral'}, {'ticker': 'FSLR', 'relevance_score': '0.301315', 'ticker_sentiment_score': '0.645521', 'ticker_sentiment_label': 'Bullish'}, {'ticker': 'OLO', 'relevance_score': '0.43852', 'ticker_sentiment_score': '0.504075', 'ticker_sentiment_label': 'Bullish'}, {'ticker': 'CIGL', 'relevance_score': '0.301315', 'ticker_sentiment_score': '0.645521', 'ticker_sentiment_label': 'Bullish'}, {'ticker': 'GDS', 'relevance_score': '0.301315', 'ticker_sentiment_score': '-0.487052', 'ticker_sentiment_label': 'Bearish'}]}, {'title': "Franklin Covey, Borr Drilling And Other Big Stocks Moving Lower In Thursday's Pre-Market Session - BitMine Immersion Techs  ( AMEX:BMNR ) , Borr Drilling  ( NYSE:BORR ) ", 'url': 'https://www.benzinga.com/trading-ideas/movers/25/07/46242880/franklin-covey-borr-drilling-and-other-big-stocks-moving-lower-in-thursdays-pre-market-sessi', 'time_published': '20250703T121555', 'authors': ['Avi Kapoor'], 'summary': "U.S. stock futures were slightly higher this morning, with the Dow futures gaining around 0.1% on Thursday. Shares of Franklin Covey Co. FC fell sharply in today's pre-market trading after the reported downbeat results for the third quarter and lowered its FY2025 sales guidance after the closing ...", 'banner_image': 'https://cdn.benzinga.com/files/images/story/2025/07/03/Munich--Bavaria--Germany---March-31-2023_5.jpeg?width=1200&height=800&fit=crop', 'source': 'Benzinga', 'category_within_source': 'Trading', 'source_domain': 'www.benzinga.com', 'topics': [{'topic': 'Financial Markets', 'relevance_score': '0.5855'}, {'topic': 'Earnings', 'relevance_score': '0.310843'}, {'topic': 'Energy & Transportation', 'relevance_score': '0.5'}, {'topic': 'Finance', 'relevance_score': '0.5'}], 'overall_sentiment_score': -0.100315, 'overall_sentiment_label': 'Neutral', 'ticker_sentiment': [{'ticker': 'BMNR', 'relevance_score': '0.310843', 'ticker_sentiment_score': '-0.028989', 'ticker_sentiment_label': 'Neutral'}, {'ticker': 'BORR', 'relevance_score': '0.310843', 'ticker_sentiment_score': '-0.074222', 'ticker_sentiment_label': 'Neutral'}, {'ticker': 'LAR', 'relevance_score': '0.310843', 'ticker_sentiment_score': '-0.028989', 'ticker_sentiment_label': 'Neutral'}, {'ticker': 'NOAH', 'relevance_score': '0.310843', 'ticker_sentiment_score': '0.05519', 'ticker_sentiment_label': 'Neutral'}, {'ticker': 'FC', 'relevance_score': '0.451494', 'ticker_sentiment_score': '-0.186989', 'ticker_sentiment_label': 'Somewhat-Bearish'}]}, {'title': "Anthony Scaramucci Predicts Bitcoin Treasury Frenzy 'Will Fade'", 'url': 'https://www.benzinga.com/crypto/cryptocurrency/25/07/46242838/anthony-scaramucci-predicts-bitcoin-treasury-frenzy-will-fade', 'time_published': '20250703T121051', 'authors': ['Murtuza J Merchant'], 'summary': 'Wall Street continues to introduce competing crypto ETFs, but Strategy remains a top performer this year. Critics like Jim Chanos argue the crypto treasury model is flawed and investors are better off buying Bitcoin directly. Geopolitical tensions, Fed uncertainty, and fast-moving headlines are ...', 'banner_image': 'https://cdn.benzinga.com/files/images/story/2025/07/03/Washington--Dc---usa---April-26--2018-An.jpeg?width=1200&height=800&fit=crop', 'source': 'Benzinga', 'category_within_source': 'News', 'source_domain': 'www.benzinga.com', 'topics': [{'topic': 'Financial Markets', 'relevance_score': '0.94762'}, {'topic': 'Manufacturing', 'relevance_score': '0.5'}, {'topic': 'Technology', 'relevance_score': '0.5'}, {'topic': 'Blockchain', 'relevance_score': '0.158519'}], 'overall_sentiment_score': 0.176001, 'overall_sentiment_label': 'Somewhat-Bullish', 'ticker_sentiment': [{'ticker': 'BMNR', 'relevance_score': '0.128135', 'ticker_sentiment_score': '0.088494', 'ticker_sentiment_label': 'Neutral'}, {'ticker': 'MSTR', 'relevance_score': '0.128135', 'ticker_sentiment_score': '0.1266', 'ticker_sentiment_label': 'Neutral'}, {'ticker': 'SBET', 'relevance_score': '0.128135', 'ticker_sentiment_score': '0.164791', 'ticker_sentiment_label': 'Somewhat-Bullish'}, {'ticker': 'CRYPTO:BTC', 'relevance_score': '0.666827', 'ticker_sentiment_score': '0.27618', 'ticker_sentiment_label': 'Somewhat-Bullish'}, {'ticker': 'CRYPTO:ETH', 'relevance_score': '0.252987', 'ticker_sentiment_score': '0.218772', 'ticker_sentiment_label': 'Somewhat-Bullish'}]}, {'title': 'Design app Figma discloses $70M Bitcoin ETF holdings in IPO filing', 'url': 'https://cointelegraph.com/news/design-firm-figma-discloses-70m-bitcoin-etf-holdings-in-ipo-filing', 'time_published': '20250702T063010', 'authors': ['Tarang Khaitan'], 'summary': 'Figma has filed to go public in the US, disclosing it holds $69.5 million worth of Bitcoin ETFs and has $30 million in USDC ready to purchase Bitcoin.', 'banner_image': 'https://s3.cointelegraph.com/uploads/2025-07/0197c9bc-9f5a-7f63-acdd-07413666c945', 'source': 'Cointelegraph', 'category_within_source': 'n/a', 'source_domain': 'cointelegraph.com', 'topics': [{'topic': 'IPO', 'relevance_score': '0.158519'}, {'topic': 'Financial Markets', 'relevance_score': '0.875462'}, {'topic': 'Real Estate & Construction', 'relevance_score': '0.5'}, {'topic': 'Technology', 'relevance_score': '0.5'}, {'topic': 'Blockchain', 'relevance_score': '0.769861'}], 'overall_sentiment_score': 0.15126, 'overall_sentiment_label': 'Somewhat-Bullish', 'ticker_sentiment': [{'ticker': 'BMNR', 'relevance_score': '0.099066', 'ticker_sentiment_score': '0.101753', 'ticker_sentiment_label': 'Neutral'}, {'ticker': 'MSTR', 'relevance_score': '0.099066', 'ticker_sentiment_score': '0.205499', 'ticker_sentiment_label': 'Somewhat-Bullish'}, {'ticker': 'CLSK', 'relevance_score': '0.099066', 'ticker_sentiment_score': '0.080467', 'ticker_sentiment_label': 'Neutral'}, {'ticker': 'CRYPTO:BTC', 'relevance_score': '0.938129', 'ticker_sentiment_score': '0.382996', 'ticker_sentiment_label': 'Bullish'}, {'ticker': 'CRYPTO:ETH', 'relevance_score': '0.19661', 'ticker_sentiment_score': '0.087424', 'ticker_sentiment_label': 'Neutral'}]}, {'title': 'BitMine  ( BMNR )  Stock Soars As It Pivots To Ethereum Treasury, Appoints Tom Lee Chairman - BitMine Immersion Techs  ( AMEX:BMNR ) ', 'url': 'https://www.benzinga.com/trading-ideas/movers/25/07/46202593/bitmine-bmnr-stock-soars-as-it-pivots-to-ethereum-treasury-appoints-tom-lee-chairman', 'time_published': '20250701T165909', 'authors': ['Henry Khederian'], 'summary': 'BitMine Immersion Technologies shares are continuing its upward momentum Tuesday. Market-moving news hits Benzinga Pro first-get a 30-minute edge and save 60% this 4th of July. BitMine Immersion Technologies Inc BMNR stock is continuing its upward momentum Tuesday, with shares climbing again ...', 'banner_image': 'https://cdn.benzinga.com/files/images/story/2025/07/01/Golden-Ray-Of-Light-Illuminate-A-Bitcoin_2.jpeg?width=1200&height=800&fit=crop', 'source': 'Benzinga', 'category_within_source': 'News', 'source_domain': 'www.benzinga.com', 'topics': [{'topic': 'Blockchain', 'relevance_score': '0.451494'}, {'topic': 'Financial Markets', 'relevance_score': '0.98396'}], 'overall_sentiment_score': 0.386297, 'overall_sentiment_label': 'Bullish', 'ticker_sentiment': [{'ticker': 'BMNR', 'relevance_score': '0.437512', 'ticker_sentiment_score': '0.168457', 'ticker_sentiment_label': 'Somewhat-Bullish'}, {'ticker': 'CRYPTO:BTC', 'relevance_score': '0.183198', 'ticker_sentiment_score': '0.124841', 'ticker_sentiment_label': 'Neutral'}, {'ticker': 'CRYPTO:ETH', 'relevance_score': '0.512933', 'ticker_sentiment_score': '0.63054', 'ticker_sentiment_label': 'Bullish'}]}, {'title': 'Why Shares of Bitmine Immersion Technologies Are Skyrocketing Today', 'url': 'https://www.fool.com/investing/2025/07/01/why-shares-of-bitmine-immersion-technologies-are-s/', 'time_published': '20250701T145504', 'authors': ['Bram Berkowitz'], 'summary': 'Shares of the Bitcoin mining company Bitmine Immersion Technologies ( NYSEMKT: BMNR ) had blasted nearly 50% higher as of 10:41 a.m. ET today. The stock continued its impressive run this week after the company announced yesterday that it would pursue an Ethereum treasury strategy.Bitmine ...', 'banner_image': 'https://g.foolcdn.com/image/?url=https%3A%2F%2Fg.foolcdn.com%2Feditorial%2Fimages%2F823538%2Fpositive-people-2.jpg&op=resize&w=700', 'source': 'Motley Fool', 'category_within_source': 'n/a', 'source_domain': 'www.fool.com', 'topics': [{'topic': 'Technology', 'relevance_score': '1.0'}, {'topic': 'Blockchain', 'relevance_score': '0.576289'}, {'topic': 'Financial Markets', 'relevance_score': '0.684621'}], 'overall_sentiment_score': 0.237202, 'overall_sentiment_label': 'Somewhat-Bullish', 'ticker_sentiment': [{'ticker': 'BMNR', 'relevance_score': '0.269776', 'ticker_sentiment_score': '0.198041', 'ticker_sentiment_label': 'Somewhat-Bullish'}, {'ticker': 'MSTR', 'relevance_score': '0.136888', 'ticker_sentiment_score': '0.032372', 'ticker_sentiment_label': 'Neutral'}, {'ticker': 'CRYPTO:BTC', 'relevance_score': '0.509589', 'ticker_sentiment_score': '0.387233', 'ticker_sentiment_label': 'Bullish'}, {'ticker': 'CRYPTO:ETH', 'relevance_score': '0.699089', 'ticker_sentiment_score': '0.274221', 'ticker_sentiment_label': 'Somewhat-Bullish'}]}, {'title': 'Ethereum The Next Big Thing In Banking? Tom Lee Thinks So And Wants This Small-Cap Company He Chairs To Front-Run The Likes Of Goldman Sachs, JPMorgan - BitMine Immersion Techs  ( AMEX:BMNR ) ', 'url': 'https://www.benzinga.com/crypto/25/07/46187962/ethereum-the-next-big-thing-in-banking-tom-lee-thinks-so-and-wants-this-small-cap-company-he-chairs-to-fro', 'time_published': '20250701T071010', 'authors': ['Aniket Verma'], 'summary': "Financial analyst and strategist Tom Lee stated Monday that Ethereum ETH/USD will play a crucial role in the banking sector's future, highlighting the rationale for buying and holding the second-largest cryptocurrency in reserves.", 'banner_image': 'https://cdn.benzinga.com/files/images/story/2025/07/01/Closeup-Of-Golden-Ethereum-Cryptocurrenc.jpeg?width=1200&height=800&fit=crop', 'source': 'Benzinga', 'category_within_source': 'Markets', 'source_domain': 'www.benzinga.com', 'topics': [{'topic': 'Finance', 'relevance_score': '1.0'}, {'topic': 'Blockchain', 'relevance_score': '0.890401'}, {'topic': 'Financial Markets', 'relevance_score': '0.266143'}], 'overall_sentiment_score': 0.287132, 'overall_sentiment_label': 'Somewhat-Bullish', 'ticker_sentiment': [{'ticker': 'BMNR', 'relevance_score': '0.204936', 'ticker_sentiment_score': '0.1653', 'ticker_sentiment_label': 'Somewhat-Bullish'}, {'ticker': 'GS', 'relevance_score': '0.204936', 'ticker_sentiment_score': '0.155871', 'ticker_sentiment_label': 'Somewhat-Bullish'}, {'ticker': 'PLSQF', 'relevance_score': '0.103331', 'ticker_sentiment_score': '0.278656', 'ticker_sentiment_label': 'Somewhat-Bullish'}, {'ticker': 'CRYPTO:BTC', 'relevance_score': '0.103331', 'ticker_sentiment_score': '0.112694', 'ticker_sentiment_label': 'Neutral'}, {'ticker': 'CRYPTO:ETH', 'relevance_score': '0.880871', 'ticker_sentiment_score': '0.337691', 'ticker_sentiment_label': 'Somewhat-Bullish'}]}, {'title': "Inside Tom Lee's Plan To Build 'MicroStrategy Of Ethereum' At BitMine", 'url': 'https://www.benzinga.com/crypto/cryptocurrency/25/06/46177905/inside-tom-lees-plan-to-build-microstrategy-of-ethereum-at-bitmine', 'time_published': '20250630T182735', 'authors': ['Khyathi Dalal'], 'summary': "Tom Lee, newly appointed chairman of BitMine Immersion Technologies, is steering the company toward Ethereum accumulation. BitMine will begin tracking ETH-per-share as a key metric, mirroring MicroStrategy's BTC-per-share strategy.", 'banner_image': 'https://cdn.benzinga.com/files/images/story/2025/06/30/Ethereum.jpeg?width=1200&height=800&fit=crop', 'source': 'Benzinga', 'category_within_source': 'News', 'source_domain': 'www.benzinga.com', 'topics': [{'topic': 'Financial Markets', 'relevance_score': '0.161647'}, {'topic': 'Manufacturing', 'relevance_score': '0.5'}, {'topic': 'Technology', 'relevance_score': '0.5'}, {'topic': 'Blockchain', 'relevance_score': '0.451494'}], 'overall_sentiment_score': 0.369631, 'overall_sentiment_label': 'Bullish', 'ticker_sentiment': [{'ticker': 'BMNR', 'relevance_score': '0.272788', 'ticker_sentiment_score': '0.0', 'ticker_sentiment_label': 'Neutral'}, {'ticker': 'MSTR', 'relevance_score': '0.183895', 'ticker_sentiment_score': '0.097218', 'ticker_sentiment_label': 'Neutral'}, {'ticker': 'SBET', 'relevance_score': '0.092569', 'ticker_sentiment_score': '0.248512', 'ticker_sentiment_label': 'Somewhat-Bullish'}, {'ticker': 'DFDV', 'relevance_score': '0.092569', 'ticker_sentiment_score': '0.248512', 'ticker_sentiment_label': 'Somewhat-Bullish'}, {'ticker': 'PLSQF', 'relevance_score': '0.092569', 'ticker_sentiment_score': '0.270712', 'ticker_sentiment_label': 'Somewhat-Bullish'}, {'ticker': 'CRYPTO:BTC', 'relevance_score': '0.514619', 'ticker_sentiment_score': '0.409284', 'ticker_sentiment_label': 'Bullish'}, {'ticker': 'CRYPTO:ETH', 'relevance_score': '0.896455', 'ticker_sentiment_score': '0.513866', 'ticker_sentiment_label': 'Bullish'}]}, {'title': 'Crude Oil Moves Lower; Joby Aviation Shares Surge - BitMine Immersion Techs  ( AMEX:BMNR ) , Artelo Biosciences  ( NASDAQ:ARTL ) ', 'url': 'https://www.benzinga.com/markets/market-summary/25/06/46176234/crude-oil-moves-lower-joby-aviation-shares-surge', 'time_published': '20250630T173157', 'authors': ['Avi Kapoor'], 'summary': 'U.S. stocks traded higher midway through trading, with the Nasdaq Composite gaining over 0.3% on Monday. The Dow traded up 0.45% to 44,014.63 while the NASDAQ gained 0.32% to 20,338.93. The S&P 500 also rose, gaining, 0.33% to 6,193.57. Financials shares jumped by 0.8% on Monday.', 'banner_image': 'https://cdn.benzinga.com/files/images/story/2025/06/30/Oil-Drilling-Derricks-At-Desert-Oilfield.jpeg?width=1200&height=800&fit=crop', 'source': 'Benzinga', 'category_within_source': 'Trading', 'source_domain': 'www.benzinga.com', 'topics': [{'topic': 'Life Sciences', 'relevance_score': '0.25'}, {'topic': 'Retail & Wholesale', 'relevance_score': '0.25'}, {'topic': 'Financial Markets', 'relevance_score': '0.87644'}, {'topic': 'Real Estate & Construction', 'relevance_score': '0.25'}, {'topic': 'Technology', 'relevance_score': '0.25'}], 'overall_sentiment_score': 0.177048, 'overall_sentiment_label': 'Somewhat-Bullish', 'ticker_sentiment': [{'ticker': 'BMNR', 'relevance_score': '0.170878', 'ticker_sentiment_score': '0.220789', 'ticker_sentiment_label': 'Somewhat-Bullish'}, {'ticker': 'CHE', 'relevance_score': '0.170878', 'ticker_sentiment_score': '-0.215143', 'ticker_sentiment_label': 'Somewhat-Bearish'}, {'ticker': 'JNPR', 'relevance_score': '0.170878', 'ticker_sentiment_score': '0.451142', 'ticker_sentiment_label': 'Bullish'}, {'ticker': 'ARTL', 'relevance_score': '0.170878', 'ticker_sentiment_score': '0.271433', 'ticker_sentiment_label': 'Somewhat-Bullish'}, {'ticker': 'HPQ', 'relevance_score': '0.085936', 'ticker_sentiment_score': '0.344849', 'ticker_sentiment_label': 'Somewhat-Bullish'}, {'ticker': 'INMB', 'relevance_score': '0.170878', 'ticker_sentiment_score': '0.115818', 'ticker_sentiment_label': 'Neutral'}, {'ticker': 'FTV', 'relevance_score': '0.170878', 'ticker_sentiment_score': '0.100596', 'ticker_sentiment_label': 'Neutral'}, {'ticker': 'HPE', 'relevance_score': '0.170878', 'ticker_sentiment_score': '0.451142', 'ticker_sentiment_label': 'Bullish'}, {'ticker': 'JOBY', 'relevance_score': '0.170878', 'ticker_sentiment_score': '0.264618', 'ticker_sentiment_label': 'Somewhat-Bullish'}, {'ticker': 'CRYPTO:ETH', 'relevance_score': '0.085936', 'ticker_sentiment_score': '0.164819', 'ticker_sentiment_label': 'Somewhat-Bullish'}]}, {'title': 'BitMine Stock Spikes 400% as Bitcoin Miner Raises $250 Million for Ethereum Treasury', 'url': 'https://decrypt.co/327811/bitmine-stock-spikes-400-bitcoin-miner-250-million-ethereum', 'time_published': '20250630T164151', 'authors': ['Logan Hitchcock'], 'summary': 'Publicly traded Bitcoin mining firm BitMine is creating an Ethereum treasury after raising $250 million and adding Tom Lee to its board.', 'banner_image': 'https://cdn.decrypt.co/resize/1024/height/512/wp-content/uploads/2025/05/ethereum-decrypt-style-05-gID_7.png', 'source': 'Decrypt.co', 'category_within_source': 'n/a', 'source_domain': 'decrypt.co', 'topics': [{'topic': 'Blockchain', 'relevance_score': '0.451494'}, {'topic': 'Manufacturing', 'relevance_score': '1.0'}], 'overall_sentiment_score': 0.312729, 'overall_sentiment_label': 'Somewhat-Bullish', 'ticker_sentiment': [{'ticker': 'BMNR', 'relevance_score': '0.249106', 'ticker_sentiment_score': '0.336147', 'ticker_sentiment_label': 'Somewhat-Bullish'}, {'ticker': 'SBET', 'relevance_score': '0.126119', 'ticker_sentiment_score': '0.204559', 'ticker_sentiment_label': 'Somewhat-Bullish'}, {'ticker': 'CRYPTO:BTC', 'relevance_score': '0.249106', 'ticker_sentiment_score': '0.286707', 'ticker_sentiment_label': 'Somewhat-Bullish'}, {'ticker': 'CRYPTO:ETH', 'relevance_score': '0.846873', 'ticker_sentiment_score': '0.582259', 'ticker_sentiment_label': 'Bullish'}]}, {'title': 'Dow Gains Over 100 Points; Chicago PMI Weakens In June - BitMine Immersion Techs  ( AMEX:BMNR ) , Artelo Biosciences  ( NASDAQ:ARTL ) ', 'url': 'https://www.benzinga.com/markets/market-summary/25/06/46170194/dow-gains-over-100-points-chicago-pmi-weakens-in-june', 'time_published': '20250630T143045', 'authors': ['Avi Kapoor'], 'summary': 'U.S. stocks traded higher this morning, with the Dow Jones index gaining over 100 points on Monday. Following the market opening Monday, the Dow traded up 0.32% to 43,958.43 while the NASDAQ gained 0.23% to 20,319.78. The S&P 500 also rose, gaining, 0.20% to 6,185.68.', 'banner_image': 'https://cdn.benzinga.com/files/images/story/2025/06/30/Portland--Or--Usa---Mar-12--2020-Dow-Jon.jpeg?width=1200&height=800&fit=crop', 'source': 'Benzinga', 'category_within_source': 'Trading', 'source_domain': 'www.benzinga.com', 'topics': [{'topic': 'Life Sciences', 'relevance_score': '0.333333'}, {'topic': 'Financial Markets', 'relevance_score': '0.161647'}, {'topic': 'Manufacturing', 'relevance_score': '0.333333'}, {'topic': 'Technology', 'relevance_score': '0.333333'}], 'overall_sentiment_score': 0.170317, 'overall_sentiment_label': 'Somewhat-Bullish', 'ticker_sentiment': [{'ticker': 'BMNR', 'relevance_score': '0.22595', 'ticker_sentiment_score': '0.270126', 'ticker_sentiment_label': 'Somewhat-Bullish'}, {'ticker': 'INMB', 'relevance_score': '0.22595', 'ticker_sentiment_score': '0.142753', 'ticker_sentiment_label': 'Neutral'}, {'ticker': 'IPDN', 'relevance_score': '0.22595', 'ticker_sentiment_score': '0.614349', 'ticker_sentiment_label': 'Bullish'}, {'ticker': 'JVSAR', 'relevance_score': '0.114137', 'ticker_sentiment_score': '0.27803', 'ticker_sentiment_label': 'Somewhat-Bullish'}, {'ticker': 'DOGZ', 'relevance_score': '0.22595', 'ticker_sentiment_score': '-0.233664', 'ticker_sentiment_label': 'Somewhat-Bearish'}, {'ticker': 'ARTL', 'relevance_score': '0.22595', 'ticker_sentiment_score': '0.330355', 'ticker_sentiment_label': 'Somewhat-Bullish'}, {'ticker': 'CRYPTO:ETH', 'relevance_score': '0.114137', 'ticker_sentiment_score': '0.178152', 'ticker_sentiment_label': 'Somewhat-Bullish'}]}, {'title': 'BitMine raises $250M to launch Ethereum corporate treasury', 'url': 'https://cointelegraph.com/news/bitmine-receives-250m-investment-to-fund-its-ethereum-treasury', 'time_published': '20250630T140322', 'authors': ['Adrian Zmudzinski'], 'summary': 'BitMine Immersion Technologies raised $250 million through a private placement to establish an Ethereum treasury, signaling a shift away from its previous Bitcoin-centric approach.', 'banner_image': 'https://s3.cointelegraph.com/uploads/2025-06/0197c10d-2a4e-7af6-a613-90f4c1ab155f', 'source': 'Cointelegraph', 'category_within_source': 'n/a', 'source_domain': 'cointelegraph.com', 'topics': [{'topic': 'Financial Markets', 'relevance_score': '0.538269'}, {'topic': 'Manufacturing', 'relevance_score': '0.5'}, {'topic': 'Finance', 'relevance_score': '0.5'}, {'topic': 'Blockchain', 'relevance_score': '0.451494'}], 'overall_sentiment_score': 0.18879, 'overall_sentiment_label': 'Somewhat-Bullish', 'ticker_sentiment': [{'ticker': 'BMNR', 'relevance_score': '0.09989', 'ticker_sentiment_score': '0.274867', 'ticker_sentiment_label': 'Somewhat-Bullish'}, {'ticker': 'SBET', 'relevance_score': '0.09989', 'ticker_sentiment_score': '0.045542', 'ticker_sentiment_label': 'Neutral'}, {'ticker': 'BTBT', 'relevance_score': '0.09989', 'ticker_sentiment_score': '-0.031921', 'ticker_sentiment_label': 'Neutral'}, {'ticker': 'CRYPTO:BTC', 'relevance_score': '0.7414', 'ticker_sentiment_score': '0.27068', 'ticker_sentiment_label': 'Somewhat-Bullish'}, {'ticker': 'CRYPTO:ETH', 'relevance_score': '0.940279', 'ticker_sentiment_score': '0.382159', 'ticker_sentiment_label': 'Bullish'}]}, {'title': "BitMine Immersion Technologies Stock Is Soaring Monday: What's Going On? - BitMine Immersion Techs  ( AMEX:BMNR ) ", 'url': 'https://www.benzinga.com/trading-ideas/movers/25/06/46167825/bitmine-immersion-technologies-stock-is-soaring-monday-whats-going-on', 'time_published': '20250630T133355', 'authors': ['Adam Eckert'], 'summary': "BitMine announces a private placement in order to adopt an Ethereum treasury strategy. The micro-cap company appoints Fundstrat's Tom Lee as chairman of the board. Get ahead of Wall Street reactions-Benzinga Pro delivers signals, squawk, and news fast. Now 60% off this 4th of July.", 'banner_image': 'https://cdn.benzinga.com/files/images/story/2025/06/30/Golden-Ethereum-Is-An-Asset-Of-Choice-Fo.jpeg?width=1200&height=800&fit=crop', 'source': 'Benzinga', 'category_within_source': 'News', 'source_domain': 'www.benzinga.com', 'topics': [{'topic': 'Blockchain', 'relevance_score': '0.682689'}, {'topic': 'Financial Markets', 'relevance_score': '0.684621'}], 'overall_sentiment_score': 0.282138, 'overall_sentiment_label': 'Somewhat-Bullish', 'ticker_sentiment': [{'ticker': 'BMNR', 'relevance_score': '0.339356', 'ticker_sentiment_score': '0.331442', 'ticker_sentiment_label': 'Somewhat-Bullish'}, {'ticker': 'CRYPTO:ETH', 'relevance_score': '0.812186', 'ticker_sentiment_score': '0.43998', 'ticker_sentiment_label': 'Bullish'}]}, {'title': 'Wall Street strategist Tom Lee is aiming to create the MicroStrategy of Ethereum', 'url': 'https://www.cnbc.com/2025/06/30/wall-street-strategist-tom-lee-is-aiming-to-create-the-microstrategy-of-ethereum.html', 'time_published': '20250630T122307', 'authors': [], 'summary': 'Tom Lee of Fundstrat was appointed Chairman of the Board of Directors of BitMine Immersion Technologies, effective Monday.', 'banner_image': None, 'source': 'CNBC', 'category_within_source': 'Investing', 'source_domain': 'www.cnbc.com', 'topics': [{'topic': 'IPO', 'relevance_score': '0.158519'}, {'topic': 'Financial Markets', 'relevance_score': '0.108179'}, {'topic': 'Manufacturing', 'relevance_score': '0.5'}, {'topic': 'Technology', 'relevance_score': '0.5'}, {'topic': 'Blockchain', 'relevance_score': '0.838487'}], 'overall_sentiment_score': 0.32779, 'overall_sentiment_label': 'Somewhat-Bullish', 'ticker_sentiment': [{'ticker': 'BMNR', 'relevance_score': '0.101582', 'ticker_sentiment_score': '0.135777', 'ticker_sentiment_label': 'Neutral'}, {'ticker': 'MSTR', 'relevance_score': '0.101582', 'ticker_sentiment_score': '-0.270765', 'ticker_sentiment_label': 'Somewhat-Bearish'}, {'ticker': 'SBET', 'relevance_score': '0.101582', 'ticker_sentiment_score': '0.121796', 'ticker_sentiment_label': 'Neutral'}, {'ticker': 'DFDV', 'relevance_score': '0.101582', 'ticker_sentiment_score': '0.121796', 'ticker_sentiment_label': 'Neutral'}, {'ticker': 'CRYPTO:BTC', 'relevance_score': '0.692877', 'ticker_sentiment_score': '0.43324', 'ticker_sentiment_label': 'Bullish'}, {'ticker': 'CRYPTO:ETH', 'relevance_score': '0.749418', 'ticker_sentiment_score': '0.515465', 'ticker_sentiment_label': 'Bullish'}]}, {'title': 'Why Venus Concept Shares Are Trading Higher By Over 32%; Here Are 20 Stocks Moving Premarket - Argo Blockchain  ( NASDAQ:ARBK ) , Autonomix Medical  ( NASDAQ:AMIX ) ', 'url': 'https://www.benzinga.com/trading-ideas/movers/25/06/46164755/why-venus-concept-shares-are-trading-higher-by-over-32-here-are-20-stocks-moving-premarket', 'time_published': '20250630T103953', 'authors': ['Avi Kapoor'], 'summary': "Shares of Venus Concept Inc. VERO rose sharply in today's pre-market trading after Madryn Asset Management increased its stake in the company to 85.5%. Venus Concept shares jumped 32.5% to $2.91 in the pre-market trading session. Here are some other stocks moving in pre-market trading.", 'banner_image': 'https://cdn.benzinga.com/files/images/story/2025/06/30/Section-Of-A-Financial-Newspaper-Titled-.jpeg?width=1200&height=800&fit=crop', 'source': 'Benzinga', 'category_within_source': 'Trading', 'source_domain': 'www.benzinga.com', 'topics': [{'topic': 'Life Sciences', 'relevance_score': '0.333333'}, {'topic': 'Financial Markets', 'relevance_score': '0.897321'}, {'topic': 'Energy & Transportation', 'relevance_score': '0.333333'}, {'topic': 'Technology', 'relevance_score': '0.333333'}, {'topic': 'Blockchain', 'relevance_score': '0.158519'}], 'overall_sentiment_score': 0.158483, 'overall_sentiment_label': 'Somewhat-Bullish', 'ticker_sentiment': [{'ticker': 'IROH', 'relevance_score': '0.163909', 'ticker_sentiment_score': '0.148702', 'ticker_sentiment_label': 'Neutral'}, {'ticker': 'TROX', 'relevance_score': '0.163909', 'ticker_sentiment_score': '-0.364137', 'ticker_sentiment_label': 'Bearish'}, {'ticker': 'RCT', 'relevance_score': '0.163909', 'ticker_sentiment_score': '-0.017846', 'ticker_sentiment_label': 'Neutral'}, {'ticker': 'JVSAR', 'relevance_score': '0.082393', 'ticker_sentiment_score': '0.143132', 'ticker_sentiment_label': 'Neutral'}, {'ticker': 'ARBK', 'relevance_score': '0.163909', 'ticker_sentiment_score': '0.0', 'ticker_sentiment_label': 'Neutral'}, {'ticker': 'BBLG', 'relevance_score': '0.243701', 'ticker_sentiment_score': '0.113719', 'ticker_sentiment_label': 'Neutral'}, {'ticker': 'JNPR', 'relevance_score': '0.243701', 'ticker_sentiment_score': '0.357638', 'ticker_sentiment_label': 'Bullish'}, {'ticker': 'VERO', 'relevance_score': '0.243701', 'ticker_sentiment_score': '0.292226', 'ticker_sentiment_label': 'Somewhat-Bullish'}, {'ticker': 'AMIX', 'relevance_score': '0.243701', 'ticker_sentiment_score': '0.065006', 'ticker_sentiment_label': 'Neutral'}, {'ticker': 'PMNT', 'relevance_score': '0.163909', 'ticker_sentiment_score': '0.0', 'ticker_sentiment_label': 'Neutral'}, {'ticker': 'FGI', 'relevance_score': '0.163909', 'ticker_sentiment_score': '-0.13821', 'ticker_sentiment_label': 'Neutral'}, {'ticker': 'WLDS', 'relevance_score': '0.163909', 'ticker_sentiment_score': '-0.147638', 'ticker_sentiment_label': 'Neutral'}, {'ticker': 'BMNR', 'relevance_score': '0.163909', 'ticker_sentiment_score': '0.116662', 'ticker_sentiment_label': 'Neutral'}, {'ticker': 'EPRX', 'relevance_score': '0.163909', 'ticker_sentiment_score': '0.22423', 'ticker_sentiment_label': 'Somewhat-Bullish'}, {'ticker': 'YGMZ', 'relevance_score': '0.163909', 'ticker_sentiment_score': '0.057635', 'ticker_sentiment_label': 'Neutral'}, {'ticker': 'IPDN', 'relevance_score': '0.163909', 'ticker_sentiment_score': '0.237607', 'ticker_sentiment_label': 'Somewhat-Bullish'}, {'ticker': 'INMB', 'relevance_score': '0.243701', 'ticker_sentiment_score': '-0.159496', 'ticker_sentiment_label': 'Somewhat-Bearish'}]}, {'title': 'Bitcoin and HYPE could get $844M total windfall from 4 public US firms', 'url': 'https://cointelegraph.com/news/bitcoin-hype-884-million-windfall-public-firms-allocation', 'time_published': '20250618T043040', 'authors': ['Brayden Lindrea'], 'summary': 'DDC Enterprise and Fold Holdings have confirmed raises worth a total of $778 million as a biotech firm said it would raise $50 million to add HYPE as a treasury asset.', 'banner_image': 'https://s3.cointelegraph.com/uploads/2025-06/01978135-e186-79bc-b12d-8635a8a7bb94', 'source': 'Cointelegraph', 'category_within_source': 'n/a', 'source_domain': 'cointelegraph.com', 'topics': [{'topic': 'Life Sciences', 'relevance_score': '1.0'}, {'topic': 'Blockchain', 'relevance_score': '0.310843'}, {'topic': 'Financial Markets', 'relevance_score': '0.977154'}], 'overall_sentiment_score': 0.204857, 'overall_sentiment_label': 'Somewhat-Bullish', 'ticker_sentiment': [{'ticker': 'BMNR', 'relevance_score': '0.063425', 'ticker_sentiment_score': '0.0', 'ticker_sentiment_label': 'Neutral'}, {'ticker': 'EYEN', 'relevance_score': '0.188683', 'ticker_sentiment_score': '0.026034', 'ticker_sentiment_label': 'Neutral'}, {'ticker': 'FLD', 'relevance_score': '0.063425', 'ticker_sentiment_score': '0.080036', 'ticker_sentiment_label': 'Neutral'}, {'ticker': 'CRYPTO:BTC', 'relevance_score': '0.86945', 'ticker_sentiment_score': '0.387093', 'ticker_sentiment_label': 'Bullish'}]}, {'title': 'BitMine Immersion Technologies, Inc. Completes Bitcoin Purchases from Proceeds of Offering, Now Owns 154.167 Total BTC - BitMine Immersion Techs  ( AMEX:BMNR ) ', 'url': 'https://www.benzinga.com/pressreleases/25/06/g45984465/bitmine-immersion-technologies-inc-completes-bitcoin-purchases-from-proceeds-of-offering-now-owns-', 'time_published': '20250617T201500', 'authors': ['Globe Newswire'], 'summary': 'LAS VEGAS, June 17, 2025 ( GLOBE NEWSWIRE ) -- BitMine Immersion Technologies, Inc. ( "BitMine" and the "Company" ) BMNR, a technology company focused on the accumulation of Bitcoin for long-term investment, whether acquired by their Bitcoin mining operations or from the proceeds of capital ...', 'banner_image': 'https://www.benzinga.com/next-assets/images/schema-image-default.png', 'source': 'Benzinga', 'category_within_source': 'General', 'source_domain': 'www.benzinga.com', 'topics': [{'topic': 'Mergers & Acquisitions', 'relevance_score': '0.108179'}, {'topic': 'Financial Markets', 'relevance_score': '0.918141'}], 'overall_sentiment_score': 0.190335, 'overall_sentiment_label': 'Somewhat-Bullish', 'ticker_sentiment': [{'ticker': 'BMNR', 'relevance_score': '0.160633', 'ticker_sentiment_score': '0.077947', 'ticker_sentiment_label': 'Neutral'}, {'ticker': 'CRYPTO:BTC', 'relevance_score': '0.871557', 'ticker_sentiment_score': '0.280546', 'ticker_sentiment_label': 'Somewhat-Bullish'}]}, {'title': 'Bitcoin, US crypto stocks rise as more firms plan BTC buys', 'url': 'https://cointelegraph.com/news/crypto-stocks-bitcoin-gain-companies-buy-btc', 'time_published': '20250610T041325', 'authors': ['Jesse Coghlan'], 'summary': 'Crypto-tied US companies gained alongside Bitcoin on Monday, as public firms continued to scoop up the cryptocurrency.', 'banner_image': 'https://s3.cointelegraph.com/uploads/2025-06/019757d4-6e35-7609-898f-21c0230c8350', 'source': 'Cointelegraph', 'category_within_source': 'n/a', 'source_domain': 'cointelegraph.com', 'topics': [{'topic': 'IPO', 'relevance_score': '0.158519'}, {'topic': 'Financial Markets', 'relevance_score': '0.266143'}, {'topic': 'Real Estate & Construction', 'relevance_score': '0.333333'}, {'topic': 'Technology', 'relevance_score': '0.333333'}, {'topic': 'Finance', 'relevance_score': '0.333333'}, {'topic': 'Blockchain', 'relevance_score': '0.451494'}], 'overall_sentiment_score': 0.117901, 'overall_sentiment_label': 'Neutral', 'ticker_sentiment': [{'ticker': 'BMNR', 'relevance_score': '0.162255', 'ticker_sentiment_score': '0.131945', 'ticker_sentiment_label': 'Neutral'}, {'ticker': 'MSTR', 'relevance_score': '0.162255', 'ticker_sentiment_score': '0.053371', 'ticker_sentiment_label': 'Neutral'}, {'ticker': 'ETOR', 'relevance_score': '0.162255', 'ticker_sentiment_score': '0.046681', 'ticker_sentiment_label': 'Neutral'}, {'ticker': 'CRCL', 'relevance_score': '0.162255', 'ticker_sentiment_score': '0.005432', 'ticker_sentiment_label': 'Neutral'}, {'ticker': 'CORZQ', 'relevance_score': '0.081552', 'ticker_sentiment_score': '0.004101', 'ticker_sentiment_label': 'Neutral'}, {'ticker': 'HOOD', 'relevance_score': '0.162255', 'ticker_sentiment_score': '-0.114551', 'ticker_sentiment_label': 'Neutral'}, {'ticker': 'CLSK', 'relevance_score': '0.162255', 'ticker_sentiment_score': '0.005432', 'ticker_sentiment_label': 'Neutral'}, {'ticker': 'COIN', 'relevance_score': '0.241284', 'ticker_sentiment_score': '-0.124984', 'ticker_sentiment_label': 'Neutral'}, {'ticker': 'CRYPTO:BTC', 'relevance_score': '0.694113', 'ticker_sentiment_score': '0.33527', 'ticker_sentiment_label': 'Somewhat-Bullish'}]}, {'title': 'Green Stocks to Watch  ( NASDAQ: SLNH )   ( TSXV: RE )   ( CNSX: CDPR )   ( AIM: EDEN ) ', 'url': 'https://www.investorideas.com/news/2024/main/01291Stocks.asp', 'time_published': '20240129T142006', 'authors': [], 'summary': 'Green Stocks to Watch ( NASDAQ: SLNH ) ( TSXV: RE ) ( CNSX: CDPR ) ( AIM: EDEN ...', 'banner_image': None, 'source': 'Investor Ideas', 'category_within_source': 'n/a', 'source_domain': 'www.investorideas.com', 'topics': [{'topic': 'Life Sciences', 'relevance_score': '1.0'}, {'topic': 'Blockchain', 'relevance_score': '0.158519'}, {'topic': 'Financial Markets', 'relevance_score': '0.997405'}], 'overall_sentiment_score': 0.364481, 'overall_sentiment_label': 'Bullish', 'ticker_sentiment': [{'ticker': 'BMNR', 'relevance_score': '0.06697', 'ticker_sentiment_score': '0.171066', 'ticker_sentiment_label': 'Somewhat-Bullish'}, {'ticker': 'RR', 'relevance_score': '0.033515', 'ticker_sentiment_score': '0.364635', 'ticker_sentiment_label': 'Bullish'}, {'ticker': 'CRCW', 'relevance_score': '0.033515', 'ticker_sentiment_score': '0.0', 'ticker_sentiment_label': 'Neutral'}, {'ticker': 'GPPRF', 'relevance_score': '0.033515', 'ticker_sentiment_score': '0.087352', 'ticker_sentiment_label': 'Neutral'}, {'ticker': 'SLNH', 'relevance_score': '0.166398', 'ticker_sentiment_score': '0.158505', 'ticker_sentiment_label': 'Somewhat-Bullish'}, {'ticker': 'ATGL', 'relevance_score': '0.033515', 'ticker_sentiment_score': '0.118507', 'ticker_sentiment_label': 'Neutral'}, {'ticker': 'CRYPTO:BTC', 'relevance_score': '0.100308', 'ticker_sentiment_score': '0.141844', 'ticker_sentiment_label': 'Neutral'}]}, {'title': 'OTC Markets Group Welcomes BitMine Immersion Technologies Inc. to OTCQX', 'url': 'https://www.globenewswire.com/news-release/2023/09/28/2751054/0/en/OTC-Markets-Group-Welcomes-BitMine-Immersion-Technologies-Inc-to-OTCQX.html', 'time_published': '20230928T110000', 'authors': ['OTC Markets'], 'summary': 'NEW YORK, Sept. 28, 2023 ( GLOBE NEWSWIRE ) -- OTC Markets Group Inc. ( OTCQX: OTCM ) , operator of regulated markets for trading 12,000 U.S. and international securities, today announced BitMine Immersion Technologies Inc. ( OTCQX: BMNR ) , a blockchain technology company, has qualified to ...', 'banner_image': 'https://ml.globenewswire.com/Resource/Download/68f5262e-c7f5-43d0-a834-3bc4ed2503ec', 'source': 'GlobeNewswire', 'category_within_source': 'n/a', 'source_domain': 'www.globenewswire.com', 'topics': [{'topic': 'Blockchain', 'relevance_score': '0.310843'}, {'topic': 'Financial Markets', 'relevance_score': '0.999763'}], 'overall_sentiment_score': 0.34355, 'overall_sentiment_label': 'Somewhat-Bullish', 'ticker_sentiment': [{'ticker': 'BMNR', 'relevance_score': '0.393977', 'ticker_sentiment_score': '0.331464', 'ticker_sentiment_label': 'Somewhat-Bullish'}, {'ticker': 'CRYPTO:BTC', 'relevance_score': '0.136499', 'ticker_sentiment_score': '0.15635', 'ticker_sentiment_label': 'Somewhat-Bullish'}]}, {'title': 'OTC Markets Group Welcomes BitMine Immersion Technologies Inc. to OTCQX - BitMine Immersion  ( OTC:BMNR ) , OTC Markets Gr  ( OTC:OTCM ) ', 'url': 'https://www.benzinga.com/pressreleases/23/09/g34970057/otc-markets-group-welcomes-bitmine-immersion-technologies-inc-to-otcqx', 'time_published': '20230928T110000', 'authors': ['Globe Newswire'], 'summary': 'NEW YORK, Sept. 28, 2023 ( GLOBE NEWSWIRE ) -- OTC Markets Group Inc. OTCM, operator of regulated markets for trading 12,000 U.S. and international securities, today announced BitMine Immersion Technologies Inc. BMNR, a blockchain technology company, has qualified to trade on the OTCQX® Best ...', 'banner_image': 'https://www.benzinga.com/next-assets/images/schema-image-default.png', 'source': 'Benzinga', 'category_within_source': 'Markets', 'source_domain': 'www.benzinga.com', 'topics': [{'topic': 'Blockchain', 'relevance_score': '0.310843'}, {'topic': 'Financial Markets', 'relevance_score': '0.999975'}], 'overall_sentiment_score': 0.317785, 'overall_sentiment_label': 'Somewhat-Bullish', 'ticker_sentiment': [{'ticker': 'BMNR', 'relevance_score': '0.376194', 'ticker_sentiment_score': '0.314083', 'ticker_sentiment_label': 'Somewhat-Bullish'}, {'ticker': 'CRYPTO:BTC', 'relevance_score': '0.129866', 'ticker_sentiment_score': '0.145103', 'ticker_sentiment_label': 'Neutral'}]}, {'title': 'BitMine Immersion Technologies, Inc. to Present at the Sequire Investor Summit in Puerto Rico', 'url': 'https://www.globenewswire.com/news-release/2023/04/25/2654348/0/en/BitMine-Immersion-Technologies-Inc-to-Present-at-the-Sequire-Investor-Summit-in-Puerto-Rico.html', 'time_published': '20230425T173700', 'authors': ['Bitmine Immersion Technologies'], 'summary': 'Atlanta, GA, April 25, 2023 ( GLOBE NEWSWIRE ) -- BitMine Immersion Technologies, Inc. [OTC: BMNR] is proud to announce its participation at the upcoming Sequire Investor Summit. This highly anticipated event, scheduled for April 24-26, 2023 at La Concha Resort in San Juan, Puerto Rico, promises ...', 'banner_image': 'https://ml.globenewswire.com/Resource/Download/577cdc16-97c9-4adb-bef5-aecb92f74120', 'source': 'GlobeNewswire', 'category_within_source': 'n/a', 'source_domain': 'www.globenewswire.com', 'topics': [{'topic': 'Financial Markets', 'relevance_score': '0.650727'}], 'overall_sentiment_score': 0.478205, 'overall_sentiment_label': 'Bullish', 'ticker_sentiment': [{'ticker': 'BMNR', 'relevance_score': '0.530253', 'ticker_sentiment_score': '0.584789', 'ticker_sentiment_label': 'Bullish'}, {'ticker': 'SRAX', 'relevance_score': '0.282234', 'ticker_sentiment_score': '0.291097', 'ticker_sentiment_label': 'Somewhat-Bullish'}, {'ticker': 'CRYPTO:BTC', 'relevance_score': '0.095899', 'ticker_sentiment_score': '0.20812', 'ticker_sentiment_label': 'Somewhat-Bullish'}]}, {'title': 'BitMine Immersion Technologies, Inc. Announces Entry into Joint Venture, Entry into Line of Credit, Buyout of Hosting Agreement, and Trinidad Operations Update', 'url': 'https://www.globenewswire.com/news-release/2022/10/20/2538490/0/en/BitMine-Immersion-Technologies-Inc-Announces-Entry-into-Joint-Venture-Entry-into-Line-of-Credit-Buyout-of-Hosting-Agreement-and-Trinidad-Operations-Update.html', 'time_published': '20221020T131500', 'authors': ['BitMine Immersion Technologies Inc'], 'summary': 'ATLANTA, Oct. 20, 2022 ( GLOBE NEWSWIRE ) -- BitMine Immersion Technologies, Inc. ( "Bitmine" ) ( OTC: BMNR ) announced a number of developments in its business.', 'banner_image': 'https://ml.globenewswire.com/Resource/Download/dc421c7d-abf8-4d03-9c32-0863b2ef29c1?size=1', 'source': 'GlobeNewswire', 'category_within_source': 'n/a', 'source_domain': 'www.globenewswire.com', 'topics': [{'topic': 'Financial Markets', 'relevance_score': '0.77141'}], 'overall_sentiment_score': 0.214245, 'overall_sentiment_label': 'Somewhat-Bullish', 'ticker_sentiment': [{'ticker': 'BMNR', 'relevance_score': '0.200688', 'ticker_sentiment_score': '0.014209', 'ticker_sentiment_label': 'Neutral'}, {'ticker': 'CRYPTO:BTC', 'relevance_score': '0.067536', 'ticker_sentiment_score': '0.101477', 'ticker_sentiment_label': 'Neutral'}]}, {'title': 'BitMine Immersion Technologies, Inc. Completes Regulation D Equity Offering and Conversion of all Innovative Digital Investors Debt into Preferred Equity', 'url': 'https://www.globenewswire.com/news-release/2022/09/07/2511682/0/en/BitMine-Immersion-Technologies-Inc-Completes-Regulation-D-Equity-Offering-and-Conversion-of-all-Innovative-Digital-Investors-Debt-into-Preferred-Equity.html', 'time_published': '20220907T131500', 'authors': ['BitMine Immersion Technologies Inc'], 'summary': 'ATLANTA, Sept. 07, 2022 ( GLOBE NEWSWIRE ) -- Via NetworkWire -- BitMine Immersion Technologies, Inc. ( OTC: BMNR ) announces the closing of equity financing via a Regulation D sale of over $5 million in cash and equipment, net of commissions paid to its Investment Bank.', 'banner_image': 'https://ml.globenewswire.com/Resource/Download/dc421c7d-abf8-4d03-9c32-0863b2ef29c1?size=1', 'source': 'GlobeNewswire', 'category_within_source': 'n/a', 'source_domain': 'www.globenewswire.com', 'topics': [{'topic': 'Financial Markets', 'relevance_score': '0.905476'}], 'overall_sentiment_score': 0.267631, 'overall_sentiment_label': 'Somewhat-Bullish', 'ticker_sentiment': [{'ticker': 'BMNR', 'relevance_score': '0.59972', 'ticker_sentiment_score': '0.084057', 'ticker_sentiment_label': 'Neutral'}]}, {'title': 'BitMine Immersion  ( BMNR )  - BitMine Immersion Technologies, Inc. Completes Regulation D Equity Offering and Conversion of all Innovative Digital Investors Debt into Preferred Equity', 'url': 'https://www.benzinga.com/pressreleases/22/09/g28776775/bitmine-immersion-technologies-inc-completes-regulation-d-equity-offering-and-conversion-of-all-in', 'time_published': '20220907T131500', 'authors': ['Globe Newswire'], 'summary': 'ATLANTA, Sept. 07, 2022 ( GLOBE NEWSWIRE ) -- Via NetworkWire -- BitMine Immersion Technologies, Inc. BMNR announces the closing of equity financing via a Regulation D sale of over $5 million in cash and equipment, net of commissions paid to its Investment Bank.', 'banner_image': '', 'source': 'Benzinga', 'category_within_source': 'News', 'source_domain': 'www.benzinga.com', 'topics': [{'topic': 'Financial Markets', 'relevance_score': '0.918141'}], 'overall_sentiment_score': 0.246856, 'overall_sentiment_label': 'Somewhat-Bullish', 'ticker_sentiment': [{'ticker': 'BMNR', 'relevance_score': '0.558244', 'ticker_sentiment_score': '0.077435', 'ticker_sentiment_label': 'Neutral'}]}, {'title': 'BitMine Immersion Technologies, Inc. announces appointment of CEO, and conversion of debt to preferred equity by IDI', 'url': 'https://www.benzinga.com/pressreleases/22/05/g27416925/bitmine-immersion-technologies-inc-announces-appointment-of-ceo-and-conversion-of-debt-to-preferre', 'time_published': '20220526T131500', 'authors': ['Globe Newswire'], 'summary': 'ATLANTA, May 26, 2022 ( GLOBE NEWSWIRE ) -- BitMine Immersion Technologies, Inc. ( OTC:BMNR ) announces the appointment of Jonathan Bates as Chief Executive Officer ( "CEO" ) of Bitmine, and Erik Nelson\'s new appointment as President. Mr. Bates has been serving as Chairman of the Board of Di', 'banner_image': 'https://ml.globenewswire.com/media/dc421c7d-abf8-4d03-9c32-0863b2ef29c1/small/bitmine-logo-new-6-png.png', 'source': 'Benzinga', 'category_within_source': 'News', 'source_domain': 'www.benzinga.com', 'topics': [{'topic': 'Financial Markets', 'relevance_score': '0.999966'}], 'overall_sentiment_score': -0.005066, 'overall_sentiment_label': 'Neutral', 'ticker_sentiment': [{'ticker': 'BMNR', 'relevance_score': '0.391311', 'ticker_sentiment_score': '0.003758', 'ticker_sentiment_label': 'Neutral'}]}, {'title': 'BitMine Immersion Technologies, Inc. announces appointment of CEO, and conversion of debt to preferred equity by IDI', 'url': 'https://www.globenewswire.com/news-release/2022/05/26/2451365/0/en/BitMine-Immersion-Technologies-Inc-announces-appointment-of-CEO-and-conversion-of-debt-to-preferred-equity-by-IDI.html', 'time_published': '20220526T131500', 'authors': ['BitMine Immersion Technologies Inc'], 'summary': 'ATLANTA, May 26, 2022 ( GLOBE NEWSWIRE ) -- BitMine Immersion Technologies, Inc. ( OTC: BMNR ) announces the appointment of Jonathan Bates as Chief Executive Officer ( "CEO" ) of Bitmine, and Erik Nelson\'s new appointment as President. Mr. Bates has been serving as Chairman of the Board of D', 'banner_image': 'https://ml.globenewswire.com/Resource/Download/dc421c7d-abf8-4d03-9c32-0863b2ef29c1?size=1', 'source': 'GlobeNewswire', 'category_within_source': 'n/a', 'source_domain': 'www.globenewswire.com', 'topics': [{'topic': 'Financial Markets', 'relevance_score': '0.999862'}], 'overall_sentiment_score': 0.008331, 'overall_sentiment_label': 'Neutral', 'ticker_sentiment': [{'ticker': 'BMNR', 'relevance_score': '0.36307', 'ticker_sentiment_score': '0.009823', 'ticker_sentiment_label': 'Neutral'}]}, {'title': 'Crypto Corner Podcast 809: Stocks discussed:  ( NasdaqCM: MARA )   ( NasdaqGS: HUT )   ( NasdaqCM: BTBT )   ( OTC: BMNR ) ', 'url': 'https://www.investorideas.com/news/2022/crypto-corner/04051MARA-HUT-BTBT-BMNR.asp', 'time_published': '20220405T170654', 'authors': [], 'summary': "Vancouver, Kelowna, Delta, BC - April 5, 2022  ( Investorideas.com Newswire )  Investorideas.com, a leader in crypto and blockchain investing news brings you today's edition of the Crypto Corner podcast and commentary on what's driving cryptocurrency stocks and the crypto market.", 'banner_image': None, 'source': 'Investor Ideas', 'category_within_source': 'n/a', 'source_domain': 'www.investorideas.com', 'topics': [{'topic': 'Financial Markets', 'relevance_score': '0.77141'}, {'topic': 'Real Estate & Construction', 'relevance_score': '0.333333'}, {'topic': 'Technology', 'relevance_score': '0.333333'}, {'topic': 'Finance', 'relevance_score': '0.333333'}, {'topic': 'Blockchain', 'relevance_score': '0.769861'}], 'overall_sentiment_score': 0.113521, 'overall_sentiment_label': 'Neutral', 'ticker_sentiment': [{'ticker': 'BMNR', 'relevance_score': '0.171729', 'ticker_sentiment_score': '0.383077', 'ticker_sentiment_label': 'Bullish'}, {'ticker': 'MARA', 'relevance_score': '0.057642', 'ticker_sentiment_score': '0.005227', 'ticker_sentiment_label': 'Neutral'}, {'ticker': 'GOOG', 'relevance_score': '0.057642', 'ticker_sentiment_score': '0.00133', 'ticker_sentiment_label': 'Neutral'}, {'ticker': 'SPOT', 'relevance_score': '0.057642', 'ticker_sentiment_score': '0.00133', 'ticker_sentiment_label': 'Neutral'}, {'ticker': 'BITF', 'relevance_score': '0.057642', 'ticker_sentiment_score': '0.000812', 'ticker_sentiment_label': 'Neutral'}, {'ticker': 'HUT', 'relevance_score': '0.057642', 'ticker_sentiment_score': '0.011169', 'ticker_sentiment_label': 'Neutral'}, {'ticker': 'BTBT', 'relevance_score': '0.114984', 'ticker_sentiment_score': '0.008258', 'ticker_sentiment_label': 'Neutral'}, {'ticker': 'ANY', 'relevance_score': '0.057642', 'ticker_sentiment_score': '0.000812', 'ticker_sentiment_label': 'Neutral'}, {'ticker': 'CRYPTO:BTC', 'relevance_score': '0.573603', 'ticker_sentiment_score': '0.056595', 'ticker_sentiment_label': 'Neutral'}]}, {'title': 'Bit Digital, Inc. and BitMine Immersion Technologies, Inc. Sign Letter of Intent for Hosting 7,000 ASIC Mining Computers', 'url': 'https://www.globenewswire.com/news-release/2022/04/05/2416664/0/en/Bit-Digital-Inc-and-BitMine-Immersion-Technologies-Inc-Sign-Letter-of-Intent-for-Hosting-7-000-ASIC-Mining-Computers.html', 'time_published': '20220405T123000', 'authors': ['BitMine Immersion Technologies Inc'], 'summary': 'NEW YORK, April  05, 2022   ( GLOBE NEWSWIRE )  --  Bit Digital, Inc.  ( NASDAQ: BTBT )  and BitMine Immersion Technologies, Inc.  ( OTC: BMNR )  announce the signing of a Letter of Intent to establish a hosting relationship beginning with 7,000 current generation ASIC miners. The final agreement is', 'banner_image': 'https://ml.globenewswire.com/Resource/Download/dc421c7d-abf8-4d03-9c32-0863b2ef29c1?size=1', 'source': 'GlobeNewswire', 'category_within_source': 'n/a', 'source_domain': 'www.globenewswire.com', 'topics': [{'topic': 'Finance', 'relevance_score': '1.0'}, {'topic': 'Financial Markets', 'relevance_score': '0.158519'}], 'overall_sentiment_score': 0.360591, 'overall_sentiment_label': 'Bullish', 'ticker_sentiment': [{'ticker': 'BMNR', 'relevance_score': '0.370602', 'ticker_sentiment_score': '0.194441', 'ticker_sentiment_label': 'Somewhat-Bullish'}, {'ticker': 'BTBT', 'relevance_score': '0.665529', 'ticker_sentiment_score': '0.360591', 'ticker_sentiment_label': 'Bullish'}, {'ticker': 'CRYPTO:BTC', 'relevance_score': '0.370602', 'ticker_sentiment_score': '0.008148', 'ticker_sentiment_label': 'Neutral'}]}, {'title': 'BitMine Immersion Technologies, Inc. Announces Name Change and Symbol Change to "BMNR"', 'url': 'https://www.globenewswire.com/news-release/2022/03/17/2405348/0/en/BitMine-Immersion-Technologies-Inc-Announces-Name-Change-and-Symbol-Change-to-BMNR.html', 'time_published': '20220317T132000', 'authors': ['BitMine Immersion Technologies Inc'], 'summary': "ATLANTA, March  17, 2022   ( GLOBE NEWSWIRE )  -- BitMine Immersion Technologies, Inc.  ( OTC: BMNR )  f/k/a Sandy Springs Holdings, Inc., www.bitminetech.io, is pleased to announce that on March 3, 2022 FINRA approved the Company's name change from Sandy Springs Holdings, Inc. to BitMine Immersion ", 'banner_image': 'https://ml.globenewswire.com/Resource/Download/dc421c7d-abf8-4d03-9c32-0863b2ef29c1?size=1', 'source': 'GlobeNewswire', 'category_within_source': 'n/a', 'source_domain': 'www.globenewswire.com', 'topics': [{'topic': 'Blockchain', 'relevance_score': '0.158519'}, {'topic': 'Financial Markets', 'relevance_score': '0.614606'}], 'overall_sentiment_score': 0.186508, 'overall_sentiment_label': 'Somewhat-Bullish', 'ticker_sentiment': [{'ticker': 'BMNR', 'relevance_score': '0.693124', 'ticker_sentiment_score': '0.072197', 'ticker_sentiment_label': 'Neutral'}, {'ticker': 'CRYPTO:BTC', 'relevance_score': '0.586322', 'ticker_sentiment_score': '0.224197', 'ticker_sentiment_label': 'Somewhat-Bullish'}]}]}
[DEBUG][AlphaVantage] Parsed 5 articles for BMNR
✅ Got 5 Alpha Vantage news articles for BMNR
[DEBUG][Reddit] Raw response for BMNR: 200 {"kind": "Listing", "data": {"modhash": "", "dist": 0, "facets": {}, "after": null, "geo_filter": "", "children": [], "before": null}}
[DEBUG][Reddit] Parsed 0 articles for BMNR
✅ Got 0 Reddit posts for BMNR
✅ Got 8 Finnhub news articles for BMNR
[DEBUG][YahooFinance] Raw response for BMNR: 429 Too Many Requests

2025-07-10 15:48:52,639 | ERROR    | ERROR | trading_errors:0 | get_yahoo_finance_news error for BMNR: 429 Client Error: Too Many Requests for url: https://feeds.finance.yahoo.com/rss/2.0/headline?s=BMNR&region=US&lang=en-US
ERROR:trading_errors:get_yahoo_finance_news error for BMNR: 429 Client Error: Too Many Requests for url: https://feeds.finance.yahoo.com/rss/2.0/headline?s=BMNR&region=US&lang=en-US
✅ Got 0 Yahoo Finance news articles for BMNR
[DEBUG] Filtered 6 stock-specific news articles for BMNR (from 13 total)
[DEBUG] News source counts: Benzinga=3, Yahoo=2, SeekingAlpha=1
🔍 Using Ollama (local) for sentiment analysis...
📝 News content being analyzed:
   Stock-specific news: 6 articles
   General news: 0 articles
   Total weight: 18.0
   News text length: 6975 characters
🔍 Ollama response for sentiment analysis:
   Content: {
    "sentiment_score": -0.33,
    "confidence": 0.85,
    "summary": "Most news articles report a decline in BitMine Immersion Technologies (BMNR) stock price, with some mentioning a significant drop of over 40%. The company has closed a $250 million private placement to advance its Ethereum treasury strategy."...
   Content length: 314
⚠️ Direct JSON parsing failed: Expecting ',' delimiter: line 4 column 259 (char 314)
[ERROR] Could not parse AI response: {
    "sentiment_score": -0.33,
    "confidence": 0.85,
    "summary": "Most news articles report a decline in BitMine Immersion Technologies (BMNR) stock price, with some mentioning a significant drop of over 40%. The company has closed a $250 million private placement to advance its Ethereum treasury strategy."... Exception: No JSON brackets found in response: {
    "sentiment_score": -0.33,
    "confidence": 0.85,
    "summary": "Most news articles report a decline in BitMine Immersion Technologies (BMNR) stock price, with some mentioning a significant dro...
✅ Saved loser BMNR (2/3)
🔍 Processing loser RXST (3/3)...
[DEBUG][AlphaVantage] Raw response for RXST: {'items': '50', 'sentiment_score_definition': 'x <= -0.35: Bearish; -0.35 < x <= -0.15: Somewhat-Bearish; -0.15 < x < 0.15: Neutral; 0.15 <= x < 0.35: Somewhat_Bullish; x >= 0.35: Bullish', 'relevance_score_definition': '0 < x <= 1, with a higher score indicating higher relevance.', 'feed': [{'title': 'Crude Oil Moves Higher; RxSight Shares Plunge - BitMine Immersion Techs  ( AMEX:BMNR ) , Calidi Biotherapeutics  ( AMEX:CLDI ) ', 'url': 'https://www.benzinga.com/markets/market-summary/25/07/46327297/crude-oil-moves-higher-rxsight-shares-plunge', 'time_published': '20250709T173345', 'authors': ['Avi Kapoor'], 'summary': 'U.S. stocks traded higher midway through trading, with the Nasdaq Composite gaining more than 100 points on Wednesday. The Dow traded up 0.18% to 44,319.31 while the NASDAQ gained 0.62% to 20,545.29. The S&P 500 also rose, gaining, 0.31% to 6,245.11. Communication services shares jumped by 1.1% ...', 'banner_image': 'https://cdn.benzinga.com/files/images/story/2025/07/09/Oil-Tanker-Underway-Towards-Open-Sea--Cr.jpeg?width=1200&height=800&fit=crop', 'source': 'Benzinga', 'category_within_source': 'Trading', 'source_domain': 'www.benzinga.com', 'topics': [{'topic': 'Life Sciences', 'relevance_score': '0.5'}, {'topic': 'IPO', 'relevance_score': '0.158519'}, {'topic': 'Financial Markets', 'relevance_score': '0.214378'}, {'topic': 'Technology', 'relevance_score': '0.5'}], 'overall_sentiment_score': 0.134939, 'overall_sentiment_label': 'Neutral', 'ticker_sentiment': [{'ticker': 'BMNR', 'relevance_score': '0.29234', 'ticker_sentiment_score': '0.341889', 'ticker_sentiment_label': 'Somewhat-Bullish'}, {'ticker': 'EVTL', 'relevance_score': '0.197413', 'ticker_sentiment_score': '-0.094816', 'ticker_sentiment_label': 'Neutral'}, {'ticker': 'RXST', 'relevance_score': '0.197413', 'ticker_sentiment_score': '0.141361', 'ticker_sentiment_label': 'Neutral'}, {'ticker': 'SUGP', 'relevance_score': '0.197413', 'ticker_sentiment_score': '0.3287', 'ticker_sentiment_label': 'Somewhat-Bullish'}, {'ticker': 'EVOK', 'relevance_score': '0.197413', 'ticker_sentiment_score': '0.014821', 'ticker_sentiment_label': 'Neutral'}]}, {'title': 'Alphabet To Rally Around 26%? Here Are 10 Top Analyst Forecasts For Wednesday - Crown Holdings  ( NYSE:CCK ) , AutoNation  ( NYSE:AN ) ', 'url': 'https://www.benzinga.com/news/25/07/46324046/alphabet-to-rally-around-26-here-are-10-top-analyst-forecasts-for-wednesday', 'time_published': '20250709T155029', 'authors': ['Avi Kapoor'], 'summary': 'Top Wall Street analysts changed their outlook on these top names. For a complete view of all analyst rating changes, including upgrades and downgrades, please see our analyst ratings page. Barclays slashed Fortive Corporation FTV price target from $86 to $58.', 'banner_image': 'https://cdn.benzinga.com/files/images/story/2025/07/09/Alphabet.jpeg?width=1200&height=800&fit=crop', 'source': 'Benzinga', 'category_within_source': 'Trading', 'source_domain': 'www.benzinga.com', 'topics': [{'topic': 'Life Sciences', 'relevance_score': '0.2'}, {'topic': 'Retail & Wholesale', 'relevance_score': '0.2'}, {'topic': 'Financial Markets', 'relevance_score': '0.999982'}, {'topic': 'Manufacturing', 'relevance_score': '0.2'}, {'topic': 'Technology', 'relevance_score': '0.2'}, {'topic': 'Finance', 'relevance_score': '0.2'}], 'overall_sentiment_score': 0.22104, 'overall_sentiment_label': 'Somewhat-Bullish', 'ticker_sentiment': [{'ticker': 'GOOG', 'relevance_score': '0.238913', 'ticker_sentiment_score': '0.286959', 'ticker_sentiment_label': 'Somewhat-Bullish'}, {'ticker': 'RXST', 'relevance_score': '0.238913', 'ticker_sentiment_score': '0.005529', 'ticker_sentiment_label': 'Neutral'}, {'ticker': 'BCS', 'relevance_score': '0.160633', 'ticker_sentiment_score': '-0.085441', 'ticker_sentiment_label': 'Neutral'}, {'ticker': 'MDNDF', 'relevance_score': '0.160633', 'ticker_sentiment_score': '0.216079', 'ticker_sentiment_label': 'Somewhat-Bullish'}, {'ticker': 'WFC', 'relevance_score': '0.160633', 'ticker_sentiment_score': '0.083245', 'ticker_sentiment_label': 'Neutral'}, {'ticker': 'KRUS', 'relevance_score': '0.160633', 'ticker_sentiment_score': '0.156353', 'ticker_sentiment_label': 'Somewhat-Bullish'}, {'ticker': 'KUCPF', 'relevance_score': '0.160633', 'ticker_sentiment_score': '0.156353', 'ticker_sentiment_label': 'Somewhat-Bullish'}, {'ticker': 'FTV', 'relevance_score': '0.160633', 'ticker_sentiment_score': '-0.085441', 'ticker_sentiment_label': 'Neutral'}, {'ticker': 'CCK', 'relevance_score': '0.238913', 'ticker_sentiment_score': '0.048174', 'ticker_sentiment_label': 'Neutral'}, {'ticker': 'OTRK', 'relevance_score': '0.238913', 'ticker_sentiment_score': '0.005529', 'ticker_sentiment_label': 'Neutral'}, {'ticker': 'AN', 'relevance_score': '0.160633', 'ticker_sentiment_score': '0.083245', 'ticker_sentiment_label': 'Neutral'}]}, {'title': 'Dow Jumps 200 Points; US Wholesale Inventories Fall 0.3% In May - Calidi Biotherapeutics  ( AMEX:CLDI ) , Blue Gold  ( NASDAQ:BGL ) ', 'url': 'https://www.benzinga.com/news/25/07/46321522/dow-jumps-200-points-us-wholesale-inventories-fall-0-3-in-may', 'time_published': '20250709T143655', 'authors': ['Avi Kapoor'], 'summary': 'U.S. stocks traded higher this morning, with the Dow Jones index gaining more than 200 points on Wednesday. Following the market opening Wednesday, the Dow traded up 0.46% to 44,442.42 while the NASDAQ gained 0.95% to 20,611.65. The S&P 500 also rose, gaining, 0.60% to 6,262.70.', 'banner_image': 'https://cdn.benzinga.com/files/images/story/2025/07/09/Portland--Or--Usa---Mar-12--2020-Dow-Jon.jpeg?width=1200&height=800&fit=crop', 'source': 'Benzinga', 'category_within_source': 'Trading', 'source_domain': 'www.benzinga.com', 'topics': [{'topic': 'Life Sciences', 'relevance_score': '0.5'}, {'topic': 'Technology', 'relevance_score': '0.5'}, {'topic': 'Financial Markets', 'relevance_score': '0.161647'}], 'overall_sentiment_score': 0.184795, 'overall_sentiment_label': 'Somewhat-Bullish', 'ticker_sentiment': [{'ticker': 'PHH', 'relevance_score': '0.207571', 'ticker_sentiment_score': '0.416259', 'ticker_sentiment_label': 'Bullish'}, {'ticker': 'RXST', 'relevance_score': '0.207571', 'ticker_sentiment_score': '0.146826', 'ticker_sentiment_label': 'Neutral'}, {'ticker': 'SUGP', 'relevance_score': '0.207571', 'ticker_sentiment_score': '0.34045', 'ticker_sentiment_label': 'Somewhat-Bullish'}, {'ticker': 'EVOK', 'relevance_score': '0.207571', 'ticker_sentiment_score': '0.015402', 'ticker_sentiment_label': 'Neutral'}]}, {'title': "Aehr Test Systems Posts Downbeat Sales, Joins RxSight, Vertical Aerospace And Other Big Stocks Moving Lower In Wednesday's Pre-Market Session - Aehr Test System  ( NASDAQ:AEHR ) , Bit Digital  ( NASDAQ:BTBT ) ", 'url': 'https://www.benzinga.com/trading-ideas/movers/25/07/46316722/aehr-test-systems-posts-downbeat-sales-joins-rxsight-vertical-aerospace-and-other-big-stocks', 'time_published': '20250709T121810', 'authors': ['Avi Kapoor'], 'summary': 'U.S. stock futures were mixed this morning, with the Dow futures gaining around 0.1% on Wednesday. Shares of Aehr Test Systems, Inc. AEHR fell sharply in pre-market trading after the company reported worse-than-expected fourth-quarter sales results.', 'banner_image': 'https://cdn.benzinga.com/files/images/story/2025/07/09/Section-Of-A-Financial-Newspaper-Titled-.jpeg?width=1200&height=800&fit=crop', 'source': 'Benzinga', 'category_within_source': 'Trading', 'source_domain': 'www.benzinga.com', 'topics': [{'topic': 'Life Sciences', 'relevance_score': '0.25'}, {'topic': 'Financial Markets', 'relevance_score': '0.999976'}, {'topic': 'Manufacturing', 'relevance_score': '0.25'}, {'topic': 'Earnings', 'relevance_score': '0.744043'}, {'topic': 'Technology', 'relevance_score': '0.25'}, {'topic': 'Finance', 'relevance_score': '0.25'}], 'overall_sentiment_score': -0.080272, 'overall_sentiment_label': 'Neutral', 'ticker_sentiment': [{'ticker': 'AEHR', 'relevance_score': '0.483434', 'ticker_sentiment_score': '-0.044905', 'ticker_sentiment_label': 'Neutral'}, {'ticker': 'ENPH', 'relevance_score': '0.254307', 'ticker_sentiment_score': '-0.549939', 'ticker_sentiment_label': 'Bearish'}, {'ticker': 'RXST', 'relevance_score': '0.254307', 'ticker_sentiment_score': '-0.068229', 'ticker_sentiment_label': 'Neutral'}, {'ticker': 'TNDM', 'relevance_score': '0.373378', 'ticker_sentiment_score': '-0.27699', 'ticker_sentiment_label': 'Somewhat-Bearish'}, {'ticker': 'MBLY', 'relevance_score': '0.254307', 'ticker_sentiment_score': '-0.050994', 'ticker_sentiment_label': 'Neutral'}, {'ticker': 'WPP', 'relevance_score': '0.254307', 'ticker_sentiment_score': '0.0', 'ticker_sentiment_label': 'Neutral'}, {'ticker': 'EVTL', 'relevance_score': '0.254307', 'ticker_sentiment_score': '-0.292019', 'ticker_sentiment_label': 'Somewhat-Bearish'}, {'ticker': 'BTBT', 'relevance_score': '0.254307', 'ticker_sentiment_score': '0.205273', 'ticker_sentiment_label': 'Somewhat-Bullish'}, {'ticker': 'PENG', 'relevance_score': '0.373378', 'ticker_sentiment_score': '-0.013588', 'ticker_sentiment_label': 'Neutral'}]}, {'title': 'RxSight Falls 34% After Hours Following Revenue Warning - RxSight  ( NASDAQ:RXST ) ', 'url': 'https://www.benzinga.com/markets/equities/25/07/46312500/rxsight-falls-34-after-hours-following-revenue-warning', 'time_published': '20250709T062344', 'authors': ['Mohd Haider'], 'summary': "RxSight Inc. RXST plummeted by 34.32% in after-hours trading on Tuesday. The drop followed the company's decision to revise its 2025 revenue forecast. What Happened: The stock of RxSight Inc. experienced a sharp decline in after-hours trading, closing at $8.40, a 34.32% decrease from the day's ...", 'banner_image': 'https://cdn.benzinga.com/files/images/story/2025/07/09/Eye-Exam--Vision-Or-Laser-Test-For-An-Ol.jpeg?width=1200&height=800&fit=crop', 'source': 'Benzinga', 'category_within_source': 'Markets', 'source_domain': 'www.benzinga.com', 'topics': [{'topic': 'Life Sciences', 'relevance_score': '0.5'}, {'topic': 'Financial Markets', 'relevance_score': '0.503496'}, {'topic': 'Earnings', 'relevance_score': '0.316726'}, {'topic': 'Finance', 'relevance_score': '0.5'}], 'overall_sentiment_score': 0.100486, 'overall_sentiment_label': 'Neutral', 'ticker_sentiment': [{'ticker': 'RXST', 'relevance_score': '0.868812', 'ticker_sentiment_score': '0.120734', 'ticker_sentiment_label': 'Neutral'}, {'ticker': 'WFC', 'relevance_score': '0.149656', 'ticker_sentiment_score': '0.230274', 'ticker_sentiment_label': 'Somewhat-Bullish'}]}, {'title': 'FMS vs. RXST: Which Stock Is the Better Value Option?', 'url': 'https://www.zacks.com/stock/news/2563500/fms-vs-rxst-which-stock-is-the-better-value-option', 'time_published': '20250704T154003', 'authors': ['Zacks Equity Research'], 'summary': "Investors looking for stocks in the Medical - Instruments sector might want to consider either Fresenius ( FMS Quick QuoteFMS - ) or RxSight, Inc. ( RXST Quick QuoteRXST - ) . But which of these two companies is the best option for those looking for undervalued stocks? Let's take a closer look.", 'banner_image': 'https://staticx-tuner.zacks.com/images/default_article_images/default5.jpg', 'source': 'Zacks Commentary', 'category_within_source': 'n/a', 'source_domain': 'www.zacks.com', 'topics': [{'topic': 'Earnings', 'relevance_score': '0.890401'}, {'topic': 'Life Sciences', 'relevance_score': '1.0'}], 'overall_sentiment_score': 0.500457, 'overall_sentiment_label': 'Bullish', 'ticker_sentiment': [{'ticker': 'RXST', 'relevance_score': '0.682689', 'ticker_sentiment_score': '0.579621', 'ticker_sentiment_label': 'Bullish'}, {'ticker': 'FSNUF', 'relevance_score': '0.197413', 'ticker_sentiment_score': '0.29958', 'ticker_sentiment_label': 'Somewhat-Bullish'}]}, {'title': 'FMS or RXST: Which Is the Better Value Stock Right Now?', 'url': 'https://www.zacks.com/stock/news/2511134/fms-or-rxst-which-is-the-better-value-stock-right-now', 'time_published': '20250618T154006', 'authors': ['Zacks Equity Research'], 'summary': 'FMS vs. RXST: Which Stock Is the Better Value Option?', 'banner_image': 'https://staticx-tuner.zacks.com/images/default_article_images/default155.jpg', 'source': 'Zacks Commentary', 'category_within_source': 'n/a', 'source_domain': 'www.zacks.com', 'topics': [{'topic': 'Earnings', 'relevance_score': '0.795202'}, {'topic': 'Life Sciences', 'relevance_score': '1.0'}], 'overall_sentiment_score': 0.478187, 'overall_sentiment_label': 'Bullish', 'ticker_sentiment': [{'ticker': 'RXST', 'relevance_score': '0.674691', 'ticker_sentiment_score': '0.54368', 'ticker_sentiment_label': 'Bullish'}, {'ticker': 'FSNUF', 'relevance_score': '0.194242', 'ticker_sentiment_score': '0.256286', 'ticker_sentiment_label': 'Somewhat-Bullish'}]}, {'title': "Do Options Traders Know Something About RxSight Stock We Don't?", 'url': 'https://www.zacks.com/stock/news/2476558/do-options-traders-know-something-about-rxsight-stock-we-dont', 'time_published': '20250523T123200', 'authors': ['Zacks Equity Research'], 'summary': 'Investors need to pay close attention to RXST stock based on the movements in the options market lately.', 'banner_image': 'https://staticx-tuner.zacks.com/images/articles/main/08/595.jpg', 'source': 'Zacks Commentary', 'category_within_source': 'n/a', 'source_domain': 'www.zacks.com', 'topics': [{'topic': 'Earnings', 'relevance_score': '0.451494'}, {'topic': 'Life Sciences', 'relevance_score': '1.0'}, {'topic': 'Financial Markets', 'relevance_score': '0.214378'}], 'overall_sentiment_score': 0.050213, 'overall_sentiment_label': 'Neutral', 'ticker_sentiment': [{'ticker': 'RXST', 'relevance_score': '0.565345', 'ticker_sentiment_score': '0.072072', 'ticker_sentiment_label': 'Neutral'}]}, {'title': 'RxSight, Inc. to Participate in the Stifel 2025 Virtual Ophthalmology Forum', 'url': 'https://www.globenewswire.com/news-release/2025/05/20/3085294/0/en/RxSight-Inc-to-Participate-in-the-Stifel-2025-Virtual-Ophthalmology-Forum.html', 'time_published': '20250520T201000', 'authors': ['Inc.', 'RxSight'], 'summary': 'ALISO VIEJO, Calif., May 20, 2025 ( GLOBE NEWSWIRE ) -- ( NASDAQ: RXST ) -- RxSight, Inc., an ophthalmic medical device company dedicated to providing high-quality customized vision to patients following cataract surgery, today announced plans to participate in the upcoming Stifel Virtual ...', 'banner_image': 'https://ml.globenewswire.com/Resource/Download/48441335-c938-45ff-9355-ba8e331354e9', 'source': 'GlobeNewswire', 'category_within_source': 'n/a', 'source_domain': 'www.globenewswire.com', 'topics': [{'topic': 'Life Sciences', 'relevance_score': '1.0'}], 'overall_sentiment_score': 0.345564, 'overall_sentiment_label': 'Somewhat-Bullish', 'ticker_sentiment': [{'ticker': 'RXST', 'relevance_score': '0.885652', 'ticker_sentiment_score': '0.654379', 'ticker_sentiment_label': 'Bullish'}]}, {'title': 'RxSight, Inc. to Participate in the Stifel 2025 Virtual Ophthalmology Forum - RxSight  ( NASDAQ:RXST ) ', 'url': 'https://www.benzinga.com/pressreleases/25/05/g45529505/rxsight-inc-to-participate-in-the-stifel-2025-virtual-ophthalmology-forum', 'time_published': '20250520T201000', 'authors': ['Globe Newswire'], 'summary': 'ALISO VIEJO, Calif., May 20, 2025 ( GLOBE NEWSWIRE ) -- RXST -- RxSight, Inc., an ophthalmic medical device company dedicated to providing high-quality customized vision to patients following cataract surgery, today announced plans to participate in the upcoming Stifel Virtual Ophthalmology ...', 'banner_image': 'https://www.benzinga.com/next-assets/images/schema-image-default.png', 'source': 'Benzinga', 'category_within_source': 'News', 'source_domain': 'www.benzinga.com', 'topics': [{'topic': 'Life Sciences', 'relevance_score': '1.0'}, {'topic': 'Financial Markets', 'relevance_score': '0.108179'}], 'overall_sentiment_score': 0.306004, 'overall_sentiment_label': 'Somewhat-Bullish', 'ticker_sentiment': [{'ticker': 'RXST', 'relevance_score': '0.745397', 'ticker_sentiment_score': '0.600661', 'ticker_sentiment_label': 'Bullish'}]}, {'title': 'Top 3 Health Care Stocks That Are Preparing To Pump This Quarter - RxSight  ( NASDAQ:RXST ) , Prothena Corp  ( NASDAQ:PRTA ) ', 'url': 'https://www.benzinga.com/trading-ideas/long-ideas/25/05/45314240/top-3-health-care-stocks-that-are-preparing-to-pump-this-quarter', 'time_published': '20250509T111656', 'authors': ['Avi Kapoor'], 'summary': "The most oversold stocks in the health care sector presents an opportunity to buy into undervalued companies. The RSI is a momentum indicator, which compares a stock's strength on days when prices go up to its strength on days when prices go down.", 'banner_image': 'https://cdn.benzinga.com/files/images/story/2025/05/09/Doctor-Healthcare.jpeg?width=1200&height=800&fit=crop', 'source': 'Benzinga', 'category_within_source': 'Trading', 'source_domain': 'www.benzinga.com', 'topics': [{'topic': 'Life Sciences', 'relevance_score': '1.0'}, {'topic': 'Financial Markets', 'relevance_score': '0.503496'}], 'overall_sentiment_score': 0.203128, 'overall_sentiment_label': 'Somewhat-Bullish', 'ticker_sentiment': [{'ticker': 'RXST', 'relevance_score': '0.33628', 'ticker_sentiment_score': '0.22795', 'ticker_sentiment_label': 'Somewhat-Bullish'}, {'ticker': 'PRTA', 'relevance_score': '0.33628', 'ticker_sentiment_score': '0.034004', 'ticker_sentiment_label': 'Neutral'}, {'ticker': 'SRPT', 'relevance_score': '0.33628', 'ticker_sentiment_score': '0.071625', 'ticker_sentiment_label': 'Neutral'}, {'ticker': 'PLSQF', 'relevance_score': '0.069294', 'ticker_sentiment_score': '0.144908', 'ticker_sentiment_label': 'Neutral'}]}, {'title': 'RxSight, Inc.  ( RXST )  Reports Q1 Loss, Tops Revenue Estimates', 'url': 'https://www.zacks.com/stock/news/2464742/rxsight-inc-rxst-reports-q1-loss-tops-revenue-estimates', 'time_published': '20250507T235507', 'authors': ['Zacks Equity Research'], 'summary': 'RxSight (RXST) delivered earnings and revenue surprises of 25% and 0.01%, respectively, for the quarter ended March 2025. Do the numbers hold clues to what lies ahead for the stock?', 'banner_image': 'https://staticx-tuner.zacks.com/images/default_article_images/default53.jpg', 'source': 'Zacks Commentary', 'category_within_source': 'n/a', 'source_domain': 'www.zacks.com', 'topics': [{'topic': 'Earnings', 'relevance_score': '0.999981'}, {'topic': 'Life Sciences', 'relevance_score': '1.0'}, {'topic': 'Financial Markets', 'relevance_score': '0.266143'}], 'overall_sentiment_score': 0.102949, 'overall_sentiment_label': 'Neutral', 'ticker_sentiment': [{'ticker': 'GMED', 'relevance_score': '0.140485', 'ticker_sentiment_score': '0.0', 'ticker_sentiment_label': 'Neutral'}, {'ticker': 'RXST', 'relevance_score': '0.404563', 'ticker_sentiment_score': '-0.041501', 'ticker_sentiment_label': 'Neutral'}]}, {'title': "CVRx  ( CVRX )  May Report Negative Earnings: Know the Trend Ahead of Next Week's Release", 'url': 'https://www.zacks.com/stock/news/2460252/cvrx-cvrx-may-report-negative-earnings-know-the-trend-ahead-of-next-weeks-release', 'time_published': '20250501T140131', 'authors': ['Zacks Equity Research'], 'summary': "CVRx (CVRX) doesn't possess the right combination of the two key ingredients for a likely earnings beat in its upcoming report. Get prepared with the key expectations.", 'banner_image': 'https://staticx-tuner.zacks.com/images/default_article_images/default182.jpg', 'source': 'Zacks Commentary', 'category_within_source': 'n/a', 'source_domain': 'www.zacks.com', 'topics': [{'topic': 'Life Sciences', 'relevance_score': '0.5'}, {'topic': 'Financial Markets', 'relevance_score': '0.365926'}, {'topic': 'Earnings', 'relevance_score': '1.0'}, {'topic': 'Technology', 'relevance_score': '0.5'}], 'overall_sentiment_score': 0.121747, 'overall_sentiment_label': 'Neutral', 'ticker_sentiment': [{'ticker': 'RXST', 'relevance_score': '0.175221', 'ticker_sentiment_score': '-0.001426', 'ticker_sentiment_label': 'Neutral'}, {'ticker': 'CVRX', 'relevance_score': '0.260189', 'ticker_sentiment_score': '0.01002', 'ticker_sentiment_label': 'Neutral'}]}, {'title': "RxSight, Inc.  ( RXST )  May Report Negative Earnings: Know the Trend Ahead of Next Week's Release", 'url': 'https://www.zacks.com/stock/news/2458999/rxsight-inc-rxst-may-report-negative-earnings-know-the-trend-ahead-of-next-weeks-release', 'time_published': '20250430T140138', 'authors': ['Zacks Equity Research'], 'summary': "RxSight (RXST) doesn't possess the right combination of the two key ingredients for a likely earnings beat in its upcoming report. Get prepared with the key expectations.", 'banner_image': 'https://staticx-tuner.zacks.com/images/default_article_images/default27.jpg', 'source': 'Zacks Commentary', 'category_within_source': 'n/a', 'source_domain': 'www.zacks.com', 'topics': [{'topic': 'Earnings', 'relevance_score': '1.0'}, {'topic': 'Life Sciences', 'relevance_score': '1.0'}, {'topic': 'Financial Markets', 'relevance_score': '0.365926'}], 'overall_sentiment_score': 0.128788, 'overall_sentiment_label': 'Neutral', 'ticker_sentiment': [{'ticker': 'RXST', 'relevance_score': '0.260652', 'ticker_sentiment_score': '0.053512', 'ticker_sentiment_label': 'Neutral'}, {'ticker': 'IQV', 'relevance_score': '0.175539', 'ticker_sentiment_score': '-0.002855', 'ticker_sentiment_label': 'Neutral'}]}, {'title': 'This Aurora Innovation Analyst Begins Coverage On A Bullish Note; Here Are Top 3 Initiations For Tuesday - Expand Energy  ( NASDAQ:EXE ) , Aurora Innovation  ( NASDAQ:AUR ) ', 'url': 'https://www.benzinga.com/25/04/44813204/this-aurora-innovation-analyst-begins-coverage-on-a-bullish-note-here-are-top-5-initiations-for-tuesday', 'time_published': '20250415T133620', 'authors': ['Avi Kapoor'], 'summary': 'Top Wall Street analysts changed their outlook on these top names. For a complete view of all analyst rating changes, including upgrades, downgrades and initiations, please see our analyst ratings page. Needham analyst Chris Pierce initiated coverage on Aurora Innovation, Inc.', 'banner_image': 'https://editorial-assets.benzinga.com/wp-content/uploads/2025/04/15083302/image-114-1024x580.png', 'source': 'Benzinga', 'category_within_source': 'Trading', 'source_domain': 'www.benzinga.com', 'topics': [{'topic': 'Life Sciences', 'relevance_score': '0.333333'}, {'topic': 'Financial Markets', 'relevance_score': '0.316726'}, {'topic': 'Technology', 'relevance_score': '0.333333'}, {'topic': 'Finance', 'relevance_score': '0.333333'}], 'overall_sentiment_score': 0.293679, 'overall_sentiment_label': 'Somewhat-Bullish', 'ticker_sentiment': [{'ticker': 'RXST', 'relevance_score': '0.47672', 'ticker_sentiment_score': '0.182447', 'ticker_sentiment_label': 'Somewhat-Bullish'}, {'ticker': 'SPNT', 'relevance_score': '0.47672', 'ticker_sentiment_score': '0.1854', 'ticker_sentiment_label': 'Somewhat-Bullish'}, {'ticker': 'AUR', 'relevance_score': '0.605266', 'ticker_sentiment_score': '0.320029', 'ticker_sentiment_label': 'Somewhat-Bullish'}]}, {'title': 'RxSight Analyst Flags Growth Slowdown As Revised Outlook Misses Expectations - RxSight  ( NASDAQ:RXST ) ', 'url': 'https://www.benzinga.com/general/health-care/25/04/44634017/rxsight-analyst-flags-growth-slowdown-as-revised-outlook-misses-expectations', 'time_published': '20250403T183727', 'authors': ['Vandana Singh'], 'summary': 'RxSight lowered 2025 revenue outlook to $160 million-$175 million, below the $188.9 million estimate. BofA downgrades RxSight to Underperform, citing slowing growth. Price target cut from $36 to $22.', 'banner_image': 'https://cdn.benzinga.com/files/images/story/2025/04/03/Medicine-Development-Laboratory-Caucasia.jpeg?width=1200&height=800&fit=crop', 'source': 'Benzinga', 'category_within_source': 'General', 'source_domain': 'www.benzinga.com', 'topics': [{'topic': 'Earnings', 'relevance_score': '0.161647'}, {'topic': 'Life Sciences', 'relevance_score': '1.0'}, {'topic': 'Financial Markets', 'relevance_score': '0.87644'}], 'overall_sentiment_score': 0.192628, 'overall_sentiment_label': 'Somewhat-Bullish', 'ticker_sentiment': [{'ticker': 'RXST', 'relevance_score': '0.380012', 'ticker_sentiment_score': '0.03153', 'ticker_sentiment_label': 'Neutral'}]}, {'title': 'Gold Tops Bitcoin As Inflation Hedge; Metals Exempt From Trump Tariffs As White House Eyes Industry Boost; Chinese Tech Giants Order $16B In Nvidia Chips Amid AI Boom - Top Headlines While The US Slept', 'url': 'https://www.benzinga.com/25/04/44629405/metals-exempt-from-trump-tariffs-as-white-house-eyes-industry-boost-jpmorgan-gold-tops-bitcoin-as-inflation-hedge', 'time_published': '20250403T143643', 'authors': ['Akanksha Bakshi'], 'summary': "Trump's 'Reign Of Tariffs' Unleashes 'D-Day On Wall Street,' Analyst Warns Of Stagflation Risk US Stocks Likely To Open Lower Following Trump's Tariffs: 'Worse Than The Worst Case Scenario,' Says Analyst Dow Jumps Over 200 Points As Tesla Surges Over 5%: Investor Sentiment Improves, But Greed ...", 'banner_image': 'https://cdn.benzinga.com/files/images/story/2025/04/03/Bitcoin-gold.jpeg?width=1200&height=800&fit=crop', 'source': 'Benzinga', 'category_within_source': 'News', 'source_domain': 'www.benzinga.com', 'topics': [{'topic': 'Life Sciences', 'relevance_score': '0.2'}, {'topic': 'Technology', 'relevance_score': '0.2'}, {'topic': 'Finance', 'relevance_score': '0.2'}, {'topic': 'Blockchain', 'relevance_score': '0.158519'}, {'topic': 'Economy - Monetary', 'relevance_score': '0.310843'}, {'topic': 'Retail & Wholesale', 'relevance_score': '0.2'}, {'topic': 'Financial Markets', 'relevance_score': '0.266143'}, {'topic': 'Manufacturing', 'relevance_score': '0.2'}, {'topic': 'Earnings', 'relevance_score': '0.684621'}], 'overall_sentiment_score': -0.02759, 'overall_sentiment_label': 'Neutral', 'ticker_sentiment': [{'ticker': 'BABA', 'relevance_score': '0.085782', 'ticker_sentiment_score': '0.248602', 'ticker_sentiment_label': 'Somewhat-Bullish'}, {'ticker': 'NFLX', 'relevance_score': '0.042953', 'ticker_sentiment_score': '0.247248', 'ticker_sentiment_label': 'Somewhat-Bullish'}, {'ticker': 'CVS', 'relevance_score': '0.042953', 'ticker_sentiment_score': '-0.299463', 'ticker_sentiment_label': 'Somewhat-Bearish'}, {'ticker': 'GOOG', 'relevance_score': '0.042953', 'ticker_sentiment_score': '0.0', 'ticker_sentiment_label': 'Neutral'}, {'ticker': 'RXST', 'relevance_score': '0.042953', 'ticker_sentiment_score': '-0.101777', 'ticker_sentiment_label': 'Neutral'}, {'ticker': 'AVGO', 'relevance_score': '0.042953', 'ticker_sentiment_score': '-0.117601', 'ticker_sentiment_label': 'Neutral'}, {'ticker': 'BAC', 'relevance_score': '0.085782', 'ticker_sentiment_score': '0.276987', 'ticker_sentiment_label': 'Somewhat-Bullish'}, {'ticker': 'TCTZF', 'relevance_score': '0.042953', 'ticker_sentiment_score': '0.10242', 'ticker_sentiment_label': 'Neutral'}, {'ticker': 'PONY', 'relevance_score': '0.042953', 'ticker_sentiment_score': '0.130484', 'ticker_sentiment_label': 'Neutral'}, {'ticker': 'MSFT', 'relevance_score': '0.042953', 'ticker_sentiment_score': '-0.073818', 'ticker_sentiment_label': 'Neutral'}, {'ticker': 'AYI', 'relevance_score': '0.042953', 'ticker_sentiment_score': '0.252401', 'ticker_sentiment_label': 'Somewhat-Bullish'}, {'ticker': 'CRWV', 'relevance_score': '0.042953', 'ticker_sentiment_score': '0.0', 'ticker_sentiment_label': 'Neutral'}, {'ticker': 'TSLA', 'relevance_score': '0.170576', 'ticker_sentiment_score': '0.01249', 'ticker_sentiment_label': 'Neutral'}, {'ticker': 'VSAT', 'relevance_score': '0.042953', 'ticker_sentiment_score': '0.200194', 'ticker_sentiment_label': 'Somewhat-Bullish'}, {'ticker': 'CRYPTO:BTC', 'relevance_score': '0.085782', 'ticker_sentiment_score': '-0.191247', 'ticker_sentiment_label': 'Somewhat-Bearish'}, {'ticker': 'CRYPTO:DOGE', 'relevance_score': '0.042953', 'ticker_sentiment_score': '0.0', 'ticker_sentiment_label': 'Neutral'}, {'ticker': 'CRYPTO:HBAR', 'relevance_score': '0.042953', 'ticker_sentiment_score': '0.0', 'ticker_sentiment_label': 'Neutral'}, {'ticker': 'CRYPTO:FTC', 'relevance_score': '0.042953', 'ticker_sentiment_score': '-0.299463', 'ticker_sentiment_label': 'Somewhat-Bearish'}]}, {'title': 'Dow Tumbles Over 1,100 Points; US Initial Jobless Claims Fall - American Rebel Holdings  ( NASDAQ:AREB ) , Aldeyra Therapeutics  ( NASDAQ:ALDX ) ', 'url': 'https://www.benzinga.com/25/04/44628099/dow-tumbles-over-1100-points-us-initial-jobless-claims-fall', 'time_published': '20250403T134247', 'authors': ['Avi Kapoor'], 'summary': 'U.S. stocks traded lower this morning, with the Nasdaq Composite dipping more than 100 points on Thursday. Following the market opening Thursday, the Dow traded down 2.64% to 41,110.44 while the NASDAQ fell 4.15% to 16,870.74. The S&P 500 also fell, dropping, 3.14% to 5,492.92.', 'banner_image': 'https://cdn.benzinga.com/files/images/story/2025/04/03/Wall-Street-Dow.jpeg?width=1200&height=800&fit=crop', 'source': 'Benzinga', 'category_within_source': 'Trading', 'source_domain': 'www.benzinga.com', 'topics': [{'topic': 'Life Sciences', 'relevance_score': '0.5'}, {'topic': 'Technology', 'relevance_score': '0.5'}, {'topic': 'Financial Markets', 'relevance_score': '0.161647'}], 'overall_sentiment_score': -0.02705, 'overall_sentiment_label': 'Neutral', 'ticker_sentiment': [{'ticker': 'AREB', 'relevance_score': '0.199037', 'ticker_sentiment_score': '-0.284898', 'ticker_sentiment_label': 'Somewhat-Bearish'}, {'ticker': 'ALDX', 'relevance_score': '0.199037', 'ticker_sentiment_score': '0.009559', 'ticker_sentiment_label': 'Neutral'}, {'ticker': 'RXST', 'relevance_score': '0.199037', 'ticker_sentiment_score': '0.317664', 'ticker_sentiment_label': 'Somewhat-Bullish'}, {'ticker': 'TIVC', 'relevance_score': '0.199037', 'ticker_sentiment_score': '0.561381', 'ticker_sentiment_label': 'Bullish'}, {'ticker': 'PTIX', 'relevance_score': '0.199037', 'ticker_sentiment_score': '0.363113', 'ticker_sentiment_label': 'Bullish'}, {'ticker': 'NIVF', 'relevance_score': '0.100308', 'ticker_sentiment_score': '0.205252', 'ticker_sentiment_label': 'Somewhat-Bullish'}]}, {'title': "RH Posts Downbeat Earnings, Joins Apple, Tesla, Nvidia And Other Big Stocks Moving Lower In Thursday's Pre-Market Session - Apple  ( NASDAQ:AAPL ) , AdvanSix  ( NYSE:ASIX ) ", 'url': 'https://www.benzinga.com/25/04/44626074/rh-posts-downbeat-earnings-joins-apple-tesla-nvidia-and-other-big-stocks-moving-lower-in-thursdays-pre-market-ses', 'time_published': '20250403T122440', 'authors': ['Avi Kapoor'], 'summary': "U.S. stock futures were lower this morning, with the Dow futures falling more than 1,000 points on Thursday. Shares of RH RH fell sharply in today's pre-market trading after the company reported weaker-than-expected fourth-quarter financial results.", 'banner_image': 'https://cdn.benzinga.com/files/images/story/2025/04/03/Apple-TVLosing-Over-1-Billion-Yearly--Re.jpeg?width=1200&height=800&fit=crop', 'source': 'Benzinga', 'category_within_source': 'Trading', 'source_domain': 'www.benzinga.com', 'topics': [{'topic': 'Life Sciences', 'relevance_score': '0.2'}, {'topic': 'Technology', 'relevance_score': '0.2'}, {'topic': 'Finance', 'relevance_score': '0.2'}, {'topic': 'IPO', 'relevance_score': '0.158519'}, {'topic': 'Retail & Wholesale', 'relevance_score': '0.2'}, {'topic': 'Financial Markets', 'relevance_score': '0.82617'}, {'topic': 'Manufacturing', 'relevance_score': '0.2'}, {'topic': 'Earnings', 'relevance_score': '0.744043'}], 'overall_sentiment_score': -0.08803, 'overall_sentiment_label': 'Neutral', 'ticker_sentiment': [{'ticker': 'NVDA', 'relevance_score': '0.205807', 'ticker_sentiment_score': '0.0', 'ticker_sentiment_label': 'Neutral'}, {'ticker': 'RXST', 'relevance_score': '0.205807', 'ticker_sentiment_score': '0.076914', 'ticker_sentiment_label': 'Neutral'}, {'ticker': 'AAPL', 'relevance_score': '0.304428', 'ticker_sentiment_score': '0.0', 'ticker_sentiment_label': 'Neutral'}, {'ticker': 'CCNE', 'relevance_score': '0.205807', 'ticker_sentiment_score': '-0.421065', 'ticker_sentiment_label': 'Bearish'}, {'ticker': 'HBB', 'relevance_score': '0.205807', 'ticker_sentiment_score': '-0.421065', 'ticker_sentiment_label': 'Bearish'}, {'ticker': 'NKE', 'relevance_score': '0.205807', 'ticker_sentiment_score': '0.0', 'ticker_sentiment_label': 'Neutral'}, {'ticker': 'LULU', 'relevance_score': '0.205807', 'ticker_sentiment_score': '-0.421065', 'ticker_sentiment_label': 'Bearish'}, {'ticker': 'TSLA', 'relevance_score': '0.205807', 'ticker_sentiment_score': '-0.019208', 'ticker_sentiment_label': 'Neutral'}, {'ticker': 'BV', 'relevance_score': '0.205807', 'ticker_sentiment_score': '0.0', 'ticker_sentiment_label': 'Neutral'}, {'ticker': 'RH', 'relevance_score': '0.398148', 'ticker_sentiment_score': '0.157985', 'ticker_sentiment_label': 'Somewhat-Bullish'}, {'ticker': 'GAP', 'relevance_score': '0.205807', 'ticker_sentiment_score': '-0.387748', 'ticker_sentiment_label': 'Bearish'}, {'ticker': 'THRY', 'relevance_score': '0.205807', 'ticker_sentiment_score': '0.0', 'ticker_sentiment_label': 'Neutral'}, {'ticker': 'FC', 'relevance_score': '0.205807', 'ticker_sentiment_score': '-0.327459', 'ticker_sentiment_label': 'Somewhat-Bearish'}, {'ticker': 'ASIX', 'relevance_score': '0.205807', 'ticker_sentiment_score': '0.0', 'ticker_sentiment_label': 'Neutral'}]}, {'title': 'RxSight Warns On FY25 Revenue As Premium Cataract Market Faces Headwinds, Stock Plunges - RxSight  ( NASDAQ:RXST ) ', 'url': 'https://www.benzinga.com/news/guidance/25/04/44624912/rxsight-warns-on-fy25-revenue-as-premium-cataract-market-faces-headwinds-stock-plunges', 'time_published': '20250403T113217', 'authors': ['Lekha Gupta'], 'summary': 'RxSight sees Q1 revenue up 28% YoY to $37.9M, but misses consensus of $40.14M. FY25 outlook lowered with revenue forecast cut to $160M-$175M, below consensus of $188.9M.', 'banner_image': 'https://cdn.benzinga.com/files/images/story/2025/04/03/Tired-Teen-Girl-Rubbing-Dry-Irritable-Ey.jpeg?width=1200&height=800&fit=crop', 'source': 'Benzinga', 'category_within_source': 'News', 'source_domain': 'www.benzinga.com', 'topics': [{'topic': 'Earnings', 'relevance_score': '0.266143'}, {'topic': 'Life Sciences', 'relevance_score': '1.0'}, {'topic': 'Financial Markets', 'relevance_score': '0.161647'}], 'overall_sentiment_score': 0.201847, 'overall_sentiment_label': 'Somewhat-Bullish', 'ticker_sentiment': [{'ticker': 'RXST', 'relevance_score': '0.644033', 'ticker_sentiment_score': '0.21226', 'ticker_sentiment_label': 'Somewhat-Bullish'}]}, {'title': 'Why Penguin Solutions Shares Are Trading Higher; Here Are 20 Stocks Moving Premarket - American Rebel Holdings  ( NASDAQ:AREB ) , Aptevo Therapeutics  ( NASDAQ:APVO ) ', 'url': 'https://www.benzinga.com/25/04/44623142/why-penguin-solutions-shares-are-trading-higher-here-are-20-stocks-moving-premarket', 'time_published': '20250403T092737', 'authors': ['Avi Kapoor'], 'summary': "Shares of Penguin Solutions, Inc. PENG rose sharply in today's pre-market trading after the company posted better-than-expected results for its second quarter on Wednesday. The company said it sees FY25 net sales growth of 17% year-over-year +/-3% and adjusted EPS of $1.60 +/- $0.10.", 'banner_image': 'https://cdn.benzinga.com/files/images/story/2025/04/03/Gamestop--Lululemon--Uber--Ulta-Beauty-A.jpeg?width=1200&height=800&fit=crop', 'source': 'Benzinga', 'category_within_source': 'Trading', 'source_domain': 'www.benzinga.com', 'topics': [{'topic': 'Life Sciences', 'relevance_score': '0.25'}, {'topic': 'Technology', 'relevance_score': '0.25'}, {'topic': 'IPO', 'relevance_score': '0.310843'}, {'topic': 'Retail & Wholesale', 'relevance_score': '0.25'}, {'topic': 'Financial Markets', 'relevance_score': '0.882182'}, {'topic': 'Manufacturing', 'relevance_score': '0.25'}, {'topic': 'Earnings', 'relevance_score': '0.538269'}], 'overall_sentiment_score': 0.085327, 'overall_sentiment_label': 'Neutral', 'ticker_sentiment': [{'ticker': 'RXST', 'relevance_score': '0.159043', 'ticker_sentiment_score': '0.06383', 'ticker_sentiment_label': 'Neutral'}, {'ticker': 'KGEI', 'relevance_score': '0.159043', 'ticker_sentiment_score': '-0.252401', 'ticker_sentiment_label': 'Somewhat-Bearish'}, {'ticker': 'TIVC', 'relevance_score': '0.159043', 'ticker_sentiment_score': '0.219999', 'ticker_sentiment_label': 'Somewhat-Bullish'}, {'ticker': 'HRYU', 'relevance_score': '0.079921', 'ticker_sentiment_score': '0.0', 'ticker_sentiment_label': 'Neutral'}, {'ticker': 'HBB', 'relevance_score': '0.159043', 'ticker_sentiment_score': '-0.357724', 'ticker_sentiment_label': 'Bearish'}, {'ticker': 'PENG', 'relevance_score': '0.236588', 'ticker_sentiment_score': '0.310323', 'ticker_sentiment_label': 'Somewhat-Bullish'}, {'ticker': 'GNPX', 'relevance_score': '0.159043', 'ticker_sentiment_score': '0.0', 'ticker_sentiment_label': 'Neutral'}, {'ticker': 'IBG', 'relevance_score': '0.236588', 'ticker_sentiment_score': '0.110372', 'ticker_sentiment_label': 'Neutral'}, {'ticker': 'AREB', 'relevance_score': '0.159043', 'ticker_sentiment_score': '-0.24758', 'ticker_sentiment_label': 'Somewhat-Bearish'}, {'ticker': 'PMAX', 'relevance_score': '0.159043', 'ticker_sentiment_score': '-0.156686', 'ticker_sentiment_label': 'Somewhat-Bearish'}, {'ticker': 'BIAF', 'relevance_score': '0.236588', 'ticker_sentiment_score': '-0.048495', 'ticker_sentiment_label': 'Neutral'}, {'ticker': 'TYRA', 'relevance_score': '0.159043', 'ticker_sentiment_score': '0.321774', 'ticker_sentiment_label': 'Somewhat-Bullish'}, {'ticker': 'APVO', 'relevance_score': '0.159043', 'ticker_sentiment_score': '0.0', 'ticker_sentiment_label': 'Neutral'}, {'ticker': 'PTIX', 'relevance_score': '0.159043', 'ticker_sentiment_score': '0.081117', 'ticker_sentiment_label': 'Neutral'}, {'ticker': 'RH', 'relevance_score': '0.159043', 'ticker_sentiment_score': '-0.197608', 'ticker_sentiment_label': 'Somewhat-Bearish'}, {'ticker': 'NL', 'relevance_score': '0.159043', 'ticker_sentiment_score': '0.321774', 'ticker_sentiment_label': 'Somewhat-Bullish'}, {'ticker': 'ASIX', 'relevance_score': '0.159043', 'ticker_sentiment_score': '0.0', 'ticker_sentiment_label': 'Neutral'}]}, {'title': 'RxSight, Inc. Announces Preliminary First Quarter 2025 Revenue and Revised 2025 Guidance', 'url': 'https://www.globenewswire.com/news-release/2025/04/03/3054779/0/en/RxSight-Inc-Announces-Preliminary-First-Quarter-2025-Revenue-and-Revised-2025-Guidance.html', 'time_published': '20250403T000000', 'authors': ['RxSight', 'Inc.'], 'summary': 'ALISO VIEJO, Calif., April 02, 2025 ( GLOBE NEWSWIRE ) -- ( NASDAQ: RXST ) - RxSight, Inc., an ophthalmic medical device company dedicated to providing high-quality customized vision to patients following cataract surgery, today announced select preliminary revenue results for the first quarter ...', 'banner_image': 'https://ml.globenewswire.com/Resource/Download/48441335-c938-45ff-9355-ba8e331354e9', 'source': 'GlobeNewswire', 'category_within_source': 'n/a', 'source_domain': 'www.globenewswire.com', 'topics': [{'topic': 'Life Sciences', 'relevance_score': '1.0'}, {'topic': 'Financial Markets', 'relevance_score': '0.360215'}, {'topic': 'Earnings', 'relevance_score': '0.929393'}, {'topic': 'Mergers & Acquisitions', 'relevance_score': '0.158519'}], 'overall_sentiment_score': 0.140059, 'overall_sentiment_label': 'Neutral', 'ticker_sentiment': [{'ticker': 'RXST', 'relevance_score': '0.276648', 'ticker_sentiment_score': '0.19903', 'ticker_sentiment_label': 'Somewhat-Bullish'}]}, {'title': 'RxSight, Inc. to Participate in the 24th Annual Needham Virtual Healthcare Conference', 'url': 'https://www.globenewswire.com/news-release/2025/03/25/3049151/0/en/RxSight-Inc-to-Participate-in-the-24th-Annual-Needham-Virtual-Healthcare-Conference.html', 'time_published': '20250325T200500', 'authors': ['Inc.', 'RxSight'], 'summary': 'ALISO VIEJO, Calif., March 25, 2025 ( GLOBE NEWSWIRE ) -- ( NASDAQ: RXST ) -- RxSight, Inc., an ophthalmic medical device company dedicated to providing high-quality customized vision to patients following cataract surgery, today announced plans to participate in the upcoming 24th Annual Needham ...', 'banner_image': 'https://ml.globenewswire.com/Resource/Download/48441335-c938-45ff-9355-ba8e331354e9', 'source': 'GlobeNewswire', 'category_within_source': 'n/a', 'source_domain': 'www.globenewswire.com', 'topics': [{'topic': 'Life Sciences', 'relevance_score': '1.0'}], 'overall_sentiment_score': 0.341359, 'overall_sentiment_label': 'Somewhat-Bullish', 'ticker_sentiment': [{'ticker': 'RXST', 'relevance_score': '0.879272', 'ticker_sentiment_score': '0.643596', 'ticker_sentiment_label': 'Bullish'}]}, {'title': 'RxSight, Inc. to Participate in the 24th Annual Needham Virtual Healthcare Conference - RxSight  ( NASDAQ:RXST ) ', 'url': 'https://www.benzinga.com/pressreleases/25/03/g44481229/rxsight-inc-to-participate-in-the-24th-annual-needham-virtual-healthcare-conference', 'time_published': '20250325T200500', 'authors': ['Globe Newswire'], 'summary': 'ALISO VIEJO, Calif., March 25, 2025 ( GLOBE NEWSWIRE ) -- RXST -- RxSight, Inc., an ophthalmic medical device company dedicated to providing high-quality customized vision to patients following cataract surgery, today announced plans to participate in the upcoming 24th Annual Needham Virtual ...', 'banner_image': 'https://ml.globenewswire.com/media/48441335-c938-45ff-9355-ba8e331354e9/small/rxsight-globe-png.png', 'source': 'Benzinga', 'category_within_source': 'News', 'source_domain': 'www.benzinga.com', 'topics': [{'topic': 'Life Sciences', 'relevance_score': '1.0'}, {'topic': 'Financial Markets', 'relevance_score': '0.108179'}], 'overall_sentiment_score': 0.30378, 'overall_sentiment_label': 'Somewhat-Bullish', 'ticker_sentiment': [{'ticker': 'RXST', 'relevance_score': '0.739411', 'ticker_sentiment_score': '0.589023', 'ticker_sentiment_label': 'Bullish'}]}, {'title': 'RxSight, Inc.  ( RXST )  Misses Q4 Earnings Estimates', 'url': 'https://www.zacks.com/stock/news/2421539/rxsight-inc-rxst-misses-q4-earnings-estimates', 'time_published': '20250225T225508', 'authors': ['Zacks Equity Research'], 'summary': 'RxSight (RXST) delivered earnings and revenue surprises of -70% and 0.07%, respectively, for the quarter ended December 2024. Do the numbers hold clues to what lies ahead for the stock?', 'banner_image': 'https://staticx-tuner.zacks.com/images/default_article_images/default226.jpg', 'source': 'Zacks Commentary', 'category_within_source': 'n/a', 'source_domain': 'www.zacks.com', 'topics': [{'topic': 'Earnings', 'relevance_score': '0.999981'}, {'topic': 'Life Sciences', 'relevance_score': '1.0'}, {'topic': 'Financial Markets', 'relevance_score': '0.266143'}], 'overall_sentiment_score': 0.135175, 'overall_sentiment_label': 'Neutral', 'ticker_sentiment': [{'ticker': 'RXST', 'relevance_score': '0.405651', 'ticker_sentiment_score': '0.093756', 'ticker_sentiment_label': 'Neutral'}, {'ticker': 'KIDS', 'relevance_score': '0.20997', 'ticker_sentiment_score': '0.0', 'ticker_sentiment_label': 'Neutral'}]}, {'title': 'RxSight, Inc. to Report Fourth Quarter Financial Results on February 25, 2025', 'url': 'https://www.globenewswire.com/news-release/2025/02/11/3024604/0/en/RxSight-Inc-to-Report-Fourth-Quarter-Financial-Results-on-February-25-2025.html', 'time_published': '20250211T211000', 'authors': ['Inc.', 'RxSight'], 'summary': 'ALISO VIEJO, Calif., Feb. 11, 2025 ( GLOBE NEWSWIRE ) -- RxSight, Inc., an ophthalmic medical device company dedicated to providing high-quality customized vision to patients following cataract surgery, today announced that it will report financial results for the fourth quarter of 2024 after ...', 'banner_image': 'https://ml.globenewswire.com/Resource/Download/48441335-c938-45ff-9355-ba8e331354e9', 'source': 'GlobeNewswire', 'category_within_source': 'n/a', 'source_domain': 'www.globenewswire.com', 'topics': [{'topic': 'Life Sciences', 'relevance_score': '1.0'}], 'overall_sentiment_score': 0.303015, 'overall_sentiment_label': 'Somewhat-Bullish', 'ticker_sentiment': [{'ticker': 'RXST', 'relevance_score': '0.747807', 'ticker_sentiment_score': '0.534935', 'ticker_sentiment_label': 'Bullish'}]}, {'title': 'RxSight, Inc. to Report Fourth Quarter Financial Results on February 25, 2025 - RxSight  ( NASDAQ:RXST ) ', 'url': 'https://www.benzinga.com/pressreleases/25/02/g43640337/rxsight-inc-to-report-fourth-quarter-financial-results-on-february-25-2025', 'time_published': '20250211T211000', 'authors': ['Globe Newswire'], 'summary': 'ALISO VIEJO, Calif., Feb. 11, 2025 ( GLOBE NEWSWIRE ) -- RxSight, Inc., an ophthalmic medical device company dedicated to providing high-quality customized vision to patients following cataract surgery, today announced that it will report financial results for the fourth quarter of 2024 after ...', 'banner_image': 'https://ml.globenewswire.com/media/48441335-c938-45ff-9355-ba8e331354e9/small/rxsight-globe-png.png', 'source': 'Benzinga', 'category_within_source': 'News', 'source_domain': 'www.benzinga.com', 'topics': [{'topic': 'Life Sciences', 'relevance_score': '1.0'}], 'overall_sentiment_score': 0.270548, 'overall_sentiment_label': 'Somewhat-Bullish', 'ticker_sentiment': [{'ticker': 'RXST', 'relevance_score': '0.62523', 'ticker_sentiment_score': '0.480771', 'ticker_sentiment_label': 'Bullish'}]}, {'title': 'RxSight, Inc. Announces Preliminary Unaudited Fourth Quarter and Full-Year 2024 Financial and Operational Results and 2025 Guidance - RxSight  ( NASDAQ:RXST ) ', 'url': 'https://www.benzinga.com/pressreleases/25/01/g42934976/rxsight-inc-announces-preliminary-unaudited-fourth-quarter-and-full-year-2024-financial-and-operat', 'time_published': '20250112T143000', 'authors': ['Globe Newswire'], 'summary': 'ALISO VIEJO, Calif., Jan. 12, 2025 ( GLOBE NEWSWIRE ) -- RXST - RxSight, Inc., an ophthalmic medical device company dedicated to providing high-quality customized vision to patients following cataract surgery, today announced certain preliminary unaudited financial and operational results for ...', 'banner_image': 'https://ml.globenewswire.com/media/48441335-c938-45ff-9355-ba8e331354e9/small/rxsight-globe-png.png', 'source': 'Benzinga', 'category_within_source': 'News', 'source_domain': 'www.benzinga.com', 'topics': [{'topic': 'Life Sciences', 'relevance_score': '1.0'}, {'topic': 'Financial Markets', 'relevance_score': '0.538269'}, {'topic': 'Earnings', 'relevance_score': '0.839681'}, {'topic': 'Mergers & Acquisitions', 'relevance_score': '0.158519'}], 'overall_sentiment_score': 0.158372, 'overall_sentiment_label': 'Somewhat-Bullish', 'ticker_sentiment': [{'ticker': 'RXST', 'relevance_score': '0.421485', 'ticker_sentiment_score': '0.205683', 'ticker_sentiment_label': 'Somewhat-Bullish'}]}, {'title': 'RxSight, Inc. Announces Preliminary Unaudited Fourth Quarter and Full-Year 2024 Financial and Operational Results and 2025 Guidance', 'url': 'https://www.globenewswire.com/news-release/2025/01/12/3008051/0/en/RxSight-Inc-Announces-Preliminary-Unaudited-Fourth-Quarter-and-Full-Year-2024-Financial-and-Operational-Results-and-2025-Guidance.html', 'time_published': '20250112T143000', 'authors': ['Inc.', 'RxSight'], 'summary': 'ALISO VIEJO, Calif., Jan. 12, 2025 ( GLOBE NEWSWIRE ) -- ( NASDAQ: RXST ) - RxSight, Inc., an ophthalmic medical device company dedicated to providing high-quality customized vision to patients following cataract surgery, today announced certain preliminary unaudited financial and operational ...', 'banner_image': 'https://ml.globenewswire.com/Resource/Download/48441335-c938-45ff-9355-ba8e331354e9', 'source': 'GlobeNewswire', 'category_within_source': 'n/a', 'source_domain': 'www.globenewswire.com', 'topics': [{'topic': 'Life Sciences', 'relevance_score': '1.0'}, {'topic': 'Financial Markets', 'relevance_score': '0.538269'}, {'topic': 'Earnings', 'relevance_score': '0.94762'}, {'topic': 'Mergers & Acquisitions', 'relevance_score': '0.158519'}], 'overall_sentiment_score': 0.15339, 'overall_sentiment_label': 'Somewhat-Bullish', 'ticker_sentiment': [{'ticker': 'RXST', 'relevance_score': '0.417995', 'ticker_sentiment_score': '0.206866', 'ticker_sentiment_label': 'Somewhat-Bullish'}]}, {'title': 'RxSight, Inc. to Present at the J.P. Morgan Healthcare Conference', 'url': 'https://www.globenewswire.com/news-release/2025/01/02/3003725/0/en/RxSight-Inc-to-Present-at-the-J-P-Morgan-Healthcare-Conference.html', 'time_published': '20250102T210500', 'authors': ['Inc.', 'RxSight'], 'summary': 'ALISO VIEJO, Calif., Jan. 02, 2025 ( GLOBE NEWSWIRE ) -- ( NASDAQ: RXST ) - RxSight, Inc., an ophthalmic medical device company dedicated to providing high-quality customized vision to patients following cataract surgery, today announced plans to participate in the upcoming J.P.', 'banner_image': 'https://ml.globenewswire.com/Resource/Download/48441335-c938-45ff-9355-ba8e331354e9', 'source': 'GlobeNewswire', 'category_within_source': 'n/a', 'source_domain': 'www.globenewswire.com', 'topics': [{'topic': 'Life Sciences', 'relevance_score': '1.0'}], 'overall_sentiment_score': 0.395081, 'overall_sentiment_label': 'Bullish', 'ticker_sentiment': [{'ticker': 'RXST', 'relevance_score': '0.895116', 'ticker_sentiment_score': '0.653562', 'ticker_sentiment_label': 'Bullish'}]}, {'title': 'This Nike Analyst Is No Longer Bullish; Here Are Top 5 Downgrades For Friday - Lazard  ( NYSE:LAZ ) , Biogen  ( NASDAQ:BIIB ) ', 'url': 'https://www.benzinga.com/24/12/42618959/this-nike-analyst-is-no-longer-bullish-here-are-top-5-downgrades-for-friday', 'time_published': '20241220T145923', 'authors': ['Avi Kapoor'], 'summary': 'Top Wall Street analysts changed their outlook on these top names. For a complete view of all analyst rating changes, including upgrades and downgrades, please see our analyst ratings page. BMO Capital analyst Evan Seigerman downgraded the rating for Biogen Inc.', 'banner_image': 'https://editorial-assets.benzinga.com/wp-content/uploads/2024/12/20095825/image-184-1024x568.png', 'source': 'Benzinga', 'category_within_source': 'Markets', 'source_domain': 'www.benzinga.com', 'topics': [{'topic': 'Life Sciences', 'relevance_score': '0.333333'}, {'topic': 'Financial Markets', 'relevance_score': '0.365926'}, {'topic': 'Manufacturing', 'relevance_score': '0.333333'}, {'topic': 'Finance', 'relevance_score': '0.333333'}], 'overall_sentiment_score': 0.242, 'overall_sentiment_label': 'Somewhat-Bullish', 'ticker_sentiment': [{'ticker': 'NKE', 'relevance_score': '0.490323', 'ticker_sentiment_score': '0.321751', 'ticker_sentiment_label': 'Somewhat-Bullish'}, {'ticker': 'RXST', 'relevance_score': '0.379051', 'ticker_sentiment_score': '0.047175', 'ticker_sentiment_label': 'Neutral'}, {'ticker': 'C', 'relevance_score': '0.130926', 'ticker_sentiment_score': '0.024021', 'ticker_sentiment_label': 'Neutral'}, {'ticker': 'LW', 'relevance_score': '0.379051', 'ticker_sentiment_score': '0.052508', 'ticker_sentiment_label': 'Neutral'}, {'ticker': 'LAZ', 'relevance_score': '0.379051', 'ticker_sentiment_score': '0.188526', 'ticker_sentiment_label': 'Somewhat-Bullish'}, {'ticker': 'BIIB', 'relevance_score': '0.379051', 'ticker_sentiment_score': '0.225297', 'ticker_sentiment_label': 'Somewhat-Bullish'}]}, {'title': 'Visa To Rally Over 20%? Here Are 10 Top Analyst Forecasts For Wednesday - Columbia Sportswear  ( NASDAQ:COLM ) , Intuitive Surgical  ( NASDAQ:ISRG ) ', 'url': 'https://www.benzinga.com/24/12/42440817/visa-to-rally-over-20-here-are-10-top-analyst-forecasts-for-wednesday', 'time_published': '20241211T154449', 'authors': ['Avi Kapoor'], 'summary': 'Top Wall Street analysts changed their outlook on these top names. For a complete view of all analyst rating changes, including upgrades and downgrades, please see our analyst ratings page. Keybanc raised the price target for Walmart Inc. WMT from $96 to $100.', 'banner_image': 'https://cdn.benzinga.com/files/images/story/2024/12/11/credit-card-networks-5.jpeg?width=1200&height=800&fit=crop', 'source': 'Benzinga', 'category_within_source': 'Trading', 'source_domain': 'www.benzinga.com', 'topics': [{'topic': 'Life Sciences', 'relevance_score': '0.2'}, {'topic': 'Retail & Wholesale', 'relevance_score': '0.2'}, {'topic': 'Financial Markets', 'relevance_score': '0.999897'}, {'topic': 'Manufacturing', 'relevance_score': '0.2'}, {'topic': 'Energy & Transportation', 'relevance_score': '0.2'}, {'topic': 'Finance', 'relevance_score': '0.2'}], 'overall_sentiment_score': 0.218341, 'overall_sentiment_label': 'Somewhat-Bullish', 'ticker_sentiment': [{'ticker': 'RXST', 'relevance_score': '0.234307', 'ticker_sentiment_score': '-0.112745', 'ticker_sentiment_label': 'Neutral'}, {'ticker': 'UAL', 'relevance_score': '0.234307', 'ticker_sentiment_score': '0.111858', 'ticker_sentiment_label': 'Neutral'}, {'ticker': 'COLM', 'relevance_score': '0.234307', 'ticker_sentiment_score': '0.115491', 'ticker_sentiment_label': 'Neutral'}, {'ticker': 'TRMB', 'relevance_score': '0.234307', 'ticker_sentiment_score': '0.34585', 'ticker_sentiment_label': 'Somewhat-Bullish'}, {'ticker': 'WFC', 'relevance_score': '0.308891', 'ticker_sentiment_score': '-0.018426', 'ticker_sentiment_label': 'Neutral'}, {'ticker': 'MS', 'relevance_score': '0.308891', 'ticker_sentiment_score': '-0.006952', 'ticker_sentiment_label': 'Neutral'}, {'ticker': 'V', 'relevance_score': '0.234307', 'ticker_sentiment_score': '0.354009', 'ticker_sentiment_label': 'Bullish'}, {'ticker': 'ZBIO', 'relevance_score': '0.234307', 'ticker_sentiment_score': '-0.122226', 'ticker_sentiment_label': 'Neutral'}, {'ticker': 'SNV', 'relevance_score': '0.234307', 'ticker_sentiment_score': '-0.014513', 'ticker_sentiment_label': 'Neutral'}, {'ticker': 'PHR', 'relevance_score': '0.234307', 'ticker_sentiment_score': '0.378257', 'ticker_sentiment_label': 'Bullish'}, {'ticker': 'ISRG', 'relevance_score': '0.234307', 'ticker_sentiment_score': '0.087839', 'ticker_sentiment_label': 'Neutral'}, {'ticker': 'WMT', 'relevance_score': '0.234307', 'ticker_sentiment_score': '-0.014545', 'ticker_sentiment_label': 'Neutral'}]}, {'title': "RxSight  ( RXST )  Upgraded to Buy: Here's What You Should Know", 'url': 'https://www.zacks.com/stock/news/2372971/rxsight-rxst-upgraded-to-buy-heres-what-you-should-know', 'time_published': '20241120T170009', 'authors': ['Zacks Equity Research'], 'summary': "RxSight (RXST) has been upgraded to a Zacks Rank #2 (Buy), reflecting growing optimism about the company's earnings prospects. This might drive the stock higher in the near term.", 'banner_image': 'https://staticx-tuner.zacks.com/images/default_article_images/default275.jpg', 'source': 'Zacks Commentary', 'category_within_source': 'n/a', 'source_domain': 'www.zacks.com', 'topics': [{'topic': 'Earnings', 'relevance_score': '0.997845'}, {'topic': 'Life Sciences', 'relevance_score': '1.0'}, {'topic': 'Financial Markets', 'relevance_score': '0.692272'}], 'overall_sentiment_score': 0.303631, 'overall_sentiment_label': 'Somewhat-Bullish', 'ticker_sentiment': [{'ticker': 'RXST', 'relevance_score': '0.368773', 'ticker_sentiment_score': '0.335006', 'ticker_sentiment_label': 'Somewhat-Bullish'}]}, {'title': 'RxSight, Inc.  ( RXST )  Reports Break-Even Earnings for Q3', 'url': 'https://www.zacks.com/stock/news/2367007/rxsight-inc-rxst-reports-break-even-earnings-for-q3', 'time_published': '20241108T000011', 'authors': ['Zacks Equity Research'], 'summary': 'RxSight (RXST) delivered earnings and revenue surprises of -100% and 0.47%, respectively, for the quarter ended September 2024. Do the numbers hold clues to what lies ahead for the stock?', 'banner_image': 'https://staticx-tuner.zacks.com/images/default_article_images/default170.jpg', 'source': 'Zacks Commentary', 'category_within_source': 'n/a', 'source_domain': 'www.zacks.com', 'topics': [{'topic': 'Life Sciences', 'relevance_score': '0.5'}, {'topic': 'Financial Markets', 'relevance_score': '0.266143'}, {'topic': 'Earnings', 'relevance_score': '0.999981'}, {'topic': 'Technology', 'relevance_score': '0.5'}], 'overall_sentiment_score': 0.15985, 'overall_sentiment_label': 'Somewhat-Bullish', 'ticker_sentiment': [{'ticker': 'LUCD', 'relevance_score': '0.211191', 'ticker_sentiment_score': '0.0', 'ticker_sentiment_label': 'Neutral'}, {'ticker': 'RXST', 'relevance_score': '0.407844', 'ticker_sentiment_score': '0.197254', 'ticker_sentiment_label': 'Somewhat-Bullish'}]}, {'title': 'This Six Flags Entertainment Analyst Begins Coverage On A Bullish Note; Here Are Top 5 Initiations For Tuesday - Six Flags Entertainment  ( NYSE:FUN ) ', 'url': 'https://www.benzinga.com/news/24/10/41597170/this-six-flags-entertainment-analyst-begins-coverage-on-a-bullish-note-here-are-top-5-initiations-fo', 'time_published': '20241029T121121', 'authors': ['Avi Kapoor'], 'summary': 'Top Wall Street analysts changed their outlook on these top names. For a complete view of all analyst rating changes, including upgrades and downgrades, please see our analyst ratings page. Jefferies analyst Young Li initiated coverage on RxSight, Inc. RXST with a Buy rating and announced a price ...', 'banner_image': 'https://editorial-assets.benzinga.com/wp-content/uploads/2024/10/29081035/image-295-1024x498.png', 'source': 'Benzinga', 'category_within_source': 'Trading', 'source_domain': 'www.benzinga.com', 'topics': [{'topic': 'Life Sciences', 'relevance_score': '0.25'}, {'topic': 'Financial Markets', 'relevance_score': '0.365926'}, {'topic': 'Manufacturing', 'relevance_score': '0.25'}, {'topic': 'Energy & Transportation', 'relevance_score': '0.25'}, {'topic': 'Finance', 'relevance_score': '0.25'}], 'overall_sentiment_score': 0.324977, 'overall_sentiment_label': 'Somewhat-Bullish', 'ticker_sentiment': [{'ticker': 'CRH', 'relevance_score': '0.382925', 'ticker_sentiment_score': '-0.021358', 'ticker_sentiment_label': 'Neutral'}, {'ticker': 'RXST', 'relevance_score': '0.382925', 'ticker_sentiment_score': '0.159702', 'ticker_sentiment_label': 'Somewhat-Bullish'}, {'ticker': 'BCS', 'relevance_score': '0.132368', 'ticker_sentiment_score': '-0.009759', 'ticker_sentiment_label': 'Neutral'}, {'ticker': 'EVRG', 'relevance_score': '0.382925', 'ticker_sentiment_score': '0.351013', 'ticker_sentiment_label': 'Bullish'}, {'ticker': 'QNCX', 'relevance_score': '0.382925', 'ticker_sentiment_score': '0.152039', 'ticker_sentiment_label': 'Somewhat-Bullish'}]}, {'title': 'RxSight, Inc. to Participate in Upcoming Morgan Stanley and Wells Fargo Healthcare Conferences', 'url': 'https://www.globenewswire.com/news-release/2024/08/22/2934589/0/en/RxSight-Inc-to-Participate-in-Upcoming-Morgan-Stanley-and-Wells-Fargo-Healthcare-Conferences.html', 'time_published': '20240822T200500', 'authors': ['Inc.', 'RxSight'], 'summary': 'ALISO VIEJO, Calif., Aug. 22, 2024 ( GLOBE NEWSWIRE ) -- ( NASDAQ: RXST ) - RxSight, Inc., an ophthalmic medical device company dedicated to providing high-quality customized vision to patients following cataract surgery, today announced its plans to participate in two upcoming healthcare ...', 'banner_image': 'https://ml.globenewswire.com/Resource/Download/48441335-c938-45ff-9355-ba8e331354e9', 'source': 'GlobeNewswire', 'category_within_source': 'n/a', 'source_domain': 'www.globenewswire.com', 'topics': [{'topic': 'Life Sciences', 'relevance_score': '0.5'}, {'topic': 'Finance', 'relevance_score': '0.5'}], 'overall_sentiment_score': 0.358109, 'overall_sentiment_label': 'Bullish', 'ticker_sentiment': [{'ticker': 'RXST', 'relevance_score': '0.84035', 'ticker_sentiment_score': '0.619049', 'ticker_sentiment_label': 'Bullish'}, {'ticker': 'WFC', 'relevance_score': '0.185306', 'ticker_sentiment_score': '0.0', 'ticker_sentiment_label': 'Neutral'}, {'ticker': 'MS', 'relevance_score': '0.185306', 'ticker_sentiment_score': '0.220384', 'ticker_sentiment_label': 'Somewhat-Bullish'}]}, {'title': 'Does RxSight  ( RXST )  Have the Potential to Rally 27.64% as Wall Street Analysts Expect?', 'url': 'https://www.zacks.com/stock/news/2320711/does-rxsight-rxst-have-the-potential-to-rally-2764-as-wall-street-analysts-expect', 'time_published': '20240812T135512', 'authors': ['Zacks Equity Research'], 'summary': "The mean of analysts' price targets for RxSight (RXST) points to a 27.6% upside in the stock. While this highly sought-after metric has not proven reasonably effective, strong agreement among analysts in raising earnings estimates does indicate an upside in the stock.", 'banner_image': 'https://staticx-tuner.zacks.com/images/default_article_images/default215.jpg', 'source': 'Zacks Commentary', 'category_within_source': 'n/a', 'source_domain': 'www.zacks.com', 'topics': [{'topic': 'Earnings', 'relevance_score': '0.795202'}, {'topic': 'Life Sciences', 'relevance_score': '1.0'}, {'topic': 'Financial Markets', 'relevance_score': '0.5855'}], 'overall_sentiment_score': 0.217836, 'overall_sentiment_label': 'Somewhat-Bullish', 'ticker_sentiment': [{'ticker': 'RXST', 'relevance_score': '0.286864', 'ticker_sentiment_score': '0.292013', 'ticker_sentiment_label': 'Somewhat-Bullish'}]}, {'title': 'Lithia Motors To Rally Around 14%? Here Are 10 Top Analyst Forecasts For Tuesday - Lithia Motors  ( NYSE:LAD ) ', 'url': 'https://www.benzinga.com/news/24/08/40191574/lithia-motors-to-rally-around-14-here-are-10-top-analyst-forecasts-for-tuesday', 'time_published': '20240806T140632', 'authors': ['Avi Kapoor'], 'summary': 'Top Wall Street analysts changed their outlook on these top names. For a complete view of all analyst rating changes, including upgrades and downgrades, please see our analyst ratings page. Piper Sandler cut the price target for CrowdStrike Holdings, Inc. CRWD from $310 to $290.', 'banner_image': 'https://cdn.benzinga.com/files/images/story/2024/08/06/Le-ultime-operazioni-degli-insider-cosa-.png?width=1200&height=800&fit=crop', 'source': 'Benzinga', 'category_within_source': 'Trading', 'source_domain': 'www.benzinga.com', 'topics': [{'topic': 'Life Sciences', 'relevance_score': '0.2'}, {'topic': 'Retail & Wholesale', 'relevance_score': '0.2'}, {'topic': 'Financial Markets', 'relevance_score': '0.999995'}, {'topic': 'Manufacturing', 'relevance_score': '0.2'}, {'topic': 'Real Estate & Construction', 'relevance_score': '0.2'}, {'topic': 'Technology', 'relevance_score': '0.2'}], 'overall_sentiment_score': 0.134984, 'overall_sentiment_label': 'Neutral', 'ticker_sentiment': [{'ticker': 'FRPT', 'relevance_score': '0.237358', 'ticker_sentiment_score': '0.100429', 'ticker_sentiment_label': 'Neutral'}, {'ticker': 'RXST', 'relevance_score': '0.237358', 'ticker_sentiment_score': '-0.135859', 'ticker_sentiment_label': 'Neutral'}, {'ticker': 'CRWD', 'relevance_score': '0.237358', 'ticker_sentiment_score': '-0.015611', 'ticker_sentiment_label': 'Neutral'}, {'ticker': 'EBAY', 'relevance_score': '0.159569', 'ticker_sentiment_score': '0.117459', 'ticker_sentiment_label': 'Neutral'}, {'ticker': 'EVGO', 'relevance_score': '0.080188', 'ticker_sentiment_score': '0.08804', 'ticker_sentiment_label': 'Neutral'}, {'ticker': 'AN', 'relevance_score': '0.159569', 'ticker_sentiment_score': '0.232308', 'ticker_sentiment_label': 'Somewhat-Bullish'}, {'ticker': 'EVER', 'relevance_score': '0.237358', 'ticker_sentiment_score': '-0.036648', 'ticker_sentiment_label': 'Neutral'}, {'ticker': 'LAD', 'relevance_score': '0.237358', 'ticker_sentiment_score': '0.074884', 'ticker_sentiment_label': 'Neutral'}, {'ticker': 'TSN', 'relevance_score': '0.159569', 'ticker_sentiment_score': '0.151719', 'ticker_sentiment_label': 'Somewhat-Bullish'}, {'ticker': 'AXSM', 'relevance_score': '0.237358', 'ticker_sentiment_score': '0.039023', 'ticker_sentiment_label': 'Neutral'}, {'ticker': 'PLTR', 'relevance_score': '0.159569', 'ticker_sentiment_score': '-0.023032', 'ticker_sentiment_label': 'Neutral'}]}, {'title': 'RxSight Analysts Slash Their Forecasts After Q2 Results - RxSight  ( NASDAQ:RXST ) ', 'url': 'https://www.benzinga.com/news/earnings/24/08/40187064/rxsight-analysts-slash-their-forecasts-after-q2-results', 'time_published': '20240806T121237', 'authors': ['Avi Kapoor'], 'summary': 'Rxsight Inc RXST posted upbeat second-quarter sales and raised its FY24 revenue forecast on Monday. RxSight reported quarterly sales of $34.887 million which beat the analyst consensus estimate of $32.283 million by 8.07 percent, according to data from Benzinga Pro.', 'banner_image': 'https://cdn.benzinga.com/files/images/story/2024/08/06/Stock-market-analysts.png?width=1200&height=800&fit=crop', 'source': 'Benzinga', 'category_within_source': 'Markets', 'source_domain': 'www.benzinga.com', 'topics': [{'topic': 'Earnings', 'relevance_score': '0.538269'}, {'topic': 'Life Sciences', 'relevance_score': '1.0'}, {'topic': 'Financial Markets', 'relevance_score': '0.108179'}], 'overall_sentiment_score': 0.288789, 'overall_sentiment_label': 'Somewhat-Bullish', 'ticker_sentiment': [{'ticker': 'RXST', 'relevance_score': '0.879272', 'ticker_sentiment_score': '0.502501', 'ticker_sentiment_label': 'Bullish'}]}, {'title': 'Why Palantir Technologies Shares Are Trading Higher By Around 10%; Here Are 20 Stocks Moving Premarket - Palantir Technologies  ( NYSE:PLTR ) ', 'url': 'https://www.benzinga.com/news/24/08/40180935/why-palantir-technologies-shares-are-trading-higher-by-around-10-here-are-20-stocks-moving-premarket', 'time_published': '20240806T091605', 'authors': ['Avi Kapoor'], 'summary': "Shares of Palantir Technologies Inc PLTR rose sharply in today's pre-market trading after the company reported better-than-expected second-quarter results. Palantir reported second-quarter revenue of $678.13 million, beating the consensus estimate of $652.1 million, according to Benzinga Pro.", 'banner_image': 'https://cdn.benzinga.com/files/images/story/2024/08/06/movers-image.jpeg?width=1200&height=800&fit=crop', 'source': 'Benzinga', 'category_within_source': 'Trading', 'source_domain': 'www.benzinga.com', 'topics': [{'topic': 'Life Sciences', 'relevance_score': '0.2'}, {'topic': 'Technology', 'relevance_score': '0.2'}, {'topic': 'Finance', 'relevance_score': '0.2'}, {'topic': 'Financial Markets', 'relevance_score': '0.897321'}, {'topic': 'Manufacturing', 'relevance_score': '0.2'}, {'topic': 'Earnings', 'relevance_score': '0.875462'}, {'topic': 'Real Estate & Construction', 'relevance_score': '0.2'}], 'overall_sentiment_score': 0.167346, 'overall_sentiment_label': 'Somewhat-Bullish', 'ticker_sentiment': [{'ticker': 'RXST', 'relevance_score': '0.129516', 'ticker_sentiment_score': '0.330667', 'ticker_sentiment_label': 'Somewhat-Bullish'}, {'ticker': 'BJDX', 'relevance_score': '0.129516', 'ticker_sentiment_score': '-0.236054', 'ticker_sentiment_label': 'Somewhat-Bearish'}, {'ticker': 'LYT', 'relevance_score': '0.129516', 'ticker_sentiment_score': '0.0', 'ticker_sentiment_label': 'Neutral'}, {'ticker': 'CSLR', 'relevance_score': '0.064973', 'ticker_sentiment_score': '0.248717', 'ticker_sentiment_label': 'Somewhat-Bullish'}, {'ticker': 'LUMN', 'relevance_score': '0.129516', 'ticker_sentiment_score': '0.268413', 'ticker_sentiment_label': 'Somewhat-Bullish'}, {'ticker': 'TENK', 'relevance_score': '0.129516', 'ticker_sentiment_score': '0.083285', 'ticker_sentiment_label': 'Neutral'}, {'ticker': 'UPXI', 'relevance_score': '0.129516', 'ticker_sentiment_score': '-0.29431', 'ticker_sentiment_label': 'Somewhat-Bearish'}, {'ticker': 'ZI', 'relevance_score': '0.129516', 'ticker_sentiment_score': '0.145451', 'ticker_sentiment_label': 'Neutral'}, {'ticker': 'SERV', 'relevance_score': '0.129516', 'ticker_sentiment_score': '0.041879', 'ticker_sentiment_label': 'Neutral'}, {'ticker': 'LCID', 'relevance_score': '0.129516', 'ticker_sentiment_score': '0.388843', 'ticker_sentiment_label': 'Bullish'}, {'ticker': 'MITSF', 'relevance_score': '0.064973', 'ticker_sentiment_score': '-0.317213', 'ticker_sentiment_label': 'Somewhat-Bearish'}, {'ticker': 'SSUMF', 'relevance_score': '0.064973', 'ticker_sentiment_score': '-0.317213', 'ticker_sentiment_label': 'Somewhat-Bearish'}, {'ticker': 'CNSP', 'relevance_score': '0.129516', 'ticker_sentiment_score': '-0.026681', 'ticker_sentiment_label': 'Neutral'}, {'ticker': 'ATPC', 'relevance_score': '0.129516', 'ticker_sentiment_score': '0.317787', 'ticker_sentiment_label': 'Somewhat-Bullish'}, {'ticker': 'CHGG', 'relevance_score': '0.129516', 'ticker_sentiment_score': '-0.062249', 'ticker_sentiment_label': 'Neutral'}, {'ticker': 'SMFG', 'relevance_score': '0.129516', 'ticker_sentiment_score': '-0.371462', 'ticker_sentiment_label': 'Bearish'}, {'ticker': 'SPWR', 'relevance_score': '0.129516', 'ticker_sentiment_score': '0.291958', 'ticker_sentiment_label': 'Somewhat-Bullish'}, {'ticker': 'PLTR', 'relevance_score': '0.193207', 'ticker_sentiment_score': '0.307228', 'ticker_sentiment_label': 'Somewhat-Bullish'}, {'ticker': 'CRYPTO:PAY', 'relevance_score': '0.129516', 'ticker_sentiment_score': '0.083285', 'ticker_sentiment_label': 'Neutral'}]}, {'title': 'RxSight, Inc.  ( RXST )  Reports Break-Even Earnings for Q2', 'url': 'https://www.zacks.com/stock/news/2316500/rxsight-inc-rxst-reports-break-even-earnings-for-q2', 'time_published': '20240805T221005', 'authors': ['Zacks Equity Research'], 'summary': 'RxSight (RXST) delivered earnings and revenue surprises of 100% and 8.07%, respectively, for the quarter ended June 2024. Do the numbers hold clues to what lies ahead for the stock?', 'banner_image': 'https://staticx-tuner.zacks.com/images/default_article_images/default71.jpg', 'source': 'Zacks Commentary', 'category_within_source': 'n/a', 'source_domain': 'www.zacks.com', 'topics': [{'topic': 'Earnings', 'relevance_score': '0.999953'}, {'topic': 'Life Sciences', 'relevance_score': '1.0'}, {'topic': 'Financial Markets', 'relevance_score': '0.266143'}], 'overall_sentiment_score': 0.148964, 'overall_sentiment_label': 'Neutral', 'ticker_sentiment': [{'ticker': 'TMCI', 'relevance_score': '0.207571', 'ticker_sentiment_score': '0.0', 'ticker_sentiment_label': 'Neutral'}, {'ticker': 'RXST', 'relevance_score': '0.401331', 'ticker_sentiment_score': '0.203981', 'ticker_sentiment_label': 'Somewhat-Bullish'}]}, {'title': "Down -26.04% in 4 Weeks, Here's Why RxSight  ( RXST )  Looks Ripe for a Turnaround", 'url': 'https://www.zacks.com/stock/news/2310815/down--2604-in-4-weeks-heres-why-rxsight-rxst-looks-ripe-for-a-turnaround', 'time_published': '20240729T133504', 'authors': ['Zacks Equity Research'], 'summary': 'RxSight (RXST) has become technically an oversold stock now, which implies exhaustion of the heavy selling pressure on it. This, combined with strong agreement among Wall Street analysts in revising earnings estimates higher, indicates a potential trend reversal for the stock in the near term.', 'banner_image': 'https://staticx-tuner.zacks.com/images/default_article_images/default65.jpg', 'source': 'Zacks Commentary', 'category_within_source': 'n/a', 'source_domain': 'www.zacks.com', 'topics': [{'topic': 'Earnings', 'relevance_score': '0.818451'}, {'topic': 'Life Sciences', 'relevance_score': '1.0'}, {'topic': 'Financial Markets', 'relevance_score': '0.996023'}], 'overall_sentiment_score': 0.143072, 'overall_sentiment_label': 'Neutral', 'ticker_sentiment': [{'ticker': 'RXST', 'relevance_score': '0.495015', 'ticker_sentiment_score': '0.157638', 'ticker_sentiment_label': 'Somewhat-Bullish'}]}, {'title': 'Johnson & Johnson Q2 Earnings Preview: Can New Drugs Lift Sagging Stock? - Johnson & Johnson  ( NYSE:JNJ ) ', 'url': 'https://www.benzinga.com/analyst-ratings/analyst-color/24/07/39802572/johnson-johnson-q2-earnings-preview-can-new-drugs-lift-sagging-stock', 'time_published': '20240716T190710', 'authors': ['Chris Katje'], 'summary': 'Johnson & Johnson JNJ was one of the worst-performing Dow Jones Industrial Average stocks in the first half of 2024. Investors and analysts will be looking for the company to show progress from a mixed first quarter when second-quarter financial results are reported Wednesday, July 17.', 'banner_image': 'https://cdn.benzinga.com/files/images/story/2024/07/16/Johnson-JohnsonJohnson.jpeg?width=1200&height=800&fit=crop', 'source': 'Benzinga', 'category_within_source': 'Trading', 'source_domain': 'www.benzinga.com', 'topics': [{'topic': 'Life Sciences', 'relevance_score': '0.5'}, {'topic': 'Financial Markets', 'relevance_score': '0.161647'}, {'topic': 'Earnings', 'relevance_score': '0.999162'}, {'topic': 'Finance', 'relevance_score': '0.5'}], 'overall_sentiment_score': 0.177749, 'overall_sentiment_label': 'Somewhat-Bullish', 'ticker_sentiment': [{'ticker': 'ALC', 'relevance_score': '0.184834', 'ticker_sentiment_score': '0.199404', 'ticker_sentiment_label': 'Somewhat-Bullish'}, {'ticker': 'RXST', 'relevance_score': '0.123844', 'ticker_sentiment_score': '-0.005997', 'ticker_sentiment_label': 'Neutral'}, {'ticker': 'GS', 'relevance_score': '0.123844', 'ticker_sentiment_score': '0.222497', 'ticker_sentiment_label': 'Somewhat-Bullish'}, {'ticker': 'JNJ', 'relevance_score': '0.839263', 'ticker_sentiment_score': '0.179495', 'ticker_sentiment_label': 'Somewhat-Bullish'}]}, {'title': "RxSight  ( RXST )  Loses -16.11% in 4 Weeks, Here's Why a Trend Reversal May be Around the Corner", 'url': 'https://www.zacks.com/stock/news/2300709/rxsight-rxst-loses--1611-in-4-weeks-heres-why-a-trend-reversal-may-be-around-the-corner', 'time_published': '20240712T133504', 'authors': ['Zacks Equity Research'], 'summary': 'The heavy selling pressure might have exhausted for RxSight (RXST) as it is technically in oversold territory now. In addition to this technical measure, strong agreement among Wall Street analysts in revising earnings estimates higher indicates that the stock is ripe for a trend reversal.', 'banner_image': 'https://staticx-tuner.zacks.com/images/default_article_images/default240.jpg', 'source': 'Zacks Commentary', 'category_within_source': 'n/a', 'source_domain': 'www.zacks.com', 'topics': [{'topic': 'Earnings', 'relevance_score': '0.818451'}, {'topic': 'Life Sciences', 'relevance_score': '1.0'}, {'topic': 'Financial Markets', 'relevance_score': '0.998356'}], 'overall_sentiment_score': 0.177767, 'overall_sentiment_label': 'Somewhat-Bullish', 'ticker_sentiment': [{'ticker': 'RXST', 'relevance_score': '0.48028', 'ticker_sentiment_score': '0.220312', 'ticker_sentiment_label': 'Somewhat-Bullish'}]}, {'title': 'Oculis Publishes Results of 2024 Annual General Meeting and Announces Appointments to its Board of Directors and Scientific Advisory Board', 'url': 'https://www.globenewswire.com/news-release/2024/05/30/2890455/0/en/Oculis-Publishes-Results-of-2024-Annual-General-Meeting-and-Announces-Appointments-to-its-Board-of-Directors-and-Scientific-Advisory-Board.html', 'time_published': '20240530T080000', 'authors': ['Oculis Holding AG'], 'summary': 'ZUG, Switzerland, May 30, 2024 ( GLOBE NEWSWIRE ) -- Oculis Holding AG ( Nasdaq: OCS. XICE: OCS ) ( "Oculis" or the "Company" ) , a global biopharmaceutical company purposefully driven to save sight and improve eye care, today announced the results from its 2024 Annual General Meeting held on May ...', 'banner_image': 'https://ml-eu.globenewswire.com/Resource/Download/03befe16-ebb9-4294-bf14-721da54643ba', 'source': 'GlobeNewswire', 'category_within_source': 'n/a', 'source_domain': 'www.globenewswire.com', 'topics': [{'topic': 'Life Sciences', 'relevance_score': '0.5'}, {'topic': 'Finance', 'relevance_score': '0.5'}, {'topic': 'Financial Markets', 'relevance_score': '0.977154'}], 'overall_sentiment_score': 0.172127, 'overall_sentiment_label': 'Somewhat-Bullish', 'ticker_sentiment': [{'ticker': 'AON', 'relevance_score': '0.016987', 'ticker_sentiment_score': '0.088104', 'ticker_sentiment_label': 'Neutral'}, {'ticker': 'BLK', 'relevance_score': '0.033966', 'ticker_sentiment_score': '0.052548', 'ticker_sentiment_label': 'Neutral'}, {'ticker': 'HESG', 'relevance_score': '0.016987', 'ticker_sentiment_score': '0.117005', 'ticker_sentiment_label': 'Neutral'}, {'ticker': 'RXST', 'relevance_score': '0.033966', 'ticker_sentiment_score': '0.041325', 'ticker_sentiment_label': 'Neutral'}, {'ticker': 'ALC', 'relevance_score': '0.101653', 'ticker_sentiment_score': '0.100844', 'ticker_sentiment_label': 'Neutral'}, {'ticker': 'NARI', 'relevance_score': '0.033966', 'ticker_sentiment_score': '0.041325', 'ticker_sentiment_label': 'Neutral'}, {'ticker': 'NSRGF', 'relevance_score': '0.016987', 'ticker_sentiment_score': '0.03713', 'ticker_sentiment_label': 'Neutral'}, {'ticker': 'OCS', 'relevance_score': '0.201663', 'ticker_sentiment_score': '0.131386', 'ticker_sentiment_label': 'Neutral'}]}, {'title': 'Oculis Publishes Results of 2024 Annual General Meeting and Announces Appointments to its Board of Directors and Scientific Advisory Board', 'url': 'https://www.globenewswire.com/news-release/2024/05/30/2890456/0/en/Oculis-Publishes-Results-of-2024-Annual-General-Meeting-and-Announces-Appointments-to-its-Board-of-Directors-and-Scientific-Advisory-Board.html', 'time_published': '20240530T080000', 'authors': ['Oculis Holding AG'], 'summary': 'ZUG, Switzerland, May 30, 2024 ( GLOBE NEWSWIRE ) -- Oculis Holding AG ( Nasdaq: OCS. XICE: OCS ) ( "Oculis" or the "Company" ) , a global biopharmaceutical company purposefully driven to save sight and improve eye care, today announced the results from its 2024 Annual General Meeting held on May ...', 'banner_image': 'https://ml-eu.globenewswire.com/Resource/Download/03befe16-ebb9-4294-bf14-721da54643ba', 'source': 'GlobeNewswire', 'category_within_source': 'n/a', 'source_domain': 'www.globenewswire.com', 'topics': [{'topic': 'Life Sciences', 'relevance_score': '0.5'}, {'topic': 'Finance', 'relevance_score': '0.5'}, {'topic': 'Financial Markets', 'relevance_score': '0.977154'}], 'overall_sentiment_score': 0.174395, 'overall_sentiment_label': 'Somewhat-Bullish', 'ticker_sentiment': [{'ticker': 'AON', 'relevance_score': '0.016855', 'ticker_sentiment_score': '0.088037', 'ticker_sentiment_label': 'Neutral'}, {'ticker': 'BLK', 'relevance_score': '0.033703', 'ticker_sentiment_score': '0.052489', 'ticker_sentiment_label': 'Neutral'}, {'ticker': 'HESG', 'relevance_score': '0.016855', 'ticker_sentiment_score': '0.116903', 'ticker_sentiment_label': 'Neutral'}, {'ticker': 'RXST', 'relevance_score': '0.033703', 'ticker_sentiment_score': '0.041274', 'ticker_sentiment_label': 'Neutral'}, {'ticker': 'ALC', 'relevance_score': '0.117568', 'ticker_sentiment_score': '0.105041', 'ticker_sentiment_label': 'Neutral'}, {'ticker': 'NARI', 'relevance_score': '0.033703', 'ticker_sentiment_score': '0.041274', 'ticker_sentiment_label': 'Neutral'}, {'ticker': 'NSRGF', 'relevance_score': '0.016855', 'ticker_sentiment_score': '0.037091', 'ticker_sentiment_label': 'Neutral'}, {'ticker': 'OCS', 'relevance_score': '0.200134', 'ticker_sentiment_score': '0.130568', 'ticker_sentiment_label': 'Neutral'}]}, {'title': 'Oculis Publishes Results of 2024 Annual General Meeting and Announces Appointments to its Board of Directors and Scientific Advisory Board - Alcon  ( NYSE:ALC ) , Inari Medical  ( NASDAQ:NARI ) ', 'url': 'https://www.benzinga.com/pressreleases/24/05/g39078922/oculis-publishes-results-of-2024-annual-general-meeting-and-announces-appointments-to-its-board-of', 'time_published': '20240530T080000', 'authors': ['Globe Newswire'], 'summary': 'Shareholders approved all agenda items and proposals of the Board of Directors Robert K. Warner, M.B.A. and Arshad M. Khanani, M.D., M.A., FASRS elected as members of the Board of Directors Baruch D. Kuppermann, M.D., Ph.D. and Frank G. Holz, M.D., Ph.D. appointed as members of the Scientific ...', 'banner_image': 'https://www.benzinga.com/next-assets/images/schema-image-default.png', 'source': 'Benzinga', 'category_within_source': 'News', 'source_domain': 'www.benzinga.com', 'topics': [{'topic': 'Life Sciences', 'relevance_score': '0.5'}, {'topic': 'Finance', 'relevance_score': '0.5'}, {'topic': 'Financial Markets', 'relevance_score': '0.989041'}], 'overall_sentiment_score': 0.176702, 'overall_sentiment_label': 'Somewhat-Bullish', 'ticker_sentiment': [{'ticker': 'AON', 'relevance_score': '0.016773', 'ticker_sentiment_score': '0.086023', 'ticker_sentiment_label': 'Neutral'}, {'ticker': 'BLK', 'relevance_score': '0.033538', 'ticker_sentiment_score': '0.053823', 'ticker_sentiment_label': 'Neutral'}, {'ticker': 'HESG', 'relevance_score': '0.016773', 'ticker_sentiment_score': '0.114101', 'ticker_sentiment_label': 'Neutral'}, {'ticker': 'RXST', 'relevance_score': '0.033538', 'ticker_sentiment_score': '0.041241', 'ticker_sentiment_label': 'Neutral'}, {'ticker': 'ALC', 'relevance_score': '0.116996', 'ticker_sentiment_score': '0.102543', 'ticker_sentiment_label': 'Neutral'}, {'ticker': 'NARI', 'relevance_score': '0.033538', 'ticker_sentiment_score': '0.041241', 'ticker_sentiment_label': 'Neutral'}, {'ticker': 'NSRGF', 'relevance_score': '0.016773', 'ticker_sentiment_score': '0.037067', 'ticker_sentiment_label': 'Neutral'}, {'ticker': 'OCS', 'relevance_score': '0.133562', 'ticker_sentiment_score': '0.096285', 'ticker_sentiment_label': 'Neutral'}]}, {'title': 'What Makes RxSight, Inc.  ( RXST )  a Strong Momentum Stock: Buy Now?', 'url': 'https://www.zacks.com/stock/news/2280198/what-makes-rxsight-inc-rxst-a-strong-momentum-stock-buy-now', 'time_published': '20240528T160003', 'authors': ['Zacks Equity Research'], 'summary': "Does RxSight, Inc. (RXST) have what it takes to be a top stock pick for momentum investors? Let's find out.", 'banner_image': 'https://staticx-tuner.zacks.com/images/default_article_images/default257.jpg', 'source': 'Zacks Commentary', 'category_within_source': 'n/a', 'source_domain': 'www.zacks.com', 'topics': [{'topic': 'Earnings', 'relevance_score': '0.451494'}, {'topic': 'Life Sciences', 'relevance_score': '1.0'}, {'topic': 'Financial Markets', 'relevance_score': '0.990999'}], 'overall_sentiment_score': 0.291991, 'overall_sentiment_label': 'Somewhat-Bullish', 'ticker_sentiment': [{'ticker': 'RXST', 'relevance_score': '0.592742', 'ticker_sentiment_score': '0.353022', 'ticker_sentiment_label': 'Bullish'}]}, {'title': 'Why This Top 4% Biotech Just Catapulted To A Record High', 'url': 'https://www.investors.com/news/technology/merus-stock-petosemtamab-keytruda-head-and-neck-cancer/', 'time_published': '20240524T142600', 'authors': ["Investor's Business Daily", 'ALLISON GATLIN'], 'summary': "Merus Stock Catapults To Record High After Beating Expectations In Highly Anticipated Cancer Test Investor's Business Daily ...", 'banner_image': 'https://www.investors.com/wp-content/uploads/2024/05/Stock-Merus-01-shutt.jpg', 'source': 'Investors Business Daily', 'category_within_source': 'n/a', 'source_domain': 'www.investors.com', 'topics': [{'topic': 'Life Sciences', 'relevance_score': '1.0'}, {'topic': 'Financial Markets', 'relevance_score': '0.955357'}], 'overall_sentiment_score': 0.088389, 'overall_sentiment_label': 'Neutral', 'ticker_sentiment': [{'ticker': 'RXST', 'relevance_score': '0.108466', 'ticker_sentiment_score': '0.323755', 'ticker_sentiment_label': 'Somewhat-Bullish'}]}, {'title': 'Guardant Soars On A Key Colon Cancer Win; Exact Sciences Dives', 'url': 'https://www.investors.com/news/technology/guardant-health-stock-fda-advisory-committee-blood-based-colon-cancer-screening-test-shield/', 'time_published': '20240524T130300', 'authors': ["Investor's Business Daily", 'ALLISON GATLIN'], 'summary': "Guardant Health Stock Rockets After FDA Panel Recommends Approval For Blood-Based Colon Cancer Test Investor's Business Daily ...", 'banner_image': 'https://www.investors.com/wp-content/uploads/2017/09/Stock-drugResearch01-adobe-.jpg', 'source': 'Investors Business Daily', 'category_within_source': 'n/a', 'source_domain': 'www.investors.com', 'topics': [{'topic': 'Life Sciences', 'relevance_score': '1.0'}, {'topic': 'Financial Markets', 'relevance_score': '0.977154'}], 'overall_sentiment_score': 0.210001, 'overall_sentiment_label': 'Somewhat-Bullish', 'ticker_sentiment': [{'ticker': 'GH', 'relevance_score': '0.421485', 'ticker_sentiment_score': '-0.214224', 'ticker_sentiment_label': 'Somewhat-Bearish'}, {'ticker': 'RXST', 'relevance_score': '0.146916', 'ticker_sentiment_score': '0.369194', 'ticker_sentiment_label': 'Bullish'}, {'ticker': 'EXAS', 'relevance_score': '0.421485', 'ticker_sentiment_score': '-0.339', 'ticker_sentiment_label': 'Somewhat-Bearish'}, {'ticker': 'PFE', 'relevance_score': '0.146916', 'ticker_sentiment_score': '-0.11025', 'ticker_sentiment_label': 'Neutral'}]}]}
[DEBUG][AlphaVantage] Parsed 5 articles for RXST
✅ Got 5 Alpha Vantage news articles for RXST
[DEBUG][Reddit] Raw response for RXST: 200 {"kind": "Listing", "data": {"modhash": "", "dist": 2, "facets": {}, "after": null, "geo_filter": "", "children": [{"kind": "t3", "data": {"approved_at_utc": null, "subreddit": "stocks", "selftext": "New trader here but definitely enjoying the chasm of knowledge I'm falling into. Just a disclosure I've already bought 40 shares of RXST but wanted to get peoples thoughts on the company and medical stocks in general. As a myope I've definitely been considering their implantable lenses and I think t
[DEBUG][Reddit] Parsed 2 articles for RXST
✅ Got 2 Reddit posts for RXST
✅ Got 8 Finnhub news articles for RXST
[DEBUG][YahooFinance] Raw response for RXST: 429 Too Many Requests

2025-07-10 15:48:57,876 | ERROR    | ERROR | trading_errors:0 | get_yahoo_finance_news error for RXST: 429 Client Error: Too Many Requests for url: https://feeds.finance.yahoo.com/rss/2.0/headline?s=RXST&region=US&lang=en-US
ERROR:trading_errors:get_yahoo_finance_news error for RXST: 429 Client Error: Too Many Requests for url: https://feeds.finance.yahoo.com/rss/2.0/headline?s=RXST&region=US&lang=en-US
✅ Got 0 Yahoo Finance news articles for RXST
[DEBUG] Filtered 7 stock-specific news articles for RXST (from 15 total)
[DEBUG] News source counts: Reddit=2, Benzinga=1, Finnhub=1, Yahoo=3
🔍 Using Ollama (local) for sentiment analysis...
📝 News content being analyzed:
   Stock-specific news: 7 articles
   General news: 0 articles
   Total weight: 21.0
   News text length: 43311 characters
🔍 Ollama response for sentiment analysis:
   Content: Here is a summary of the discussion in the format requested:

{
    "sentiment_score": -0.5,
    "confidence": 0.8,
    "summary": "Investors are discussing RxSight (RXST) and its potential for growth, with some expressing concerns about the company's revenue warning and declining sales. Others are sharing their own experiences with the company and its products, such as implantable lenses. Some users are also asking for advice on whether to buy or sell the stock."
}...
   Content length: 470
⚠️ Direct JSON parsing failed: Expecting value: line 1 column 1 (char 0)
✅ Parsed JSON from simple extraction: {'sentiment_score': -0.5, 'confidence': 0.8, 'summary': "Investors are discussing RxSight (RXST) and its potential for growth, with some expressing concerns about the company's revenue warning and declining sales. Others are sharing their own experiences with the company and its products, such as implantable lenses. Some users are also asking for advice on whether to buy or sell the stock."}
✅ Saved loser RXST (3/3)
[DEBUG] Saved market movers to database: 3 gainers, 3 losers
[DEBUG] Successfully preloaded 6 stock analyses in 67.24 seconds
[DEBUG] Finished background preload_stock_data()
/Users/rick/Desktop/stuff/code_projects/IBS/trading/.venv/lib/python3.9/site-packages/urllib3/__init__.py:35: NotOpenSSLWarning: urllib3 v2 only supports OpenSSL 1.1.1+, currently the 'ssl' module is compiled with 'LibreSSL 2.8.3'. See: https://github.com/urllib3/urllib3/issues/3020
  warnings.warn(
Traceback (most recent call last):
  File "/Users/rick/Desktop/stuff/code_projects/IBS/trading/src/web/app.py", line 11, in <module>
    from src.data.data_fetcher import DataFetcher
ModuleNotFoundError: No module named 'src'
